0.1


0.909057 0.996054 0.0715529 0.994328 0.755636 0.0478202 0.295002 0.00140267 0.0176052 0.999948 0.604425 0.000200515 0.0154773 0.99848 0.00046016 0.987787 
0.0108266 0.269752 0.0529453 0.999331 0.326961 0.544569 0.899749 0.0332007 0.650493 0.31905 0.627713 0.241738 0.00403103 0.00292814 0.964501 0.039998 
0.0971105 0.0903214 0.0995006 0.103458 0.0970264 0.0889927 0.111488 0.100692 0.120281 0.0911297 


0.053837 -0.218346 -0.136618 -0.661594 0.240154 0.734653 0.747397 -0.144016 0.826969 1.06206 0.739755 0.484308 0.116467 -0.60055 -0.908324 -0.507433 
-0.342337 0.778371 -0.802357 0.247481 -0.612904 0.939942 -0.824737 -1.06038 -0.465198 0.373788 0.164085 -0.278285 -0.333391 -0.0124125 0.275912 1.02108 
-1.00669 -0.827803 -0.3688 -0.114387 -0.41927 -1.11261 -1.01623 -0.707105 -1.72391 0.306603 


-0.301726 -1.85658 0.456955 -1.07697 -2.19349 -0.35919 -0.106655 -0.715268 0.334177 1.02163 -2.92056 0.703423 0.822989 -0.612155 -2.00433 1.56615 -0.814937 2.51421 -0.73607 -0.40994 -0.0721012 1.13063 -1.48497 -0.876085 -0.424817 0.376284 0.891454 -0.891827 -0.385693 -0.211643 -0.510042 -0.652525 0.598815 -0.321899 -1.08735 -0.376185 -0.0925468 -0.0595271 1.4958 0.407188 0.554149 -1.81724 0.589072 -0.662018 -0.190456 -1.33663 -1.68701 -0.957566 -0.518916 -1.01227 -2.08954 0.479756 0.0863998 0.744321 1.45585 0.100312 -0.255832 1.41262 0.631385 0.524886 1.40974 -0.322665 -0.0266001 0.891082 -0.723232 -0.855548 -0.00461872 -0.688767 -0.701739 1.36482 1.17191 0.241411 0.178384 0.0620382 0.66117 -0.978948 -0.405684 -0.0520164 0.679248 0.539274 -1.09903 0.00799218 0.229329 1.00524 0.00853227 0.283053 -0.282179 -0.419473 0.374032 0.437286 -0.198524 -0.876355 0.958978 -0.516055 1.0294 0.249348 0.832938 -0.421953 -0.14254 -1.86898 -0.376628 -1.63801 0.402811 0.540019 -0.747889 0.0955509 0.889331 -0.709866 -0.950185 -0.815939 -0.332377 -0.686963 -0.400352 0.237458 -0.212793 -0.119047 0.131261 1.30217 0.923517 2.59605 0.153926 1.17219 -1.43702 -0.909648 0.734544 0.581772 -0.317529 0.29589 0.639587 -0.610684 1.21404 1.67036 -0.263061 -0.758248 -0.552777 0.517699 0.00429599 0.50245 -0.849646 1.01163 1.54256 -0.319971 2.16369 0.0960621 -1.0829 -0.400252 0.415463 -0.150603 -1.39332 0.0145395 1.31909 1.38043 -1.91296 -0.079995 -0.654798 0.190319 -0.593068 0.947619 -0.607656 -1.40835 -0.882546 1.28218 -1.11964 -1.51404 -0.383683 0.86497 -1.06676 -1.67751 -0.435843 0.237199 -0.29085 -1.62143 -0.925164 1.15025 -0.513785 -1.62364 -0.0514159 0.941463 -1.44035 1.32 -0.382452 -1.37644 -0.471038 0.90242 2.2092 -0.409035 -0.203103 0.629645 0.172218 0.132555 0.465981 -1.42346 0.141715 -0.236278 1.8608 0.601338 0.283929 0.881056 -1.26395 -1.11265 -0.796811 1.08601 -1.57344 -0.00554837 -0.224285 1.19558 0.989931 -0.544023 -0.711675 1.25393 -0.395981 0.176466 0.715867 -0.198989 1.888 0.236664 -0.836275 0.357965 -0.604733 -1.45771 0.926614 -0.149484 -0.15511 0.584401 -0.726311 -0.819689 0.624465 -0.569491 0.0030205 1.1531 -1.27814 2.04977 1.82596 -1.22137 0.862922 -1.21208 0.997281 0.386625 -0.745188 1.09201 0.795165 -0.401718 0.367617 1.12476 -1.6693 -0.384741 0.830203 0.200302 -0.498751 1.04369 0.455999 1.68368 -0.0413897 -0.720663 -0.2845 0.572492 -0.947978 -1.21471 0.726845 -0.739792 -0.704143 1.00955 0.0121465 -2.10054 -0.548277 -0.470625 1.19771 -1.37504 -0.939661 -0.816494 -1.64866 0.809906 -0.417019 1.49417 0.397419 0.343668 1.61237 -0.217304 0.958283 -0.612553 -0.886813 0.387905 -1.23584 0.160109 -0.0556836 0.228443 0.444398 -0.804423 -0.995864 1.07061 2.19712 0.45773 0.550896 0.490684 1.7514 -0.409013 1.19424 1.31517 -0.301227 0.16172 -0.625995 -0.510555 0.850618 0.321616 1.60779 -0.321013 0.1962 0.909307 0.880816 0.0665545 -0.834259 -0.161483 -0.188425 -0.0874055 0.0741068 -0.0948083 0.244213 -0.358449 -1.01893 -0.667332 -1.37186 0.050529 -0.676868 -0.754089 -1.08494 1.02151 -0.0327136 -1.34147 0.946746 0.698989 -0.578533 -0.988537 1.76289 -1.46925 0.96499 2.85341 -0.947682 -0.0427279 -0.403108 1.01992 -0.227903 -0.761572 -0.0767872 1.30747 -0.427099 0.441466 1.70875 -0.228037 0.159935 0.660656 -0.612614 -1.2378 -0.753574 -0.203588 -1.15414 0.101362 -0.316466 -1.10073 0.956333 0.489186 0.0689195 -0.582527 0.153138 0.85005 0.168766 0.381917 0.159949 -1.02833 -0.536881 -1.36372 2.22189 -1.24803 -0.0696252 0.824674 -0.470846 2.33373 1.21343 1.00396 0.916195 0.439967 0.356949 -0.175769 -0.1717 -1.04432 0.665051 -0.0483725 -0.664121 -0.729628 0.328874 0.0412883 -0.827241 1.35579 1.61767 0.183002 -0.743974 -0.247711 -1.94608 2.07953 -0.748195 2.04377 -1.65768 -1.80183 1.61286 1.07503 0.715239 -0.396728 -1.00602 0.469995 0.0621741 0.144957 -0.0188412 0.140932 0.662014 -0.45496 -0.582213 0.289831 -0.388221 -2.08221 -0.13633 0.922613 -0.841511 0.4227 -0.103184 -0.178122 0.708605 -0.0110639 0.445543 0.548945 -1.37994 -0.509232 -0.936097 0.0390381 0.17819 0.0816269 -0.523524 -0.911799 0.669255 0.739158 0.0937332 -0.09084 1.10047 -0.753501 -0.0799092 -0.0452068 -1.41743 0.91354 -0.0482294 2.28042 -0.972478 0.747019 0.903585 -0.829283 -2.62627 0.0238066 0.0801046 -0.424857 -0.7898 -0.377293 -1.70771 0.211184 -0.310653 -0.895309 -1.44178 1.60045 0.238837 -1.37288 -0.293787 -0.0808014 -0.552996 -0.473167 1.60567 -0.0202103 0.748273 -0.152179 -0.526562 0.0958584 2.18073 -0.50364 1.0565 -0.433422 0.161865 -0.20732 0.772119 -0.339486 1.27524 1.07463 0.391462 0.0422013 -0.509403 -0.77299 -1.17956 -0.669011 -0.56016 -0.000621646 1.59822 0.301761 -0.19794 -0.769044 -1.76334 -0.818596 1.11053 0.238194 -0.402746 -2.09429 0.885083 -1.80967 -0.199641 -0.0707912 1.70927 -1.35449 0.574619 0.739962 -0.271256 -1.7416 -1.31749 -0.737825 -1.63258 -0.417228 -0.531817 -0.378925 0.505755 -0.0472534 -1.02687 1.38764 -0.576683 1.29773 2.25766 -0.470226 1.39762 -0.137474 0.428527 -1.38836 -0.285041 0.295431 -0.501051 0.196028 0.344409 -0.596521 0.158052 2.46202 -0.575457 -0.750319 1.08846 1.54488 0.591416 -1.61276 0.359688 -0.692411 0.688995 -0.025301 1.52043 1.41422 -1.81837 0.638993 -0.910225 0.487383 1.7256 -0.458266 2.09723 2.76985 -0.376912 -0.111407 1.51692 0.770172 0.297857 0.66877 0.0136731 0.0298637 0.141737 -1.41914 0.423319 0.431589 -1.21333 0.733358 1.92119 -0.910918 -2.56544 -0.0772103 -0.670013 1.24482 0.161447 -2.6632 -0.290101 0.275041 0.659916 -1.42293 -1.95887 0.540238 -0.347269 -1.03856 -2.35575 -0.380601 0.9644 -1.27387 2.09829 0.614328 -2.04689 0.827337 0.479608 0.11092 0.285409 -2.49475 -0.415842 0.321601 1.8365 0.305447 -0.371239 -0.0758348 -1.95184 1.63575 -1.28113 1.16444 1.05109 0.73705 -0.301689 -0.936913 -0.812703 -0.711281 0.637551 -0.334559 0.0539734 -1.10106 0.26363 -0.08547 0.589004 1.47477 0.131619 -1.60723 0.116543 0.53924 0.77631 -0.939886 -0.321825 -0.116033 -0.690036 -0.261446 -0.761354 0.127715 0.839211 -1.00947 0.126552 0.115374 0.445136 -1.70181 1.34551 1.3305 0.625618 -0.29741 -0.558807 -0.272343 -0.771873 2.19101 0.66896 0.392978 -0.470008 2.36522 0.230389 1.28748 2.08971 0.618558 0.638951 0.83498 -0.416736 -1.13686 0.632945 -0.339664 -0.198337 -0.237585 0.424975 -0.432372 -0.515521 -2.18362 -0.419407 1.62892 -1.2537 -0.263526 -1.25326 0.543941 -1.37961 -0.337841 0.346106 -0.362581 -2.61491 -1.89112 -1.01492 -1.14626 -1.23547 -0.117245 -0.626096 1.95166 -0.074516 1.14372 -1.65986 0.143505 -1.62207 -1.90544 -0.0389775 -1.51357 0.788767 0.467954 0.803772 -0.540024 -1.05815 1.07823 0.220693 0.697797 0.620691 -0.606671 2.11209 -0.566238 0.128457 -0.265479 1.60962 -0.361061 -0.276014 -1.16767 1.13284 -0.645359 -0.150246 1.30083 1.52278 -0.512696 -0.773939 0.274713 -0.0604301 -0.724902 1.43918 1.10744 -0.618096 0.307207 2.12528 0.436303 -0.472066 -0.348185 -0.590832 -0.356633 -0.490239 -0.233799 -0.549508 0.215938 -0.269556 -0.310663 -0.291062 0.865 -0.100666 -1.57781 0.0994182 0.275742 -0.564302 -1.23387 0.658179 -1.02874 -1.3163 1.42114 0.895225 -1.4585 -1.03614 -0.103906 0.242944 -0.543844 -0.236878 1.11299 1.50344 -0.492374 0.284152 0.405907 0.0931739 0.885481 -1.15102 -0.307675 1.25356 0.764494 -1.75469 2.90134 -0.0603511 1.10307 -0.701715 -0.293595 0.350484 1.50499 -0.0732717 0.113937 -1.23362 0.515825 
-1.51919 0.815573 -0.210414 0.182985 -0.752318 0.573175 -0.0789906 -2.0764 -1.39883 -0.11952 1.43879 -1.26458 1.18487 -1.43345 1.29966 -0.877332 -0.405258 -1.39428 1.31494 1.91638 0.860004 -0.301233 0.88661 -0.452671 1.49959 -0.962921 0.0565221 0.477229 -1.31769 0.503535 0.925338 -0.664606 0.517556 0.984785 0.507899 -0.123161 0.411064 -0.90583 -0.504966 -0.73597 -0.790951 -0.947585 -0.446818 -1.21511 0.510518 0.265912 -0.0557405 0.175711 -1.25385 -1.76227 1.29545 0.68443 1.14238 -1.87312 2.81005 -0.221059 0.253366 -0.132269 1.92019 -1.51258 2.60621 0.201727 -0.0566228 0.180549 2.0618 -0.679946 0.213399 0.477204 2.68809 -0.467196 -1.38792 1.62047 -0.0782711 0.45633 0.0264673 -1.19923 0.123465 0.181036 -0.394523 0.108426 -1.53749 0.251883 -0.640195 -0.933967 0.142885 0.0865052 -2.88194 -2.08017 0.775645 -1.34839 -0.942266 0.439594 1.17884 -1.29823 -0.029674 0.697451 1.62211 -0.930115 1.15114 0.559279 0.567327 -0.263825 0.766677 -1.86167 1.67302 -0.0618964 -1.12617 2.34226 -0.507398 -0.102067 -0.750913 1.63498 -0.978576 1.1056 0.741505 1.81357 -0.378334 0.601424 -0.183832 0.717516 0.11636 0.262173 -0.500894 0.687871 -0.747748 0.395369 -1.79733 -0.157333 -1.40097 -1.4667 -0.251035 -1.69961 0.400709 0.351969 -1.73718 1.03844 0.042402 1.02982 -1.38149 0.86895 -0.328197 -0.444664 1.44428 -0.889558 0.092213 1.06309 -0.914934 -0.452441 -0.617949 0.242131 -0.175991 0.399828 -0.697154 -0.562977 -0.772756 -1.56434 0.267977 -0.5076 0.664917 -0.745986 -1.42992 0.805272 0.592798 -1.1393 0.538212 -0.834381 -0.721514 0.325451 -0.514107 -0.554731 -0.355174 0.242847 0.603848 -0.905102 0.890094 1.34959 -2.18803 -0.228881 -0.368087 -1.06681 0.0120377 -0.308203 0.166014 0.314043 -1.89825 -0.659965 0.866629 -1.23279 0.590573 0.112749 1.87254 0.219291 -1.10895 -1.83067 0.049114 -0.808879 1.07728 1.1924 0.139828 1.84718 1.62729 0.62018 -1.12472 1.40068 -1.61894 0.492191 2.5525 -0.899784 1.30319 0.368116 1.63371 1.29149 0.88006 -1.92303 0.754916 -1.14177 0.253187 -0.493695 -0.0176745 -0.104038 0.538325 0.588107 -2.08204 -0.296692 -0.172588 1.27566 1.08634 -0.957702 0.801708 0.34156 0.094935 -0.58611 -0.830027 -0.196645 0.476061 -0.225927 0.557742 0.750035 -1.58206 -0.412495 -0.555194 0.145696 -1.12547 -0.148837 0.216369 -0.726463 0.251169 -1.30375 0.845198 -0.256018 0.400468 0.685394 1.11091 1.72441 0.793408 1.00608 -0.503786 0.575952 2.03606 -0.676451 -0.260399 -0.583131 -0.2825 -0.948194 -0.497433 0.467774 -0.685261 -1.53713 1.662 0.776003 -0.670925 2.86851 0.081692 0.337878 -0.10301 2.29682 0.150865 1.12371 -1.02887 -0.788824 -0.992667 -0.439762 -0.226683 0.0580761 0.324387 0.199808 -1.67768 1.50742 -0.490054 0.205368 -0.112629 -0.402025 1.07761 0.124072 -0.699316 0.121552 0.828537 0.558576 -0.278642 0.353536 1.32804 0.223245 -0.284673 0.157584 -1.12396 -0.427848 1.15927 0.777403 0.237943 -1.16285 -1.56599 0.800325 0.467046 -1.03592 1.2528 0.98345 0.598051 0.907727 -0.0499073 -0.0160601 1.20103 -1.59929 -2.20816 -0.809527 -0.0180716 0.0130456 1.01828 -0.242885 1.05246 1.63973 0.356328 -0.17904 -0.450356 -1.24241 0.71762 0.428868 0.0593542 -2.07716 0.65606 -1.46868 -0.355342 -0.981533 -0.788816 0.780477 0.398548 0.506284 -0.754743 0.086093 0.0534752 1.21534 1.45699 -0.513047 1.43628 0.191299 -1.67503 1.11995 0.308454 0.797677 -0.240878 -0.36101 0.711688 0.185898 0.203035 -0.182113 0.984778 0.206766 0.379521 -0.131113 0.63151 -0.486305 -1.66608 -1.08422 0.47558 0.990107 -0.922946 0.0672937 1.12064 0.93949 -0.201653 -0.283669 -1.11263 0.32007 -0.754674 -1.28244 0.45707 0.975617 -0.437354 1.79215 -0.0704078 0.270643 -0.732424 2.40469 1.07038 1.47676 -0.207699 -0.553588 -1.06792 -0.705653 0.345415 0.752437 0.56985 -0.454722 -0.810562 -0.590133 0.478227 0.18282 1.89346 0.558381 0.381848 0.473038 0.57352 0.44611 -0.65965 -2.3486 2.30302 -0.240366 -0.978948 -0.543134 1.51424 0.234043 0.621094 1.75316 0.936243 -0.223003 -0.935065 -0.448816 -0.8272 -1.73384 -0.384577 0.00420239 -0.37079 -0.0397879 -0.515095 0.250815 1.71172 0.449671 0.67341 -1.48549 -0.141778 0.431421 0.317532 -0.459364 0.913716 2.26742 -0.867475 0.300041 -0.605319 -0.746159 0.909579 -1.4126 -0.202195 -1.89221 -0.834291 -1.07617 -1.38252 -0.655088 -0.593591 -0.751174 1.32819 0.00159647 0.457694 1.21142 0.847252 1.65328 -1.35395 -1.43255 -0.314804 0.317237 -0.56068 0.24002 0.0363969 -1.01148 -1.8845 1.66193 0.276273 0.832707 1.19802 -0.697294 1.14093 0.634696 -1.38527 0.317299 0.448008 0.374018 -1.56996 -0.794405 -0.425402 0.717217 -0.534025 -0.2878 1.2269 -0.246441 -0.971342 -1.4102 -0.58972 -1.21882 -0.934132 0.212277 1.04021 -1.3375 1.15163 -0.226903 -0.680223 -0.583355 0.496132 0.698841 0.246231 0.503055 -0.35326 -0.830718 -0.190052 -2.21663 0.159288 0.572932 0.101677 0.428585 0.927508 -1.36466 -0.483 1.09279 0.932739 1.23397 -0.647348 0.593796 -1.94611 -0.0315884 -0.939723 -1.8901 -0.126991 0.213794 0.318811 -0.5507 0.642534 0.484496 0.378662 -0.310225 -0.192121 0.402695 0.321019 0.329424 0.403401 0.00503736 0.70775 -1.06766 -1.29752 -1.12203 -0.508396 1.42948 -0.074123 -0.375807 -0.488626 0.138347 0.541119 2.22978 -0.293609 0.176231 -0.0219793 0.958755 0.317135 -0.927118 0.707381 -0.149859 -0.145865 0.371969 1.18021 -0.341044 -1.59129 -0.680225 -2.06228 0.707713 -0.302846 1.26541 -0.877848 0.539264 -0.339682 -0.371465 0.715062 -0.218553 0.931663 -1.73435 -1.25034 1.35057 0.174716 -1.84279 2.04006 -1.02486 0.31795 1.69413 0.624819 -1.3076 -0.722176 0.755386 0.302347 0.1904 2.71558 -0.607457 -0.726375 1.55976 0.344839 0.545242 -1.82777 -1.8178 1.26989 1.32223 -2.12713 -2.14763 0.166193 1.35556 0.00233893 0.918695 1.32722 0.639738 0.501376 -0.228647 1.11799 -0.0947184 -0.828902 -1.5393 0.259497 0.672905 1.34296 0.177404 -0.255108 -0.545031 -0.684427 -0.317177 1.3079 0.285827 0.458164 0.936881 1.28192 0.772925 -0.829888 -0.869525 -0.644187 -0.575236 0.377819 -0.451663 -0.37388 -0.0107427 -0.594316 2.39281 0.0281887 -0.0923306 0.460161 -0.517779 0.12772 0.20439 1.09614 0.0663486 -0.0679484 -0.266207 -1.28034 -1.96582 1.00188 -0.808272 1.98292 0.103623 0.34074 -0.0514523 -0.394491 -1.74084 0.360417 -0.821926 1.01771 -0.324945 -0.306005 0.465198 -0.840087 -0.632223 1.93089 1.27245 -0.0387117 1.24282 -1.08425 -0.65547 -0.259189 -0.727154 1.13256 -1.65778 -0.428399 -0.413679 0.127764 0.0697355 0.444963 -0.709951 -0.249564 -0.823824 1.82908 -0.799988 1.45935 -0.745019 0.195874 -1.11418 0.866908 -1.35996 -1.18226 -0.292035 1.01327 0.516858 -0.724584 -0.555564 0.905858 0.413219 0.22934 0.863073 0.32499 -0.26947 -0.499026 0.0549979 -0.917859 -0.0629432 0.504799 -1.54208 1.64641 0.758794 0.802806 1.32275 -0.97754 0.672463 0.543328 0.474794 -0.733502 1.19286 -0.20356 0.288631 -0.997659 -0.450323 0.288788 0.963977 -0.7024 0.530767 0.167241 -0.22645 1.86175 0.494528 0.268974 -1.92558 0.126826 1.00887 -0.471185 2.29306 -0.340789 0.148948 0.108928 1.15114 -0.740315 1.80919 -0.996125 -1.32629 -0.116703 0.11684 0.026319 2.05933 -0.632131 0.00665684 1.18181 0.732969 -1.60345 -2.26714 -0.328394 -1.35003 -0.424567 -0.856533 -0.361219 -1.57105 0.320572 -0.148196 0.719468 -0.579911 -0.422352 -0.0885276 -0.606847 1.33532 -0.23413 1.36634 -0.219732 -0.769158 0.769025 -0.598133 1.12843 -1.11713 -1.12638 -0.658907 
-2.04617 0.67325 -0.885284 0.229719 -0.553559 -0.17125 0.185475 -0.0844564 -0.614784 -1.23536 -0.978538 -1.02957 2.33336 0.476518 -0.0611503 -2.10482 -0.498771 -0.844272 0.34841 0.567535 0.172257 2.04855 0.652376 0.126958 -0.0546457 -0.677447 1.3079 0.785688 -1.36646 0.628883 -1.42451 -0.927931 0.206479 0.174716 1.89081 -0.200653 1.18995 0.905862 1.655 -0.879897 1.10439 -0.296291 -1.2643 0.315683 -0.795054 0.731471 0.94524 0.464338 0.43655 1.03793 0.131237 -2.12231 -1.21718 -0.0205138 0.971659 -0.17561 0.836728 0.567822 1.61398 -0.206557 0.645578 -0.5412 -1.51478 0.023181 0.540631 -0.246329 -0.10204 -0.452554 -0.48904 0.228133 1.56325 -1.47726 1.54636 1.29156 1.57379 0.719843 -0.115714 -1.78081 0.147167 -0.953064 -1.17557 -1.89619 -0.570676 1.62201 1.43659 -0.877136 -0.0395941 -0.0973054 0.248401 -1.13263 0.800968 -0.340583 0.208412 -0.703095 0.507841 -1.2012 -0.0404954 -1.26896 1.01076 -0.981351 -0.27842 -0.974724 -1.08468 -0.203972 0.242812 -0.594992 0.154488 -1.59211 0.612319 0.57493 0.0558225 -0.0907973 -0.109563 0.675051 -1.62438 -0.0934797 0.462574 -0.176522 1.00881 0.980426 -0.19231 -0.359705 -0.447638 0.971423 -0.137265 0.180189 0.368768 -0.0242642 -0.3031 0.476881 1.77181 1.1804 0.221093 -0.842751 -0.210133 0.606049 -1.84745 1.28997 -1.18461 1.66455 -0.348469 0.779356 -0.137471 0.801259 1.80964 0.170853 -0.00227602 -1.49249 -1.23033 -0.652963 -0.636997 0.665971 -0.373657 -0.396552 -0.68271 0.0512475 0.429681 0.456696 -1.10455 0.763962 0.57232 -0.23327 -0.125955 -0.671991 -0.654833 1.37492 0.519758 0.501203 -2.80881 -0.551589 -0.410028 -0.503124 -0.863468 1.67604 0.429763 1.64879 2.27223 0.201199 -0.479696 0.906373 -0.371912 1.74667 0.240177 -1.41597 0.210822 -0.638328 -1.3865 0.326714 -1.90307 -1.74943 -1.37624 1.67655 -0.111329 -0.900829 -0.457867 -1.19291 0.442064 0.756033 1.8676 1.01694 1.59928 0.0454071 -0.0414778 0.853486 -0.23613 -0.992446 -1.74013 -0.675487 -0.942156 -1.2077 -0.661828 -0.696063 -0.558096 1.32425 0.140101 1.14926 1.19189 -1.74244 1.23885 0.0483886 0.226327 1.65299 0.123528 1.08083 -1.12335 1.42419 -0.0826427 -1.20814 -0.0655168 -0.0634269 1.86289 0.404877 -0.609137 0.0538262 -0.164024 -0.837083 -0.184131 0.232646 -1.29509 1.37693 -0.971965 -0.847774 0.277958 0.0813181 1.64164 0.371151 -1.64429 0.569396 1.28098 -0.351042 -0.620217 0.908443 0.633747 1.81852 1.27284 -1.03096 -0.928513 -0.174014 -1.44915 -0.963244 1.04665 -0.280181 -0.875443 -0.718257 0.165196 1.17095 1.24508 0.261821 -0.948618 -0.482799 -0.339776 0.941438 2.7189 -0.336443 -0.304548 -0.544026 -1.39357 -0.892709 -1.98442 -0.876491 1.35999 1.43173 0.154613 -0.623295 -0.502722 -0.855557 0.957151 -0.109706 1.52012 0.238553 -0.951985 -0.252122 1.30846 1.0718 1.48755 -0.450047 -0.52775 0.583871 -0.119799 -1.80134 0.979027 -0.325874 -0.623608 1.80619 0.0915239 0.21935 1.36583 0.885784 0.261561 1.40964 1.37576 0.642753 -0.0656293 1.20993 -0.128603 -0.227637 0.126371 2.81122 -1.11304 -0.369651 -1.47529 -0.192601 -0.17669 -0.927439 -0.381821 -0.260659 -0.647069 1.70204 0.588728 1.02124 1.13082 -1.14499 -0.616299 0.578173 0.102337 -1.63334 1.18423 -0.157538 0.517347 -0.312622 -2.26077 0.451917 1.17985 -1.38641 -0.314132 0.7406 -0.95491 1.13555 0.19667 -0.345289 -0.0456501 -0.785928 0.607618 0.255487 1.55118 0.600595 -0.990835 -0.957225 1.30765 0.755203 -0.469922 -0.584968 -1.35446 0.158864 -0.251153 1.01544 0.602996 -0.231054 -0.166336 1.03397 0.135691 0.419065 0.151171 0.45359 -0.10895 0.441715 0.954386 -1.04777 1.40423 0.230133 -1.36403 -0.226602 -0.548276 -2.01335 1.63018 -1.35566 0.0725483 0.669989 0.309835 0.773821 -1.09444 0.46904 -1.28284 -0.550926 1.04027 -0.5101 -0.361344 1.26261 0.711448 2.15722 1.60713 0.866436 2.21741 -1.32889 -0.164392 0.76156 -1.10282 -0.661377 1.36652 -0.382291 -2.2257 -1.70845 2.05154 0.266644 1.36499 -0.764796 -0.165454 1.2519 -1.54931 1.02815 -1.5489 0.573805 -0.0995673 0.981205 0.160396 -1.70735 -1.45827 -0.618659 -0.809608 0.462702 -0.143548 -0.846451 0.175725 -0.646039 0.28983 0.416787 -0.549826 -0.519898 0.389752 -0.782127 0.349928 0.0743358 0.199611 -0.365778 -0.167728 -0.0580439 0.33087 -1.26405 -0.717114 1.5114 0.693557 -1.03086 0.342467 1.82778 -1.23033 0.144736 -0.153609 -0.114442 1.40144 -0.0488239 1.3192 -0.881073 -1.24136 0.598169 1.59951 0.0826805 0.430627 -0.8611 1.42578 0.347228 0.15111 -0.541753 1.09121 -1.2974 1.25027 1.15751 0.272226 -1.3173 0.992194 0.489298 0.565913 1.38556 -0.92969 1.02421 -0.354329 1.04752 -1.17584 0.625124 -0.211885 1.17425 -1.5733 -1.53309 -0.621219 -0.478765 1.33683 0.770495 -1.42054 -0.0931693 0.874606 0.221442 -0.569384 0.11964 -0.790181 0.132181 1.28795 -0.915233 -0.261653 0.150481 0.882051 -0.563881 -0.112386 1.11209 1.87273 -1.01332 -1.44613 1.77029 -0.0984524 -0.209298 0.651785 0.688677 1.0272 -0.406051 -0.345662 -1.04333 1.87834 -0.218451 -0.453185 0.085681 1.26742 -1.47447 0.679883 -0.181192 0.479993 -0.537905 1.04209 0.0840953 -2.02494 -2.13135 0.571263 1.24024 -0.644565 -1.16882 0.325525 -1.62439 0.775738 0.101265 1.79543 -0.730992 0.951918 0.261716 0.317363 1.9345 -0.126726 0.602049 0.318083 -0.449865 -0.621694 -0.630396 0.295901 1.9381 -0.00608516 -0.436418 -0.0841833 0.580179 0.31042 -0.228657 -0.555397 0.492154 0.125994 -2.14828 -1.09042 0.580202 -0.185466 -0.200246 1.44695 0.714106 1.0352 0.834644 1.11506 -0.0924982 0.746655 -0.526616 -0.736285 -0.185745 -0.691396 -0.682922 0.451668 0.801367 0.349623 2.28884 0.135268 -1.91566 -1.7012 0.540475 -1.13062 -1.04268 -1.4816 -0.835047 -0.731628 -1.10193 -0.967123 0.701543 -0.208451 -1.46443 0.383292 -0.434456 0.62487 0.0365259 0.564873 -0.527771 1.94782 1.89814 1.06135 -0.419271 -0.394031 0.358734 0.684046 -0.760455 0.362113 -0.812236 1.12805 0.711155 0.356466 -0.364967 -0.126589 -0.85753 0.989014 -0.82945 -0.943736 0.406469 0.336821 2.47729 -0.225564 -0.075187 -0.876486 -0.699933 2.6102 0.2341 0.475385 0.478382 1.25011 -0.916143 -0.480481 -0.0612578 -1.04534 -1.34715 0.226528 0.959472 0.490274 0.817368 1.11951 0.818816 0.93227 1.37429 0.836193 0.201336 0.335316 0.433955 -0.858649 0.758577 -1.30565 0.101613 -0.00323173 -1.97822 -0.516129 -1.522 0.0751095 -1.41609 0.00413175 0.468945 -2.47012 0.794094 -0.991153 -0.0171145 0.250745 -0.413078 -1.55523 -0.455975 -0.348383 -0.283883 -0.0653848 -2.00706 -0.388846 0.276958 -1.63305 -0.0226256 1.39258 1.26713 -2.07554 1.01991 0.937556 -2.75789 1.16261 1.07074 -1.50962 -0.00653059 -0.600145 -1.51187 -0.351948 -1.0313 -1.45279 1.80706 -0.295298 -0.892841 1.5792 -0.535634 -2.12919 1.77876 -0.0171207 -1.07138 0.715164 -0.539331 -0.947349 -0.0221218 -1.08496 0.682726 -0.817153 0.147443 -0.256709 1.29445 0.758923 2.02912 -1.71853 1.64242 -0.120487 0.927306 1.05921 -1.24766 -0.44091 -0.181738 -0.571706 -0.490867 -0.323243 -0.588592 0.401389 -0.502352 -0.116182 -0.0557823 -0.419002 1.03918 0.590756 -0.915185 -0.553088 0.787033 1.02 -0.235116 -0.400884 -0.109749 -0.811222 -0.176784 0.454348 -1.2028 -1.0312 -1.0217 -1.04648 -0.0897712 0.216416 0.217842 -0.334185 0.2254 1.42816 2.07243 0.0692886 0.0947983 -0.0870422 0.174824 -1.31123 0.910361 -0.116895 -1.20515 -0.436477 -0.0726784 -0.332659 -0.672369 1.01478 -1.38214 -2.09795 0.237618 1.24274 -0.16803 1.28398 -0.116826 0.0234708 -3.022 
-0.43012 -1.0102 0.14741 -0.324767 0.532183 -0.150755 -0.21732 -0.871706 0.106089 1.74252 -2.07841 -0.735824 0.67188 1.09998 -0.841567 -1.03047 -0.0399334 -0.340578 -1.01165 0.000887995 -2.13232 1.79009 0.563109 -0.826657 -0.288452 0.0769268 -1.06135 -0.61438 -0.381256 -1.24793 0.316381 0.756664 -1.66229 -0.406602 -1.93707 0.114021 -0.333629 3.08954 -0.504751 0.0767302 1.84302 -1.2883 0.556959 1.72051 1.07779 -0.445251 0.11404 -0.548141 0.132935 0.188231 -0.120018 0.802514 1.31641 -1.0723 -0.147131 0.480185 1.92083 -0.677215 -0.945333 -0.92587 -0.416137 0.346399 1.48606 -0.405485 -1.17711 1.09562 -0.751095 0.146532 -0.629712 0.273547 -0.362127 -0.444109 -0.00797 0.0306028 -1.66093 0.419377 0.695741 0.00731785 -2.0612 -0.853305 -0.038214 -0.435602 0.0753429 1.98457 0.762365 1.65033 1.07192 0.068007 -1.71454 -0.973261 1.13558 1.24304 0.027286 0.604664 -0.455619 -1.90076 0.559333 -1.7504 0.399845 1.8436 -0.115259 -0.246758 -0.306502 0.282072 1.15446 -0.383599 0.00703442 -0.384553 -0.128997 1.01907 1.10052 0.0242926 0.482451 0.454795 0.420581 1.19876 0.0637409 0.788268 -0.925086 -0.492741 1.01532 0.529939 -0.932068 0.326447 0.195802 -0.641102 -0.723426 -0.516738 -0.529788 0.124617 -1.78742 -1.15103 -1.19105 1.85808 -1.90312 -0.711126 0.573873 1.44403 -0.0326129 -0.208021 1.13899 -0.550454 0.546356 0.356227 1.93964 1.49511 -1.3362 -1.82536 -0.338795 -0.423236 0.299559 -0.028315 0.939639 -1.51884 -0.372395 -0.768417 0.249516 -0.669981 -0.0580811 -1.17442 2.21325 -1.09783 0.533837 0.288359 -2.26474 -0.131647 0.471969 1.34843 0.687929 -0.70481 0.448415 -0.530952 0.83047 1.8121 -1.9257 -0.74996 0.0202539 -0.282138 2.41865 1.04734 0.0867129 0.729804 1.6343 0.220756 0.923801 0.125005 -0.0603632 -1.73141 -0.729369 -0.738856 -0.894568 0.775922 -0.476823 0.219033 -0.621748 -1.15548 -0.0627757 0.666097 0.65622 0.26407 -0.073262 0.0380308 2.16925 0.166673 -0.215647 -1.28634 -1.39115 0.512014 -0.132102 -0.424696 -0.170585 0.494101 0.0314618 -0.757767 -0.876023 -0.740015 -0.534339 0.361973 0.866559 0.395779 -0.346069 0.94984 -0.0446581 0.383529 -0.903256 -1.65976 0.640254 0.335545 -0.289434 -0.799633 -0.926937 0.452332 0.898192 0.782687 0.661483 -1.10505 -0.231157 0.178008 -0.0410105 -0.123957 0.220539 -0.333412 -0.739886 0.0369406 -0.66233 -1.60833 0.283621 1.5857 -0.958826 -0.142533 -0.430303 -2.7603 0.508131 -0.0875699 -0.543158 -1.61471 0.189665 1.18869 -0.520084 1.57966 -1.32893 1.83088 0.309486 -1.93943 0.137445 0.183788 -2.62916 -0.609736 0.161687 -0.480726 -1.53048 -0.168774 -0.0520805 0.73683 0.773276 -0.157583 0.0652388 -0.680778 0.660537 1.79961 0.0594613 0.641771 0.301305 0.649763 1.0668 -1.94506 2.96457 0.143864 -1.76588 1.91518 -0.82979 -1.50288 0.79371 -0.949776 0.727336 0.0300599 0.728974 -0.763975 0.555962 -1.08248 -0.243344 -0.925481 0.521951 -0.0788324 0.722344 -0.04933 0.875197 -0.0398357 0.176707 -0.0891197 -0.797268 1.21458 -0.246511 0.28773 -0.790322 1.10808 -0.0804625 -1.73574 -0.651953 0.794716 1.04564 0.778722 -0.265012 0.802979 -0.377949 0.543249 0.0550469 0.947025 1.1117 -0.0512597 1.27983 0.273837 0.945636 -0.27172 0.390868 -1.06289 -0.634197 -0.216185 1.07198 0.125568 0.70053 0.416553 1.14836 0.533359 0.280252 1.55593 1.01033 0.103711 -0.113414 2.77716 0.425865 1.22686 -2.11042 -0.600348 -0.695049 -0.533866 0.582121 0.332678 -0.904407 0.937024 -0.714391 0.15579 0.24034 1.36665 -0.78219 1.0004 0.547091 -0.220831 -1.58412 1.46524 -0.37404 -0.146725 0.806387 0.204305 -0.266856 1.2183 -0.344993 0.927518 0.0268453 -2.29545 0.989747 -0.161538 -0.29524 -1.35037 -0.270263 0.596365 -0.357588 -1.63187 1.12935 0.944005 -0.431525 0.445764 0.766541 0.923191 -0.845751 0.127662 -0.338602 -1.35907 0.74614 0.803274 1.36329 -0.0169816 -0.395713 1.80984 -1.28919 -0.925964 0.648063 1.73306 -0.387549 0.548394 -0.282795 -0.0886041 0.412715 -0.350166 -0.675554 0.113023 -0.744125 -0.159097 0.999878 -0.963977 -1.08533 -1.03851 0.00770647 1.93531 0.739462 -2.45459 0.553118 1.69625 0.715125 -0.213639 -0.160737 1.1056 0.676127 1.07278 -0.32567 0.901808 0.42292 1.1804 1.01808 0.238391 -1.0807 0.167147 -0.109699 0.726731 -0.663592 0.152144 -0.315924 0.101695 -1.40814 0.324256 -0.0651781 0.452566 -0.982713 -1.78329 -0.2442 1.00601 -0.95052 0.888179 -0.615457 -0.124729 -1.33623 0.00904815 1.29365 1.04046 1.4618 -1.94645 0.370321 -0.679269 -1.54265 1.54644 0.370292 2.03206 -0.670352 0.674793 -0.74394 2.43212 -0.957691 1.19423 0.601093 -0.842423 0.256835 -1.41435 0.115111 0.160839 0.401477 1.32794 -0.6448 -0.751082 0.0144888 1.6144 -1.11027 0.355111 -1.51594 1.58928 0.205355 -0.362929 -1.19282 0.833549 0.897875 0.256558 0.32888 -1.10592 -0.829318 -0.164947 0.346114 0.480913 0.0491747 1.43105 1.74377 1.36301 -0.272132 -0.78607 0.8329 -0.294359 -0.856202 0.919376 0.471887 -1.14123 0.318304 1.74885 -0.751946 0.766397 -0.678667 -1.96831 1.38811 -0.253037 0.516512 -0.758251 -1.13636 -1.01128 -0.105097 -0.797294 1.02665 0.427066 1.88771 -2.42471 -1.17324 -1.74258 -0.812567 -1.71818 0.501359 -0.751911 -0.0474868 0.869728 0.469052 2.1646 -1.22918 0.0272999 0.937394 -0.235958 -0.790154 -0.570623 -0.478461 -0.499002 -0.48386 1.02199 0.67802 -0.865459 1.52422 -0.190724 0.740381 -1.02025 -0.0252933 -1.06065 -1.23849 -0.389942 -1.78865 -2.30143 -0.155959 -2.52021 0.881401 -0.327113 -0.0335888 0.424517 1.03175 -0.249841 0.153454 -0.142078 1.27855 0.174596 -0.851822 -0.488481 -2.35168 2.39787 -0.444883 1.79719 1.27843 0.490736 -2.10907 0.633328 -1.06212 1.02509 -1.60367 0.648786 -0.865651 1.07993 1.68233 -0.640034 0.736266 -1.4711 -0.782803 1.87115 0.138439 1.82834 -0.801555 -1.09876 -0.369781 -1.34671 -1.09834 0.0638248 0.154613 -0.987315 -0.162722 0.119009 -0.329106 1.50954 -0.632061 -0.0293497 -1.63981 0.486842 -0.821981 -2.74969 1.41449 -0.42769 0.436113 0.597311 -1.05234 0.0644637 -0.931809 -0.00517133 -0.155377 0.227652 0.746929 1.05562 0.0281306 -0.356881 0.142389 1.65118 -0.391922 -0.96629 0.974537 -0.202961 0.780562 -0.169215 -0.0479243 0.828309 1.83666 -0.854066 0.149836 -0.455747 -0.023726 2.94918 0.184314 0.874156 -0.585088 0.355688 1.00677 0.531232 -0.102671 0.0211683 -0.632701 1.34281 -1.43715 0.430795 0.297128 0.691481 -0.450994 -0.0289966 2.59548 0.664782 -1.35313 -0.0256478 -2.20076 -0.182526 0.501043 0.092261 0.359222 -1.49873 -0.855813 1.95073 -0.127064 0.255485 1.05937 0.930707 -0.767277 0.316401 1.46703 0.133222 0.0446131 -0.1977 -2.40654 0.596244 0.307014 0.183044 1.33487 -1.34994 1.34511 -0.715465 -0.78141 1.43417 -0.0457848 1.50937 0.145259 -0.429259 -0.298123 1.39229 1.74701 -1.23886 -0.663635 1.64672 -1.03807 1.38629 -0.233581 -0.55879 0.850831 -3.35946 1.30361 -0.0280776 1.29228 -0.125922 0.301689 0.349691 -1.22454 0.807796 -0.573953 -0.165001 1.4231 1.04196 -0.329123 -0.396117 0.0736821 -0.401612 -1.68755 -1.69248 -0.710614 0.189313 -2.01418 0.681176 -1.14737 -0.38701 0.0799032 -0.0887847 0.994026 0.437159 -0.71357 0.536066 -1.34342 0.705752 -1.0996 0.50523 -0.348229 -0.0100047 0.933767 -0.0201144 -0.590127 0.00866601 -2.02678 -0.51482 0.822479 -0.0349454 -1.01501 -0.411001 -0.411232 0.665768 1.04192 0.717117 1.10226 0.155717 -1.54613 1.31436 0.388798 -0.893658 -0.507628 0.713368 0.843029 -0.863573 0.152849 0.633685 0.508657 0.642202 -0.284017 0.697071 0.205806 1.71307 
0.500185 -0.372831 -0.548496 1.15205 0.631674 2.93904 -0.646225 -0.753898 0.250129 -0.459906 -1.65109 0.422339 -0.142054 -0.0374326 -1.403 0.0101052 -0.868341 -0.238814 0.576456 0.215604 -1.97013 -2.50177 -1.8377 -1.60996 0.858233 1.03317 0.493578 -0.0832621 -0.634119 0.509549 -0.156687 1.74249 1.55857 0.762841 0.535511 -0.492045 -0.126481 0.546863 -0.820999 0.668337 0.461311 -0.41563 -0.844242 1.16539 -1.39494 0.501369 -0.352103 -0.113042 -0.701305 1.55665 -0.282778 0.800385 -1.88559 0.0710102 0.823153 0.162018 -1.0436 -0.0421641 -0.0467789 0.548199 0.731006 -0.867322 -1.31349 1.82809 1.11714 -0.537871 1.07204 0.601316 0.716096 -0.117352 -0.326137 -1.10014 2.37185 -0.0804862 0.780805 -0.402812 -0.2681 -0.296546 -0.632067 0.845671 0.693016 -0.334678 1.24374 -1.7586 1.22051 -1.03241 -0.821917 -0.0294397 0.540768 0.493217 -0.691589 0.477138 -1.5235 -0.167948 -0.178551 -0.329183 -0.171436 -1.2489 0.700359 -1.38621 -0.30845 -0.856462 1.45163 0.579282 -0.475805 0.460564 -0.740345 -0.27901 0.843957 -0.0525613 -0.776507 -0.394572 -1.08968 -1.08463 0.228355 -0.791006 0.182061 0.354973 -0.0490062 -0.0708189 1.22353 -1.76043 1.25732 0.026694 1.20962 -0.243046 -0.388751 0.573136 -0.229025 0.101515 -1.15237 -0.962796 1.11632 1.51186 0.139616 0.986761 -0.142928 -1.19537 -1.2833 0.680834 -0.524991 -2.22047 1.42968 0.0437765 0.21208 0.982928 -0.0937514 -0.815429 -0.209071 1.21873 0.695383 0.061975 0.597019 0.977006 0.206648 0.0628107 1.29363 0.0883128 0.391815 -0.648589 0.740269 0.316761 -1.88852 1.394 0.262441 -0.2444 -0.0174044 0.496566 0.142969 -0.470124 1.06587 0.0855681 0.215326 -0.767472 0.318574 -0.113814 0.217509 0.170249 -2.03012 -0.821876 0.517277 0.414253 0.239092 1.06121 -0.531315 1.19155 -0.177117 0.132715 0.136407 0.604592 0.994846 -1.704 0.910465 0.0668017 -0.541731 -0.277883 0.405054 -0.265864 -0.405861 1.30153 1.68717 -0.223303 1.0891 -1.50553 -0.544227 -0.530098 0.311193 0.756235 -1.55579 -0.131333 0.656703 -0.238701 0.676262 -0.515961 0.942384 0.749013 -0.284951 -1.6304 -0.385241 1.37046 0.983461 0.0907141 0.628716 -0.887572 -1.16567 2.0272 0.308162 -1.28376 -0.0551889 -0.554545 0.142368 -0.78853 0.587197 -0.108348 0.955162 0.307971 0.361398 -0.287528 -0.490712 -0.801394 0.551977 -0.433902 0.526782 1.18059 -0.293297 -0.685851 0.698894 1.13401 -2.2296 -1.07698 -0.496465 -0.193784 1.06258 1.79067 2.42026 -0.45631 -0.341539 0.451243 0.745424 -0.271139 1.55105 0.425745 1.48138 0.102957 0.437307 0.482045 -0.614093 -0.540879 -0.0242467 1.40043 -0.43738 0.416041 0.599663 0.178914 -1.52423 0.412411 -0.368399 -0.804502 -0.278533 -0.104817 -1.02376 -0.371541 2.61382 -1.04696 -1.36913 0.15731 -0.821464 0.535622 -0.147393 -0.0283116 -1.27963 1.69906 -0.386011 0.125734 0.87898 1.12163 0.32014 0.302839 0.935265 -0.0706007 -0.069911 0.580505 1.65737 0.563171 -2.28282 -0.79863 0.822828 0.438953 -0.896723 2.09429 -0.0934224 -2.26113 -0.246604 -0.399403 0.427484 0.587181 -0.397681 -1.15342 0.911932 -1.681 -1.23738 -1.25096 0.127696 1.17796 0.410754 -0.590137 -0.781121 0.780848 -1.38424 0.770398 -1.7837 -0.0874395 0.990867 -1.95522 -1.33708 1.08373 -0.657788 -0.886319 1.30084 -2.00785 -0.780487 -0.344434 1.03681 -1.37221 -1.74118 -1.32679 -0.288561 -0.0215656 -0.548476 0.676855 1.4813 -1.47227 -0.284265 -0.349276 0.726327 -0.160771 -2.05372 -1.88444 -0.11183 0.33338 0.638817 0.0846447 0.617447 0.514372 1.06541 0.653817 1.57996 -0.983269 0.455365 0.459215 -0.64893 -0.558636 -0.135184 2.34629 0.605634 -0.598837 -1.32716 0.285703 0.802045 1.62951 0.251896 2.30416 0.576519 1.21415 -0.144304 1.07955 -0.48029 0.0676681 -2.21768 -2.13225 2.21218 1.35944 1.64459 -0.574492 -0.62969 -0.866826 0.951956 -0.46803 0.550437 -0.0139853 -0.219762 -0.0834507 -0.734574 -0.109235 -1.61375 0.582827 -1.2818 -1.05323 1.45487 0.600053 -0.831247 0.262558 0.455624 0.578003 -1.30433 -0.677245 0.136827 0.776308 -1.44379 -2.50118 -0.749602 0.20584 -0.993473 0.602132 1.06853 0.271724 -1.29944 -0.452204 -0.058946 0.528149 -0.864105 0.0314153 1.30815 0.644623 0.760621 1.03984 -0.695831 -0.16714 1.11027 -0.309048 -0.534694 -0.113238 0.522152 0.771037 -0.878624 0.107407 0.129512 0.840247 -0.286423 1.14853 -0.206204 -1.51845 0.523553 0.82157 -0.177095 -0.303726 -0.351098 0.828823 -0.977325 0.0935741 -0.637812 -0.119429 2.27493 -2.32983 -1.20084 1.90767 -0.518145 -0.46586 0.477652 1.39311 -1.59176 1.10233 0.179704 -2.00703 0.0853321 0.00970251 -0.673712 0.639468 1.05769 1.33789 0.432706 0.094069 -0.269396 -1.1658 -0.755635 -0.826585 1.28848 0.129868 0.0491056 1.0257 -0.214123 -0.277936 -1.04524 -0.397047 -0.245516 0.250212 0.137181 -0.359983 -0.976806 -0.390133 0.202214 1.06382 -0.0445535 -0.595165 -0.0537361 0.636252 -0.711924 -0.494712 0.245788 0.661838 -0.328407 0.606951 0.742642 -0.892023 0.343654 -1.52821 -0.447364 -0.850249 -0.443812 0.349495 2.19984 -0.175129 -1.04169 -2.60948 -0.110865 1.06518 -0.61116 1.11799 1.1423 1.08721 1.13529 -0.599134 -1.38345 -0.938433 0.14083 0.451135 -1.54002 -0.352972 -1.22546 -0.0452293 0.255539 0.135042 0.838159 -0.56877 0.505541 1.56456 1.26258 -0.48236 -0.0921258 -0.964796 -0.199387 -0.553618 1.54923 -1.33077 0.551027 -0.591658 1.85979 0.0191115 0.472561 -0.895521 0.150434 -0.0981365 0.822199 -0.269714 -0.648659 -0.646745 0.777885 -0.0497973 -1.17221 1.20238 -0.750394 0.586108 0.786548 -0.209125 -1.16989 -2.35632 0.807396 -0.386474 -1.54684 -0.914628 -2.04686 -0.0763627 -0.42561 -0.627169 -0.526277 -0.00935932 -0.190501 -0.529858 -2.49726 -1.19402 0.252802 0.17509 -0.322318 0.452791 -0.552408 0.623833 0.805263 0.368887 2.34289 0.518667 2.1365 0.436561 0.197599 -1.17933 -0.353788 0.502768 0.0553873 0.187096 -1.69878 0.47483 1.91593 0.447279 -0.866827 -0.614154 0.647821 -0.818254 -0.319359 -0.551505 -1.24471 0.391508 1.67368 0.991351 0.928009 1.24313 -0.24398 -1.44585 -0.180626 0.656095 -1.88287 -0.358962 0.696572 -0.931327 1.66872 -0.756238 -0.126565 -2.07948 -0.692253 -1.16008 1.18911 -2.78135 0.43364 1.56945 0.824136 0.0373283 -1.17443 -0.322012 -0.931242 -0.00889338 0.537198 1.34183 1.96134 -1.32195 -2.00345 0.369453 -0.110783 0.325516 -0.761841 0.241033 1.15237 0.511974 0.615262 1.45511 0.582566 -1.355 -0.626454 1.03114 1.06395 1.87275 -0.571418 0.66814 0.0596991 -0.168561 -0.793377 0.637707 0.247779 -1.27057 0.722209 -0.481911 0.260071 -0.243833 -0.118032 -0.745247 -0.630337 -1.09205 -0.828383 0.00438037 -1.27087 -0.950931 -1.1837 -0.773707 -3.05598 -0.183385 0.346806 1.91775 -0.895755 -0.205128 -0.718844 0.752789 -0.0859643 0.527448 1.57696 -0.445635 1.77301 1.52027 -0.116425 -0.550162 1.81352 0.93528 0.757792 -0.0233741 0.97403 1.5392 -1.08526 -0.0380782 -0.586539 -0.140921 -0.23303 -0.452219 -0.413734 1.64385 0.860516 -0.387582 0.928146 -0.114291 -0.233975 0.846403 -0.921847 -1.12976 -2.17072 0.914485 0.658314 -0.449117 -0.978396 -0.442281 -0.827826 1.83517 0.660468 -1.24471 0.265913 -2.21129 -0.630882 -1.40882 0.386258 0.607259 -1.94825 -1.65548 -0.311268 0.19379 -0.593575 -0.685335 -0.184493 0.686314 -0.0471074 1.01627 0.0965779 -0.651723 -0.0110373 0.246584 -0.415217 0.304352 0.225499 -0.353719 0.289643 1.19774 -0.0523135 -0.309342 -0.815776 1.36666 0.151238 0.768368 -0.12437 0.482774 -0.702609 -1.66328 0.562985 0.136466 1.17306 -0.0698251 0.228483 0.114058 0.298948 1.25389 -1.58385 0.31513 
-1.52059 0.255218 0.192333 0.364851 -0.344989 -0.68572 -0.427478 0.939706 0.590389 -0.251133 -0.0461543 -0.217392 -1.16511 0.686421 -0.102153 -0.173525 -0.328839 0.291755 1.22113 -0.155078 -0.777107 -1.12191 -0.530199 0.578997 -0.146 0.372944 -1.30116 -1.06415 -0.418315 -1.62757 -0.0759822 -2.27484 -0.150882 0.0601812 -0.839063 0.148271 -0.0729778 -0.489854 1.36959 0.351072 -1.4418 0.287759 2.14685 -0.675706 1.96221 0.694422 -1.26898 0.328268 0.583491 -1.10611 0.594465 0.0813249 -0.836748 2.56503 0.301677 2.38098 -0.196975 -1.86648 -1.59348 0.207688 -0.44843 -0.818018 -0.408595 1.67773 0.0310054 1.43704 -0.207595 -0.295867 0.506198 -0.331427 0.97778 -0.655239 0.306395 -0.360776 -0.25974 0.0326956 0.221466 -0.251442 1.04338 1.05147 0.280318 -0.0956946 0.916321 1.45282 -0.738105 0.639241 1.69427 0.409125 1.33575 0.498026 -1.16235 -0.533344 -1.99753 -0.340061 -0.560933 1.18633 -0.124999 -1.49762 -0.0669489 0.0875129 1.15001 -0.262977 -0.118023 1.58907 -0.958762 -0.395334 -0.711072 -1.7975 0.430413 -1.04463 -0.58467 0.870018 2.22357 -0.863754 -1.81958 -0.704591 -0.503992 1.12455 0.931632 -0.848363 -0.386849 -0.0120295 -0.41255 -0.516768 0.0382428 -0.106778 0.0971958 -0.122617 -0.0789809 1.5529 -0.832756 0.978744 0.961627 0.610626 0.410068 -0.816648 -1.63301 -0.472235 -1.69155 -1.35089 0.0165055 -1.02826 0.0128128 0.287362 -0.947735 -0.784922 -0.799192 -1.52566 0.294573 -1.17541 -1.64779 -0.451279 -0.573466 1.03934 -1.21568 -0.812095 0.916966 -1.45596 -2.52108 1.7442 0.328297 -0.652263 -0.185359 -0.672798 -0.0981199 3.18411 -0.124927 -0.440089 -0.832956 1.26914 -0.723647 1.82848 -1.82112 -0.746747 0.557848 1.08269 -0.358078 -0.706029 0.865506 1.11192 -0.0666571 -1.55542 1.72962 -0.348275 0.908034 -0.0293617 0.409301 1.97503 0.121445 1.36023 -0.413228 -1.16308 -0.247072 0.0279491 0.531122 0.471184 0.192776 0.158587 -0.407473 -0.379924 -0.970395 -1.67107 0.203345 0.764387 -0.655259 0.29929 0.1626 -0.30466 -1.29807 1.9429 0.62013 -1.13906 1.93641 0.888055 1.11691 0.552284 -0.111264 0.94663 -0.809416 -0.0121513 -1.1753 -2.31686 0.271597 -1.02273 -0.865854 0.249472 0.592703 0.450638 2.02211 -0.809118 -1.82464 -1.48716 -0.197078 -0.300327 -0.982706 -1.52807 0.469555 0.56873 -1.76131 -0.750622 -0.629239 -0.182363 -0.278465 -0.476372 -0.147939 -0.321519 -1.29884 0.464419 0.514121 -0.509932 1.56355 0.369958 -0.464627 -0.328442 -0.313465 -0.522703 -0.319324 -2.4461 0.768056 -1.50029 -0.492539 -0.347905 0.0860841 -0.345605 -2.11543 -0.252512 1.22318 -0.167311 -1.53554 0.506881 0.766388 -2.53844 -1.26412 1.80617 -0.0630419 -0.103397 1.04933 0.0467378 1.64418 0.366516 0.156003 -0.170464 -2.11369 -1.08249 0.648156 -0.946103 -1.1906 -0.901954 0.12606 1.28429 -0.170344 -1.87677 -0.405681 -0.473031 0.800013 1.93432 -1.87016 -0.626498 0.633377 -0.970426 0.272761 -0.685875 0.772612 -0.672415 0.247706 1.19775 -0.982002 -0.0289762 -0.0193813 -1.33022 -1.14335 0.00327792 -0.644522 0.489371 -0.335651 1.20277 0.55816 1.32691 1.73312 0.244373 1.20546 -0.258961 -0.411281 -0.176891 -0.596026 0.263862 -1.16733 0.638509 -0.431264 0.0786313 1.60208 -1.13918 1.45668 -1.04714 -0.251835 -1.01079 -0.446232 0.948062 -0.730634 -1.3097 -0.989422 -0.14875 -0.677127 -0.356675 -0.0677708 0.162915 -1.24215 -1.57765 -0.866934 -0.743578 0.705381 0.471413 1.54788 0.0187807 -0.132906 -1.46558 2.24949 0.833797 -0.565244 1.56004 -0.296657 -0.640022 -1.49443 -1.54757 -0.123734 -0.208579 0.193497 -0.652801 -2.50492 0.78562 0.68937 0.793258 0.571046 -2.15619 0.27592 1.41043 0.120501 0.749233 1.82182 0.166284 1.60687 1.15162 -0.759076 -0.670379 1.57041 0.212171 0.0371321 1.22312 1.32339 0.495704 0.331066 1.70006 0.904675 0.204569 0.553621 -1.4454 -0.0160049 -0.134596 0.346494 -0.573894 2.87857 1.56467 1.07767 -0.743819 -1.25473 1.27226 0.672922 0.718893 -0.607378 0.949049 0.785498 1.51137 -2.3322 -0.902792 -1.72255 -0.751375 1.54847 -0.87488 -0.0541274 -0.0977319 -2.46969 -0.308206 0.862185 0.105998 1.96251 -0.459938 -0.130996 1.07115 1.98826 -0.37006 0.365023 0.738944 0.388439 -0.621942 2.019 -0.277708 -0.246931 0.11398 0.841774 -0.813368 -0.65257 -0.444592 -0.547261 -0.42304 1.47848 -0.00134795 0.0844664 -1.35478 -0.48652 -1.82814 -0.6543 -0.0052491 1.02657 -1.40006 -0.620277 -1.77288 0.130837 -1.07791 1.67366 -1.47128 0.32651 -2.48518 1.09176 0.566289 -1.90464 1.62438 1.58832 0.237777 -1.55174 -0.867693 0.783571 0.316445 0.522421 -1.25857 -1.56657 0.684343 0.173356 0.244854 -1.95572 2.56534 2.46883 0.465034 -1.75973 0.117757 -0.939703 0.584078 0.727229 0.164535 0.024208 -0.368506 1.76868 -0.244681 -0.240039 0.63582 -0.0624193 -2.78712 -2.08728 -1.3046 2.09704 -0.602198 0.396705 -1.72528 2.07437 -1.00723 1.32307 0.211532 -0.254417 1.05248 0.682982 0.179285 -0.563511 -0.0998775 -0.0154211 -1.11977 -1.0268 -1.61525 -0.318401 -0.306177 0.0234965 0.733244 1.25813 -0.345428 -0.51277 -1.47058 1.9085 0.141919 -0.448914 -0.371305 0.773065 0.101674 -0.777961 -0.552267 0.362928 0.213579 -0.684211 -0.0210514 0.357971 -0.774838 -0.701293 -0.888276 0.222304 -1.80842 1.82824 -0.151685 0.493034 1.47801 -1.8804 0.267557 0.493922 0.0832236 -0.957933 -1.10355 -1.44077 -0.907599 0.770468 -0.615153 -0.911169 1.14517 2.00551 -0.7107 -0.158073 -0.140083 -0.708087 0.155341 0.955302 1.98667 -1.12475 -0.553655 -1.295 -0.178158 -0.605399 -0.266504 -2.28406 0.426471 -0.982124 -1.09936 0.686445 -0.433541 2.98827 -1.75345 0.209364 0.134319 -0.0781424 2.24305 -0.308146 0.5671 -0.501637 -0.0119655 0.37857 0.325826 0.708291 -1.0077 0.768436 -2.47872 1.97283 -0.672315 -0.117261 -0.306148 -0.439613 -0.0778558 -0.244577 1.06665 0.0617122 1.70204 -1.22625 0.0833497 -3.05283 1.72464 0.891063 0.460867 -1.17867 -0.858583 -1.74906 1.15964 1.44203 -0.607177 -0.297715 -0.272334 0.921908 -1.08565 -1.41004 -0.469206 1.41091 -0.352375 0.357383 0.825464 0.558364 -1.31791 -0.898068 -0.912578 -2.1323 -0.167569 -0.543673 1.10984 0.42665 0.0108233 -0.586283 -0.908922 0.27041 -0.0512205 0.146704 -0.234446 -0.770889 1.24136 1.45707 0.278628 -1.22019 -0.274819 -1.17391 -0.873709 0.208579 -0.639139 0.281545 -0.465402 -1.21156 -0.0325654 0.351104 1.76408 -0.319059 0.120055 0.564589 2.83873 0.619298 -2.03322 0.516397 0.834965 -0.3574 -1.12223 -0.502419 -0.0969896 -0.753673 0.311587 -0.499709 1.03532 -0.844163 -0.52189 -0.235782 -2.29719 1.3697 -0.999476 -1.47432 1.55646 0.491213 -1.22587 0.21922 0.128507 0.513303 -1.47322 -0.804419 -0.954136 1.2453 0.154451 -2.56872 2.14992 1.08488 2.42894 0.998216 0.626145 -0.077263 0.245175 -0.868555 1.29551 -0.0290675 0.334006 -1.5385 -0.0737347 1.67825 -0.95632 1.55059 1.77191 -0.718495 0.392595 -0.25015 1.14967 -3.53834 -1.15462 0.991382 -1.10659 1.69202 0.445767 1.31093 -1.00968 1.39898 -0.462198 1.64951 -0.804377 1.50378 -1.57969 -2.13645 1.33406 0.229518 0.626679 1.14125 -0.36345 -0.0241489 -1.65151 -0.0530327 -0.662079 -0.629906 -1.30634 -0.86527 0.874626 -0.265666 1.55385 0.443883 -0.875553 -0.781906 0.358671 -0.129268 -1.78195 0.698605 0.465536 -0.109829 0.843596 -0.64199 -2.63005 0.637236 0.689281 -0.362597 0.775809 -0.348849 0.0736153 1.20337 -1.95384 -1.81053 -0.290369 0.252544 0.771705 0.152607 1.19508 0.752363 0.477207 -0.390629 -0.372036 -0.67394 1.44574 -0.762407 -0.00588524 1.18069 -0.970713 1.25536 -0.978609 0.0232274 1.94101 
0.194015 1.02588 -0.370719 -0.451417 -0.608402 -1.41156 -0.029106 0.205158 0.421473 -0.709634 0.730217 -0.339553 0.0710408 1.14996 1.46801 -0.638224 -0.880721 1.03254 -0.393072 -1.2817 -1.24602 0.921616 0.0675709 -0.880214 -0.3828 1.76303 -0.377676 -1.26408 -0.444728 0.0753747 1.21488 2.0244 -1.13836 -1.12752 -1.54483 0.679718 0.462259 0.855652 -0.372223 -0.636129 0.491419 -0.328158 0.697734 1.46894 1.4003 -0.446201 1.07592 -0.343516 -0.677309 -1.1274 -1.51788 0.431785 -1.07982 -1.33637 0.484236 0.759713 2.01028 0.49397 -1.14858 -0.0221748 -0.693927 0.168335 -0.777261 -0.329103 -0.910802 0.418082 -0.065516 0.139127 -0.682525 -0.882529 -0.0871986 0.367244 -0.365903 -0.562873 -0.582642 0.84468 0.0133248 1.00786 -1.98144 -2.16882 -0.451907 -0.410553 -1.45078 -0.581914 0.855997 -0.963963 1.0329 -2.38326 -1.30137 1.03055 -0.709484 0.930602 -0.128884 -0.397878 1.2371 -1.30627 -0.793012 0.0420417 0.729153 -0.203011 -1.16116 0.169376 -1.28908 2.21565 0.0231005 0.750522 -0.71844 0.118672 -0.676655 0.434025 0.0375982 0.319856 0.600119 -0.75876 -2.25139 0.876101 0.523793 0.702482 0.722698 -0.0502089 -0.0926835 0.396856 -0.393036 -0.482025 1.86748 -0.96845 0.819873 0.854445 -1.6486 -0.565991 -0.000350843 -0.839736 -0.964137 -1.88736 -0.798849 -0.103859 0.432944 0.879792 -0.540156 0.847078 -1.41168 1.58434 -0.0880095 -0.214964 -0.0789472 -1.3966 -0.373612 0.774479 0.210356 0.219284 0.747687 0.00506283 0.874846 -0.234647 0.825183 0.851064 0.861606 -0.712942 1.09501 0.310259 0.379609 -0.351569 -1.11947 -1.56214 -0.122994 0.0381719 0.270423 -2.37854 1.32234 0.416133 0.645545 -0.213713 0.672395 -0.34163 -0.434086 1.2137 0.563516 2.30854 -0.902674 -0.925233 0.35606 -0.701361 0.11309 -0.962922 1.71619 0.525572 -0.360764 0.205322 0.296058 -1.8301 -1.33082 0.428628 -0.94023 -0.847928 -0.402951 -1.49598 0.150842 1.16447 0.624902 0.585447 -1.66784 1.07256 -1.93048 0.145424 -1.18565 -0.831236 -0.963874 -0.326446 -1.19283 -0.479517 0.0120513 -0.358036 1.31857 -0.25283 -1.11978 0.529922 0.0403013 2.0767 0.265733 1.20326 -0.107101 -0.76502 -0.687351 -1.42544 -2.1158 -0.128015 -1.2429 -0.210336 -0.453112 0.0758218 -0.4821 -1.08573 1.25775 -1.47201 0.389237 0.107898 -0.249059 1.17493 -1.57526 1.02705 0.82269 -0.707834 0.180583 0.0945782 -1.29846 0.856657 -3.04395 -1.30498 -1.48226 0.0247124 -0.612886 -1.79655 0.423189 2.19324 -0.560288 -1.40933 0.577991 -0.921839 2.01149 -1.62289 0.369609 -0.548488 1.49572 -0.750998 -0.883003 1.32412 -0.273187 0.263113 -0.579191 -0.75187 -0.772947 1.0906 -1.19389 -0.335512 -0.91 0.759374 -0.958326 -1.74971 1.12845 0.505484 0.853314 0.939576 -1.39884 0.52184 -0.346232 0.200361 -0.771219 -1.16242 -1.76791 -1.36693 1.13957 -0.169862 -0.704854 0.266494 -1.44833 -0.699348 0.396502 0.825423 -1.11085 -2.24539 0.119115 0.491364 1.81835 -0.572244 -0.327579 1.22694 0.12764 -1.26376 -1.19022 0.0850403 1.4481 -1.43968 -0.363425 -0.614756 2.3724 1.85369 0.305878 0.715899 -1.03167 1.33067 -0.00472016 -1.02356 -0.199878 -0.483808 -0.428605 -0.0620354 -1.06861 -0.624905 -1.02251 2.20109 0.522675 -0.599362 -1.37546 -0.721367 0.755916 0.41772 1.74848 -1.05378 -0.390935 0.661713 1.25683 0.487674 -1.74507 0.271925 1.36461 -2.2847 0.843388 1.03808 0.634615 -0.507147 1.19822 0.125569 -0.176409 -0.288125 -1.18131 0.179282 -0.143634 2.07681 -1.48682 -0.676627 0.792394 -1.35366 0.0534328 -1.01719 0.781657 2.62988 -0.407079 -0.866758 0.427779 -1.8008 0.0109401 -0.0257884 -0.510418 -0.106261 -1.03804 -0.729517 0.358975 -0.49074 -0.153287 -0.806989 0.347834 -0.591408 1.01124 1.84305 0.465091 0.263937 1.1608 -0.0352086 0.557553 -0.154996 -1.44089 -1.06562 -0.937312 -0.839462 -1.07516 0.0109044 0.829336 0.589813 0.303856 0.702524 -0.70812 1.63025 -0.159361 -2.04895 -0.201889 -0.250966 -0.0497905 0.581637 -0.531292 0.758006 0.471463 -1.03543 0.356476 0.999437 -0.104795 -0.572851 -0.129698 1.00238 -1.07436 -0.295498 0.623491 -0.0832641 0.982396 0.953005 -1.19831 0.539085 -0.550606 0.643868 -0.696176 -2.14624 -0.623872 1.31419 -0.207783 -0.818051 0.33119 -0.178047 0.997515 -0.389044 0.872827 -0.917539 0.155335 -0.112127 -0.491263 -0.277203 -0.446636 -0.605962 -0.324383 -0.256046 -0.496633 0.795528 0.245647 2.35593 1.57864 -0.189227 0.783586 -2.43277 1.05798 -1.17528 0.451167 -1.04453 1.68411 0.563568 0.423452 1.93201 0.668457 0.282446 -0.0805746 0.413133 -0.437449 0.188024 -3.06974 -0.0724203 -1.17677 -0.711882 -0.788453 -0.119031 1.31817 0.831252 0.988085 0.544799 -0.00800495 1.28452 0.907226 0.227525 -0.149257 0.421834 -1.33745 0.0845134 0.155515 -0.43439 -0.0735025 -1.09348 1.74128 0.183606 -1.4586 1.48056 0.128597 -0.355152 0.398385 0.713338 0.511357 0.490145 0.568256 0.904678 0.369423 1.01937 0.544674 0.0840726 0.659783 0.564381 0.420096 0.919022 1.71304 0.847975 0.0680264 0.0285111 0.980334 0.600449 0.892978 0.303076 -0.688608 0.128656 -0.698106 -0.205468 0.757247 -0.678173 1.77351 1.57773 0.976542 -0.461995 0.640379 -0.0787406 1.29908 0.823873 -1.39255 -1.55647 -0.212678 0.0453091 0.687815 0.148312 0.813698 -0.482642 0.735594 1.76902 1.78854 -1.90844 -0.993082 2.26489 -0.873846 -0.346436 -0.288026 -0.248131 -0.720672 -0.766407 -0.248497 -0.0760154 0.316776 0.188881 0.984947 0.339447 1.54603 0.603699 -0.247411 -1.41023 0.589177 -1.75006 -0.25761 -1.01995 -1.013 0.121813 0.200181 0.712058 0.744161 1.10554 1.41677 0.518599 0.617908 -1.6473 -0.701246 1.03667 -0.498866 0.507807 -1.83522 0.815251 0.0484219 1.13664 0.221141 -0.690768 -0.480106 -0.787772 -2.00072 -0.0482035 -0.586342 0.972506 0.780293 -2.15239 -1.56317 0.161407 0.120795 -1.58359 -1.2141 0.682372 -0.314475 -0.335078 0.718556 -1.07504 0.282201 0.769965 1.07296 -0.409482 0.968296 -1.18498 1.09319 -0.229041 0.0159038 0.489613 -0.880713 1.22599 -0.217402 -0.548408 -1.16393 -0.7123 1.55307 0.323667 -0.115233 1.39822 0.478408 -0.469414 -1.69395 -0.614379 -0.247599 -1.79605 1.16234 1.65732 1.89823 -0.100437 1.95988 -0.483751 -0.227393 -1.08153 -0.647917 -2.32859 -1.34061 -0.343709 0.994055 -0.126634 0.819077 1.29287 -1.79295 -0.224935 0.0382368 0.619268 0.486024 -1.12112 -0.300873 0.883271 -0.698247 -0.847137 -0.323431 0.855702 0.47079 -0.405678 -0.171209 1.27762 1.30042 0.384553 1.71863 -0.634265 0.874941 0.242856 -1.21759 -1.63564 -0.0213637 -1.10502 -1.34023 -1.13638 -0.725963 0.650197 -0.199269 -1.26459 1.24336 0.702359 0.771614 -0.0523934 -1.23663 1.20067 -0.191945 0.341015 0.948898 0.284772 0.576029 1.59666 0.915886 0.833332 1.03965 1.52522 -0.797281 0.522421 0.755015 -0.914902 -0.556894 0.820639 0.15192 -0.283693 0.0661705 0.325735 0.60779 0.409891 0.181538 -1.26225 0.0991781 0.527614 0.440687 0.390073 -1.11785 -0.948322 -0.558357 0.757439 0.90292 1.55037 0.566722 0.626005 0.220358 0.0236343 0.0252311 -0.6442 -0.375055 0.202479 2.17685 0.647539 -0.980654 -0.045546 0.396443 1.67668 0.953658 0.539618 -1.19 -1.72914 -0.624435 -0.489729 -2.36407 -0.564602 2.18399 0.154935 0.537453 1.67041 -0.409528 0.291948 0.348993 -0.0742962 0.348136 1.40606 -1.4746 -0.433847 -1.26532 0.516531 0.0705405 -0.375468 0.580281 -1.46713 -1.71603 -0.03881 -0.397764 0.565683 -0.805398 -0.138708 -0.704536 0.604465 -0.169432 1.10629 -1.33105 -0.0834767 -0.365859 -1.53615 2.65085 -0.854524 0.067484 1.5677 -0.853319 -0.522168 -2.22607 0.72536 1.70795 0.709 
-1.32257 -1.57995 0.772642 -0.753697 0.217088 -2.78204 1.00199 2.95205 0.0730001 0.610179 0.155669 -0.970766 -1.03972 0.156967 -0.503464 0.167297 0.364838 -0.492294 0.728479 -0.580182 2.24606 0.732637 0.305962 -0.741415 -0.187675 1.06597 1.58547 -0.0622454 -0.279517 -0.0600948 -0.0462929 -0.183075 -0.782109 0.618403 -1.8995 0.109953 0.811419 0.684154 -0.305669 0.522314 -0.619296 -0.671779 0.293254 -0.645336 -0.123167 1.48549 -0.844591 0.335205 1.18449 -0.113713 -0.179038 0.651889 -1.17686 -0.280692 0.248457 -2.69559 -0.777737 1.6763 0.321568 0.991776 -0.978453 -0.361793 0.8041 -0.00501277 0.134744 1.16136 0.812801 -0.159331 -1.88079 0.0497107 0.718955 0.422233 1.3968 -0.322516 -0.61091 0.999515 -1.2617 -2.64483 1.15053 0.257207 1.36261 0.590807 -0.447107 -0.713252 0.808219 -0.309101 -1.58701 1.71314 2.55621 0.948256 -0.619698 -0.0228783 2.10437 0.197902 1.08803 -0.647049 0.979136 0.403926 0.820575 1.37513 -0.7378 -0.760772 0.789839 2.28416 1.51413 -0.177053 0.193863 -0.199692 0.739798 -0.964968 1.44115 -1.19848 0.163379 -3.38887 -0.334282 0.0527584 0.589786 -0.12173 -0.785708 0.0707377 -0.383238 0.681969 -1.09277 -2.6629 -0.402467 -1.03574 -1.28825 1.53412 1.37245 1.08901 -0.733742 -0.0781324 -1.10489 -0.670205 1.47571 -0.610012 -0.686018 0.182209 -1.61418 -0.271842 0.751706 0.379069 -0.0793254 0.804173 -1.14334 -1.67455 -0.248721 -0.606426 -0.324504 -0.358745 0.0135221 0.887692 0.0421656 -0.673887 -1.24782 0.0821165 -0.47015 -0.00641754 -0.165314 -0.0183261 -0.685411 -1.7439 -0.199797 0.346072 1.12708 0.331002 -1.68308 0.270552 -0.128797 -1.13952 -0.556207 0.217914 -0.426746 -0.0712873 0.310571 -0.0735028 2.18386 0.936061 0.208846 0.682672 0.350676 -0.669367 2.34389 -1.85787 0.648234 0.0796533 0.118324 -0.245568 -1.71344 -0.349413 1.98253 -0.966097 0.384132 0.929328 0.545582 0.514713 -0.418327 -0.628349 0.0264365 1.13886 -0.298702 -2.76232 0.233066 -1.80867 -2.40053 0.0344514 0.727854 -0.636439 -1.48197 -0.62485 -1.9091 -1.0554 0.299588 0.123761 -0.2117 1.50371 -1.1822 -0.901464 0.280615 -1.91167 -0.163688 -0.637441 -1.53053 -0.67475 0.0195388 -1.57272 0.102404 1.86564 0.641698 -0.628609 -0.388303 -0.530854 0.346488 0.267716 -0.317122 0.157422 -0.158484 -1.05947 -0.745619 -0.341255 0.501937 -0.266119 0.744192 -0.284837 0.60142 -0.0822526 -0.880057 -1.25137 -0.199416 0.718071 -0.4248 -0.776401 -0.414736 1.16553 0.165039 -0.682727 -0.32051 0.146393 2.14374 1.03917 0.487224 0.0635415 0.960407 1.43422 0.433546 0.377622 -1.94666 0.255928 0.589947 -1.21177 -1.69923 -1.12596 0.164811 0.694212 -0.769704 1.51129 -0.632945 0.542922 -0.368076 1.00852 0.219382 -1.62938 0.0268066 -1.87845 -0.599461 1.34169 -0.96933 -2.22601 -1.25846 -1.3726 -0.413686 1.54446 0.441602 -0.457945 -1.00916 0.405827 0.523432 1.28967 0.992024 -0.752175 2.32929 0.272714 -0.134739 0.878326 -0.768456 -1.92986 -1.12159 1.31848 -0.321856 -0.397893 -0.482925 1.38981 -0.0383398 1.26693 0.211317 0.406799 0.268501 -0.121323 -0.831326 0.484013 -0.563635 -0.125274 -2.41715 -1.55146 0.683107 -1.87069 0.632106 -0.968532 -0.54958 -1.78292 -0.180468 0.0964918 -0.266433 0.975384 -0.459775 -1.07758 0.471996 1.89451 0.532844 -1.81401 0.678644 -0.900136 -0.612298 1.42102 1.16089 0.536245 -0.31565 0.0481943 -0.990227 -0.409441 -1.16192 1.49861 -0.903675 0.342203 -1.23329 -0.149188 0.065746 1.7646 0.893911 1.06791 -0.833904 0.425914 -0.441659 -1.07423 0.924339 -0.757288 -0.664703 0.539371 0.557284 -0.813446 0.739337 2.18808 -1.30774 0.206167 0.715391 -0.235537 0.403868 -0.115811 -0.34061 0.167528 1.17454 -0.23283 -1.4991 0.0456342 0.403255 -0.52829 1.00267 1.29393 -0.316334 0.871112 0.442713 0.10185 0.83286 0.254501 -0.588003 -0.86013 -2.31773 -0.131434 0.198205 0.491056 -0.722413 -0.431072 -1.00746 -0.603738 -0.808184 -0.81298 -1.09506 -1.64357 0.785068 1.58712 0.378135 -0.667125 0.287701 1.07659 0.90992 -0.900636 -0.215528 -1.16316 -1.17834 -0.150031 2.4199 -0.416215 -0.279385 -0.382033 -2.43156 0.719901 -0.294021 -0.0312613 -1.50562 -1.78928 -0.0355074 -0.106791 -1.82632 -1.08467 -0.36234 0.358719 0.259498 1.11215 -0.465481 -1.21713 -1.11668 -0.0437784 0.375802 0.813813 -1.29661 0.427504 0.251633 0.785382 0.744077 -0.38104 0.25156 1.35971 2.0645 0.428791 -0.618274 -1.19255 0.810776 1.75122 -0.461363 1.90754 -1.8126 0.31698 -0.899076 -1.27223 0.309453 -0.403661 -0.995179 1.67063 -1.12437 -0.0813606 1.34669 0.97523 1.24561 1.18835 -1.41937 -1.01492 -0.00607954 0.461256 -0.0458223 0.976227 -0.425777 -0.20836 0.0524982 -0.900316 -0.203069 1.17766 0.599811 0.229221 -0.605495 -0.361121 -0.421954 0.651789 0.13857 0.268277 -0.554274 1.76834 -0.926542 -0.085559 -1.58723 0.226698 -1.40057 -0.159366 0.117591 -0.122039 0.360351 -0.0230762 -1.01232 0.291814 -2.01471 0.116898 -0.281875 -2.41218 0.531743 -1.38892 -0.764766 0.36793 -0.132624 -0.000742462 0.903851 0.108163 0.213124 -2.15887 -0.947619 -1.03663 0.0366795 0.351175 -0.578586 -0.739636 -1.1792 -0.743021 -0.364749 -0.60019 -0.527527 0.395137 0.626922 1.16746 -2.19766 -1.74691 -0.556993 0.240436 0.509195 0.343158 0.229835 -0.050671 -0.954902 -1.80122 1.17848 -0.717727 2.07627 -0.128729 0.542085 0.149829 -2.10492 -1.94674 0.13637 -1.4745 1.71642 -2.50778 0.806802 0.587274 -0.388632 0.926444 -0.00903792 -0.657668 -0.256467 0.00626678 0.0623962 0.478593 -0.0262059 1.23475 -1.30545 -0.0988606 1.05488 -0.423545 -0.0354256 0.774999 0.861513 0.218018 1.47497 1.08772 0.0399871 0.0801771 -0.0795809 -0.271991 0.479973 -0.585214 1.28996 -1.35574 -0.0247187 0.0712877 0.190886 -0.376173 2.12338 0.585097 0.621263 -0.119222 0.0172674 1.07048 0.483253 -1.906 0.185696 -0.476982 -0.922441 2.0365 -1.83261 -1.19997 0.697936 0.113703 -0.607162 0.570556 0.0581674 -1.71724 1.06426 -1.45571 -0.281669 0.996141 -1.84626 -0.925732 0.220161 -0.192591 -0.692787 -1.33536 1.96539 -0.155181 -1.1482 1.29685 -0.777711 -1.45596 -0.478489 1.35318 0.365718 -0.888031 -0.420847 -0.69418 -0.118674 0.651851 1.3103 1.17191 -2.94615 0.221144 1.34427 0.502191 -1.38692 -0.662406 0.246736 0.199804 -1.06236 -0.0152973 0.0459542 -1.12276 1.47122 1.84036 0.388195 -0.191685 0.598321 0.933873 0.0199874 0.0961002 0.875528 -0.336898 1.48825 1.21967 0.0495911 -2.1692 0.784686 -0.593184 -1.7686 0.910173 1.08393 -0.103281 0.544 -2.50272 -1.217 0.315147 -0.982309 0.0463672 0.0168152 1.53591 0.570755 -1.42846 0.727549 -1.43261 0.941199 0.477268 0.538971 -0.714341 -0.330709 -0.956664 0.0915277 0.0982954 -0.746761 0.902856 -0.946916 1.16072 -0.622945 -0.813516 -0.377631 -1.46156 0.734592 1.07396 1.0398 -0.413983 0.932638 -0.552606 0.872205 -0.711153 0.319486 0.121405 0.076395 -0.414213 -0.827972 1.61086 -0.33772 -0.751286 -1.80609 -1.15462 -1.41791 0.973135 0.045929 -1.39494 -0.0179778 -0.194419 -1.00844 0.760007 -1.27878 -0.44941 -0.163577 -0.550227 -0.125865 0.0793583 2.00251 0.311892 1.13097 -1.11824 -0.299077 -1.0742 0.265027 0.871067 -0.353071 1.39263 -0.57007 0.0872811 0.098901 -0.119608 1.71366 0.0364601 0.545667 1.02839 -1.81972 0.334557 -0.47946 -1.4528 0.220369 0.269788 0.594585 -0.613002 0.837822 0.115537 1.72667 -1.64785 1.97802 -0.980366 -0.456617 0.0183568 -0.000117941 2.15625 -1.42138 -2.18192 -0.678502 -1.00176 0.542429 -0.0946171 0.261929 0.547843 0.363838 0.804514 -0.146562 -2.36142 2.02542 0.839092 -0.805229 1.56333 -0.383092 0.692399 
-0.835823 2.72628 -0.788928 0.851337 -0.000774059 1.2721 0.992763 -0.244134 -0.529953 0.0692752 0.414107 -0.2348 -0.753276 -0.11151 1.09 -0.334404 -0.745561 -0.936775 0.631793 -0.726531 -1.98921 0.230198 -0.942775 -1.36133 -0.0115892 0.475518 -0.0537873 0.391076 -0.0230964 -1.17266 -0.183052 -1.63028 1.52746 1.52848 -0.891234 0.501554 -1.90946 -1.35985 0.412558 0.432242 0.449527 0.586428 -2.43886 0.82628 0.386218 -1.21631 0.136012 -0.416056 0.869782 -1.19472 -0.180548 -1.40339 -0.976154 -0.489922 0.0684349 -0.200459 -1.22884 -0.76012 -0.0384073 -1.6744 -1.31644 0.132425 -0.0133283 -0.578471 -0.663595 0.568365 -0.652048 -0.65397 0.657202 -0.0593452 -0.491472 -0.475555 0.562207 0.594379 -0.790262 -0.157514 -1.74961 -0.353887 0.934324 -0.484651 0.452122 0.633027 -1.25482 -0.604891 1.74182 0.0202053 -2.49867 -1.45299 -1.84584 0.750821 -2.54273 0.337765 -0.992597 0.918671 -0.436007 -0.678502 0.783959 -0.0990288 1.46638 -2.6387 -1.26164 -0.377139 1.57444 -0.346164 -0.214072 0.412619 -1.13138 1.62205 0.395661 -0.152714 -0.208687 -0.434959 -0.108965 -0.883002 -1.89214 0.20464 -0.695717 0.0322429 0.209397 -1.54224 -0.813356 0.821771 -0.656453 -0.472912 0.831648 -1.70166 0.423369 0.376876 1.28065 0.1984 0.15527 0.76849 -0.727508 0.813382 -1.09385 -1.62295 0.178119 0.0922999 0.042389 -0.305195 0.903197 1.31094 0.381678 1.00211 -0.113994 0.0343674 0.142375 -1.22919 -0.734892 0.603615 -0.252978 -0.752391 0.836208 -1.84548 1.30105 -0.29082 0.862405 -1.5563 -0.621769 0.874811 1.07626 0.390039 0.805968 -0.453559 0.0631187 0.158206 0.46449 -0.694565 0.0975624 -0.588402 0.7534 1.52898 -0.829619 -0.8905 1.77201 -0.804264 0.658079 -0.135904 0.542778 -0.734605 -0.129305 -0.654344 1.2808 0.75478 1.03143 0.00371343 0.165534 0.504135 -0.533118 -1.08999 0.84279 -0.0164856 -0.619336 -0.0658151 -1.24026 -1.26146 -1.09817 0.881514 1.2047 0.729362 -1.16306 0.482097 -1.54199 -0.0307499 0.230198 0.913665 0.10802 1.61378 0.0747215 0.304733 0.49881 -0.557695 -1.24291 -0.090862 -0.149645 0.176759 0.650652 0.978653 2.93535 -1.9061 -1.39519 -0.137553 -0.343096 -1.22296 0.772268 -0.813321 0.422198 0.0555511 1.39953 0.781142 -0.848592 -0.951243 1.00435 -2.34405 -0.627844 0.468701 -0.444768 -0.182011 0.605396 0.0813745 0.156543 0.0363373 -1.09495 0.247948 0.594359 -0.548704 0.00170901 0.423014 -1.6247 -2.08746 -1.04511 1.49364 -0.350705 0.103905 0.353049 -0.0594949 -0.657273 0.477253 0.761201 -0.216284 1.12347 1.60004 0.7658 -0.191549 2.46666 1.92888 1.56972 -0.55467 0.260551 -1.56499 0.787674 1.18137 -1.6123 -1.41429 -0.419701 0.896521 -0.866909 -0.0276185 0.044372 0.989015 -0.190958 -0.442056 1.75673 -0.358789 0.517653 0.0205233 0.586595 -0.236811 -0.812807 0.2913 0.176526 -1.69438 -1.80676 1.25015 -0.692096 0.863184 0.197505 2.88794 -0.767596 -0.957646 0.190049 0.261057 0.525978 1.7045 0.28861 -0.391487 0.982251 -1.67538 -0.931402 -1.05523 0.471223 -0.753686 -0.450451 0.720186 -0.260382 -0.893369 0.455986 -0.428035 -0.863261 0.0437427 0.240626 -1.06046 2.08461 -0.903949 -1.78721 -3.70657 -0.339712 -1.04024 -0.474024 -1.33373 -1.49999 -0.174821 0.98994 0.479335 -0.487525 0.743365 2.01003 -0.299807 -0.234252 1.80447 1.262 0.118768 -2.24518 0.186766 0.558548 -0.00646802 0.485365 1.39038 -1.29188 -0.89472 2.09038 0.28584 0.0464245 -0.0684677 -0.479439 -1.11898 -0.694095 -0.00226844 -0.235962 -1.16996 0.742986 0.423884 -0.864161 0.758265 -0.638305 0.793543 -0.607778 -0.595968 1.12957 -1.41669 -0.909935 1.43751 0.773742 -1.57613 -1.01623 -0.228 1.72941 -2.11481 -0.266014 0.423995 -0.685136 2.02495 -1.65027 0.00820845 -0.943829 -1.47272 -0.656163 -0.479213 1.74359 -0.526982 0.489063 -0.27895 -1.51968 0.901838 -0.703904 -0.365037 -0.117097 0.212298 -0.659318 2.24374 0.118154 0.65957 -1.4006 -2.88493 0.949315 0.147635 -0.441422 0.0220596 0.0780759 0.0700682 0.215335 -1.36653 -0.269292 -0.168581 -0.0729317 -1.54832 -0.073299 1.66651 0.576808 0.994741 1.29262 -0.315059 1.33621 0.0640304 0.0998695 0.352019 0.852574 0.999005 1.09789 -0.0453706 -1.12181 -1.02993 -0.168376 -1.07485 0.29055 -0.0357165 0.944592 -0.010137 -0.933324 -0.198934 0.554946 1.6153 -0.399664 -1.8534 0.275743 0.63192 0.720972 0.265654 -0.225132 0.357798 -0.612155 -0.369565 -1.73171 1.81743 -0.0757895 0.133786 -2.02248 0.80341 -0.00649508 -1.23171 0.326484 -0.441299 0.505665 -0.692787 -0.25512 0.483802 -0.147176 0.138282 -0.914881 1.28767 0.591046 -0.113778 -1.16483 0.538058 -0.610283 0.128768 -0.822023 -1.11803 0.733987 -1.21691 -0.213482 -0.711682 -2.46915 0.167711 -1.66075 -0.227194 0.300716 -0.99925 -0.814711 1.99597 -0.597377 0.285449 0.029608 -0.341538 1.5404 0.164835 -0.374146 1.42566 -0.155135 -0.175093 -0.139665 1.47693 -1.8321 -1.05591 -0.697755 -0.75461 -1.41463 -0.281658 -1.00759 0.468826 0.661564 1.22766 -0.135721 1.40014 0.53046 -2.04005 -0.754015 0.793452 0.12626 -0.804188 1.01818 0.432307 0.87325 0.0347437 0.169142 -1.88218 -0.700036 -0.570951 1.30123 0.0865086 0.112713 -1.35045 -0.683612 0.606985 1.16473 2.67699 -0.602961 0.375183 -0.450133 1.13825 -1.45554 -0.665641 0.239561 -0.21883 1.03613 -0.443063 0.862363 -1.31839 0.241449 -0.232645 1.79245 -2.12367 0.800986 -0.361081 0.10585 2.59054 1.15014 2.1561 -0.4258 -0.684957 0.348547 2.28605 0.102349 0.225879 0.273689 2.15034 -0.7814 -0.824646 -1.98654 -0.489607 -2.00883 -1.19164 0.255597 -1.31345 0.00575132 0.34925 -1.23651 0.177931 0.915866 0.501404 -0.351887 -0.894048 0.989546 -0.688801 0.15509 -0.770884 1.66984 0.473117 1.8003 -0.0316019 1.60207 0.0777016 -0.82432 -0.593548 -0.347472 1.41886 -0.878748 0.176285 -0.663598 -0.490085 0.722348 -1.12785 1.72348 0.249904 -1.20825 -0.174521 -0.229457 -1.19147 0.863974 -0.946279 -0.327542 2.1319 1.34606 1.05743 -0.220366 -0.873744 -2.65146 -0.0301806 -0.223048 0.58459 -1.651 1.17857 1.39956 -0.462281 -2.1789 1.16298 -0.0623802 -0.526058 -0.040114 0.462235 -0.0682191 -1.10239 -0.727521 0.51254 0.142132 0.182546 0.25212 -0.770497 -0.134866 -1.23467 -0.567882 0.430331 -1.04821 -0.46326 -1.72501 -0.440711 -0.0830422 -0.192112 -0.215952 0.168475 1.37719 -1.07703 0.454431 -1.14857 0.448401 0.125801 0.966641 1.19383 -0.689564 -0.781789 1.27795 1.12717 -1.54296 0.434881 0.983621 0.640453 0.443706 0.0404012 -0.0160716 -0.0982795 -0.259768 1.04222 2.56776 0.390895 0.216356 0.124572 -0.0872236 -0.965603 -0.836074 -0.246923 -2.16328 0.603181 0.610531 -0.691041 -1.3755 0.346476 -0.0639224 0.806499 0.326682 -0.874458 0.299805 -2.32149 -0.367171 -0.115542 -0.704498 -0.140984 -0.0634018 0.508988 0.49481 0.249845 0.928545 -0.100125 1.11039 1.29265 -1.82694 2.37993 -0.384926 0.612855 -0.74226 1.31895 0.860351 1.28958 2.19928 1.33769 -1.20686 -0.16756 0.682516 2.24109 0.0269279 -1.75509 -0.145725 0.675889 2.13836 1.21696 -0.721871 1.17812 -1.27882 -0.331003 0.64033 -0.135129 -0.509798 0.43459 -0.715158 0.596728 -1.4508 -1.65714 -1.0517 0.42194 1.17031 1.70546 0.128937 0.340243 -0.774953 0.192059 0.202127 1.96225 -0.647706 -0.325744 -0.250731 0.611941 0.315745 -0.834427 0.223135 0.0651854 0.439317 -0.0513567 0.523654 0.91086 0.835791 0.988297 0.188269 -0.0793395 0.819385 0.273833 1.0027 1.20836 0.532568 -0.281557 1.61771 -2.00207 0.0393426 1.57514 -0.488911 -1.84282 -0.434967 1.25433 -0.00811586 -1.27773 0.28048 -0.728237 0.367489 0.203076 0.640647 -0.0925644 
-0.90412 2.17025 0.207508 -0.503134 -1.12532 0.493639 -0.370878 1.17245 1.12908 -1.62964 1.06885 0.0684059 0.0981989 1.49814 1.49369 -0.24631 0.0615961 -1.17454 -0.652306 0.682147 0.178715 0.0838108 -0.0945574 -0.848571 0.781345 0.128685 0.880724 0.39251 1.60584 0.150867 -0.60224 0.0587169 0.145891 1.48403 -1.08652 -0.00717849 0.166492 -0.264755 -0.604791 0.581211 0.392272 2.12448 -0.184195 -0.726169 0.501247 -0.616154 0.758459 1.36768 0.561833 -0.341691 -0.684119 -0.120938 -0.0293184 -0.449759 0.429222 0.191537 -0.868407 0.563176 1.78091 2.12321 1.24747 2.35632 -1.14429 -1.73407 -0.527106 0.475632 0.757162 -0.29634 1.30283 -0.961132 -0.722407 0.423959 -0.949972 0.788126 -1.39803 0.646349 -0.0770894 1.56863 0.311792 -0.942853 -1.16975 -0.594276 0.839205 1.93224 -0.226309 -1.28159 -2.14516 0.791135 0.0907899 -1.02939 -1.98569 -1.78812 -1.23301 -1.0258 0.15101 0.857745 -1.65091 -0.487207 0.292897 0.363693 -0.15579 -0.757318 -0.766501 0.407114 -0.0506007 0.961631 0.179403 -0.592724 1.67689 1.61132 -0.237803 1.22253 -0.509365 0.679613 0.615743 0.246365 -1.4107 -0.275004 0.620692 0.932385 0.845032 1.15471 0.27491 -0.725974 -1.51538 -0.216049 1.14737 -1.09498 0.454169 -0.786652 0.512494 -0.618434 0.926015 0.0260865 0.441057 0.747272 0.656944 -1.21602 -0.229143 -0.367366 -0.844929 -0.486432 -1.5094 -1.53385 -1.29938 -0.8442 0.882849 0.106991 0.531807 -0.0298747 2.2599 -1.48019 0.620859 0.38071 -1.10004 1.21153 -0.658318 0.766843 -1.83081 0.464615 0.559944 0.187277 0.825516 1.058 -1.53382 -0.726653 0.403456 -0.642814 -0.141069 -0.318517 -0.799357 -0.737841 0.259095 -1.26757 0.204068 0.770806 -0.550728 1.14779 -0.178498 0.788197 -0.100761 1.37968 -0.173184 -0.204341 0.774879 2.71886 -1.16243 -1.56293 -1.07356 0.084642 1.5075 -1.07283 0.695529 -0.708546 -0.986278 -0.620731 0.418357 -0.77205 0.261534 0.620134 -0.574167 -0.746627 1.12703 0.503874 -2.16818 0.796668 -0.682627 -0.0587876 0.942404 0.307049 -0.799397 1.22981 -0.0150686 -0.630352 0.807197 -0.886275 -1.09895 0.220376 -0.872293 -0.460287 -0.330693 0.890002 -1.60186 1.73871 0.0968745 -0.15114 -0.424663 -2.49956 1.43084 0.623368 -0.891451 0.279852 0.251987 -0.709075 -1.48236 -1.96105 -0.022229 1.51049 1.52464 -1.39139 -2.11345 0.947709 1.68415 0.0510643 -0.880403 -1.39609 -0.690034 0.359153 1.98032 0.297674 -0.332035 -0.671318 -0.458113 -0.673025 0.051725 0.663146 0.655663 -0.7841 1.1729 -0.971281 0.837034 0.868862 0.754394 -0.0873514 -1.0453 -2.18488 1.62226 1.0045 0.235019 -0.132293 -0.383899 0.546525 -0.413588 -0.0602947 -0.611417 -0.36939 -1.25641 2.2025 -0.0187526 -1.05394 0.0806435 1.16467 -0.244662 0.668223 -0.385893 0.00742461 -0.0490619 0.368861 0.00758555 0.831631 -0.799383 -0.722343 -0.515969 0.249347 -0.38534 -0.478344 -0.277415 1.43628 -0.389864 0.160738 -0.875113 0.366047 0.6023 0.984442 0.0746727 0.630567 -0.308667 0.686968 0.77264 -0.936447 0.987863 -0.904257 1.61589 1.29954 0.361208 -0.318272 -1.1049 -1.58715 0.146846 -0.369262 0.632632 1.2799 1.10247 -1.23153 0.0572891 0.533602 -1.22846 0.452729 1.24598 -0.128238 0.269167 0.0772502 -0.531344 -0.438974 0.696646 1.30477 0.157149 0.0456736 0.442598 -0.732515 -0.907107 -0.0834956 0.356782 0.225592 -0.65771 -0.292741 0.675431 1.10262 0.269791 -0.424027 1.23548 0.893296 0.72501 -0.611918 0.478066 0.499731 -0.393507 1.11172 -0.853375 0.290546 0.318041 -2.60521 -0.852453 1.66269 1.0588 -0.533867 -2.55835 0.0251939 0.528852 -0.664801 -1.53723 1.49594 -0.573737 0.120321 -0.630355 -0.715991 -2.01894 -0.687842 -0.719721 -1.539 1.05858 0.221652 -0.513219 0.535375 -0.0411822 1.11373 -1.36091 -0.185101 -0.00575015 -0.29284 -0.0630144 -0.610284 -1.32284 -0.0672593 -1.16126 0.342561 -1.45138 -0.490402 -0.0160597 -0.0889165 -0.37797 0.947616 1.43113 1.1829 -0.430242 -0.0613004 -0.01508 -0.795203 0.423482 0.412952 1.19046 -0.600333 -0.876477 -1.77869 -1.48064 0.903593 0.64511 -0.149623 0.274251 0.404824 -0.945675 0.595985 -0.292697 -0.0732752 -0.368413 1.41999 -1.16391 0.295798 -0.690555 -0.724725 -0.37398 0.767948 -1.07671 0.970615 0.762972 -0.687964 0.758036 -1.00254 2.33357 -1.46656 1.50353 1.28396 1.46681 -1.07044 0.615277 0.112082 -0.274706 -1.05159 0.503187 0.0070794 -0.694655 0.672774 0.339411 -0.296426 0.0885733 -0.537909 0.204919 -0.936972 0.190364 -0.802446 -1.89029 1.22287 0.287045 0.775639 0.434167 -0.0805706 -0.366751 0.178645 -0.960028 0.228022 -0.333261 -0.321636 -0.100475 0.00898139 -1.09753 0.506248 -0.800115 0.516499 1.8343 2.48914 -0.734099 -1.00864 1.23211 1.37159 0.847895 2.51674 0.916254 1.26451 1.84653 0.127238 -0.69506 0.796084 -0.199772 2.75791 0.909672 -0.669002 1.59692 1.83692 0.518536 -1.17343 -0.728221 -1.299 -0.322108 0.504426 -1.46802 -0.883727 0.859093 1.66557 0.510781 -0.322358 0.540629 -1.08587 -1.18119 0.208737 0.68497 -1.80678 0.0513583 -0.53836 2.19684 -0.665614 0.384171 -0.289271 1.12455 0.973146 1.87246 -0.996302 0.683915 0.651937 -2.17384 1.33306 0.145542 0.372228 2.12415 0.0646483 1.78405 -1.36233 1.41384 0.10081 1.8171 -1.75674 1.01579 0.597812 0.123476 1.01474 -1.06355 -1.05442 0.510357 -0.301266 -0.489363 -0.750062 -0.750981 0.19143 0.843407 0.856635 -0.310121 1.2278 0.877638 1.46262 1.79669 0.411767 -0.481873 0.0118112 1.59474 0.484106 -0.17393 1.1526 -0.968851 -0.575754 0.838797 0.409973 1.62105 1.32329 -0.656375 1.74112 0.796036 0.168731 1.45326 1.85071 -0.786025 -0.99247 -0.308436 0.490271 -0.443777 -0.335457 0.372097 0.914753 0.134435 -0.451822 1.57308 -0.584042 -0.742512 0.37508 0.969231 -0.799853 3.20706 0.30232 0.37551 0.905679 0.838831 0.874511 -0.435226 0.914856 -0.181323 -0.568058 -1.78366 -0.722431 -0.820828 0.724555 -1.26324 -0.781505 -0.0821519 0.723798 1.58581 -0.954198 1.42884 -1.44865 1.37853 0.96736 1.89356 -0.0737181 -3.04469 1.16254 -1.29628 -0.182856 1.36102 1.07343 1.54818 -1.16746 -1.14344 1.11278 -1.38072 0.810584 -0.73512 -0.473822 -1.22527 0.189381 0.822222 -0.953418 -0.898917 -0.578364 0.358187 -0.95441 -0.761316 0.339506 -1.13285 0.952329 -0.024418 -0.198965 -1.10655 -0.999691 0.197635 -0.216369 -1.22694 -1.33936 -1.49007 -0.021609 0.825763 1.02208 0.709019 -0.162932 -0.82941 0.401271 1.80398 -1.2564 2.80399 -0.413798 0.920664 -1.31297 0.133332 2.36508 0.665312 -0.63074 0.633036 0.0409278 1.04078 -0.0682663 -0.25935 1.16286 -0.212726 -1.19255 -0.228142 1.82732 -1.32753 -1.34578 0.244066 0.449738 -0.543833 -0.142699 0.857411 -1.18439 1.66723 -0.660779 0.316053 0.285935 -1.37065 -1.24651 -0.0897512 -0.188239 1.51329 -0.148846 2.57951 -1.39043 -0.270628 1.69897 -1.72564 0.360941 0.208479 0.847804 -0.394755 -1.25316 1.80676 0.603398 0.256255 0.178937 -0.440922 -0.522894 0.399369 -2.84891 -0.387992 -0.660454 -2.86059 -0.66525 -0.523115 1.39629 1.66408 -1.16554 -0.345945 -2.31947 0.541964 -0.901141 0.153099 -0.237446 -0.244371 -1.39024 -0.563787 -1.64735 0.271071 0.198433 -1.08217 0.162084 0.62481 1.74506 -0.020938 -1.49834 -1.52698 -0.605815 0.132083 -1.02724 -0.996286 1.10243 -0.558337 0.346257 1.32718 0.749742 1.12043 1.70459 -0.958951 -0.981964 -1.28981 0.725905 0.46746 1.73893 0.602694 -1.74051 -1.08399 0.0342933 0.193361 0.158828 0.104901 -0.232626 2.38725 1.26962 -2.49003 -0.979168 -1.1403 1.07629 0.0245186 0.48304 -0.280849 -0.718546 1.07575 0.663957 0.0786052 0.246822 
-0.841447 -2.147 -0.583749 -1.47293 1.58027 1.72795 0.732788 0.119381 1.8249 -1.22185 0.245096 0.0866231 0.296776 -1.46232 -1.30133 -0.766743 0.548982 0.52064 0.433666 0.493414 -0.950193 -0.603758 0.0308759 0.663704 -1.80987 -1.18222 -1.07626 -0.339479 0.561556 -1.03885 0.0174464 1.7828 -1.79153 0.440354 -0.560155 0.765344 1.30144 -0.795144 1.0258 -1.39591 0.174757 0.240159 -0.31791 -0.671879 0.594523 0.749767 0.823101 -1.93635 1.38793 -1.88156 0.813951 1.12973 1.10377 -1.33123 -1.24467 0.823824 0.447229 -0.491028 -0.31885 -0.164625 -1.78432 0.635535 0.587123 -0.209212 0.373974 1.11219 0.099256 0.629677 1.14438 0.394456 -1.76019 0.402541 0.414171 0.516303 -1.15772 -1.78333 -0.374682 -0.886958 0.0969241 1.18929 1.61152 -0.193959 2.15396 -0.29962 -0.57605 0.172214 1.36776 0.233234 1.29203 -0.35738 -0.508839 1.64977 1.02496 -0.536035 -0.361413 0.422155 -0.973711 0.50201 -2.94285 -1.04969 0.397485 1.40012 0.377857 0.113444 0.993978 0.175808 -0.451217 0.469925 -2.17515 1.12612 0.000251427 -0.702466 -0.922508 0.657271 -0.399911 0.759674 -0.152261 -0.423109 0.582947 -0.745392 1.39391 1.1131 0.706607 0.478395 -0.231515 0.0829418 -0.015556 2.26708 -0.869622 0.0937001 1.69483 0.131986 -0.945497 0.1722 0.0584894 -1.74931 -0.403459 0.658096 0.826738 0.39706 1.51165 -1.45637 0.0660231 1.07978 -0.460679 -0.0200501 0.335005 -1.05472 -0.409276 0.920726 1.07894 -0.876809 -0.729105 -0.431506 -0.714954 0.266989 -1.50488 -0.771972 1.90146 -0.862232 0.227245 -1.0392 -0.305793 0.314322 0.80267 0.0868617 0.568366 0.535239 0.688375 -1.89545 -0.573549 -1.912 0.416661 0.465981 -2.03129 0.650469 0.611015 0.316032 -0.363615 0.465034 -0.314586 -0.447474 -0.507119 -0.227417 -0.134549 -0.376377 -0.18311 0.383688 0.0101403 -0.156568 -0.458163 2.01786 -1.77444 -0.35466 -0.620041 -0.136322 -0.903758 0.450585 0.419429 0.85972 -0.373061 0.44518 -0.688791 2.46468 0.228467 0.0323838 1.32601 0.479536 0.0319575 1.90543 -0.440217 -1.56645 0.668276 -1.12062 -1.3113 -1.00701 1.09971 -1.28428 -1.28756 -0.161025 -1.31903 -0.7566 -0.821573 0.0316236 -0.849326 -0.306523 -0.248383 -0.474059 0.74142 -1.64987 0.888712 -1.06299 -1.72257 -0.497102 0.510149 -0.822847 0.622495 -0.42431 0.498424 -1.4867 0.788236 0.599523 -0.859917 -1.10221 1.24234 0.364991 0.533981 1.05718 0.492471 -0.2983 0.180286 0.174933 1.56107 -0.533357 0.125921 0.609762 0.0945135 0.220594 -0.3829 -1.36115 -1.03104 -2.01075 -1.35195 0.564405 -0.435581 0.229674 -0.0061448 0.920406 -0.0159055 1.50951 -0.186084 1.65725 -1.04785 -0.398054 -1.82016 0.671399 -0.343033 1.25028 0.506558 0.947408 -1.78214 0.791926 -0.582029 -0.0377272 -0.61477 -0.458958 1.28925 0.316768 0.0446184 -0.86577 0.475552 0.236842 -0.926368 0.756904 0.374972 0.825376 1.71875 0.630674 0.253945 -1.11204 1.43709 -0.699274 0.348753 0.344832 1.22011 -0.80413 -0.902941 -0.683703 -0.757589 -0.229046 1.37918 -0.503635 -1.54735 -0.40915 -0.18869 -0.531209 -0.675079 -1.31716 0.722106 -1.60495 1.50609 -0.461474 -1.19302 -0.770935 -1.79195 0.208977 -0.456036 0.608124 -0.421533 -1.14522 -0.935919 -1.21124 -0.692706 3.00792 1.55263 -1.29886 0.0887404 0.91351 1.76488 1.05946 0.198946 -2.10007 0.0774726 2.13559 0.383882 -1.47221 -0.658775 0.549478 1.06527 -0.100134 0.931334 0.134399 1.90276 1.08078 0.351719 -0.0153248 0.288426 0.309756 -0.547249 -0.25873 -1.1475 1.39859 -0.75201 1.41837 -0.0269938 0.306005 0.796366 1.34043 0.776667 0.141477 -0.876661 0.74055 0.774885 -1.19077 -1.22083 2.20781 0.701048 -0.543107 2.21523 2.71036 -0.43604 -1.33711 1.29317 -1.63875 -1.02891 0.886314 -0.425524 -0.880705 -0.0229431 1.28199 -0.806653 1.35061 -1.36293 0.127307 0.87461 0.915104 -0.105869 -0.183245 0.0874253 2.11765 0.657483 -0.30128 0.363929 0.890638 -0.673755 0.391663 -1.15504 0.85039 -1.38095 0.292829 0.647617 -0.329866 -0.802242 -0.442199 -0.288885 -1.11187 -0.63256 -0.666695 0.297506 0.517839 -0.340736 0.428643 -0.0946268 1.50563 -0.117041 2.5894 0.0380686 0.918012 1.23609 -0.142059 1.25944 -1.66337 -1.26933 -0.769064 0.681481 0.753941 0.294518 -1.87074 0.301764 0.579993 0.345408 -0.76601 -0.936809 -0.3441 -0.363441 -0.616022 -2.20324 0.146303 0.238778 -0.227485 -1.59465 -0.040729 0.00906792 1.39996 -0.536336 -0.699782 0.834768 3.40311 1.05046 -1.5648 -1.41577 1.20911 -0.0804346 0.548359 -0.94299 0.95033 0.284448 0.896154 0.569522 0.581281 1.14521 -1.69947 -0.464197 1.10688 -1.24187 1.36909 0.335149 1.28945 0.548436 0.327796 0.442866 0.188041 -0.210603 0.179668 0.698658 -0.894373 0.0269307 -0.154903 0.0788258 -1.70673 0.749471 0.469127 0.0194395 0.586493 -1.66677 1.04417 1.35589 0.181506 0.0323777 1.32126 -0.905069 -0.55414 -1.14675 -0.395425 0.611939 -0.722675 -1.19652 -0.474495 -1.36134 -0.643744 -0.800847 0.071267 1.1228 -1.17286 -0.427902 -0.576135 -0.420056 -0.370261 -0.657842 -1.74535 0.52869 -1.3746 -1.38704 -0.315782 -0.687394 -0.475841 -1.16875 -0.21245 -1.64436 0.873933 0.755117 1.82121 1.0954 -0.315934 -1.20085 -0.343115 0.80329 -0.305144 -0.0756142 0.67645 -1.69306 -2.00929 -0.697408 1.76114 -0.560064 1.9236 -1.54468 -0.39812 2.11567 -2.35296 -0.211806 -1.53429 -1.35354 0.982853 1.87574 -0.148522 0.467815 -0.378831 1.07007 -0.0599654 1.57977 -0.577041 0.788789 -0.72845 2.98407 -0.194931 0.928226 1.81016 -1.13476 -2.49772 -1.53101 -1.47391 -0.841626 -0.356865 -0.463638 0.694821 0.339342 0.30754 0.126906 1.0394 0.474365 0.975816 0.718506 0.383599 0.455676 -1.84444 -1.13493 -0.295812 -1.01091 0.161643 0.867503 1.17785 -0.479847 -0.0903917 -0.479604 1.52001 0.436175 -0.233549 0.0159537 -1.58645 -0.0741148 1.03844 0.532046 0.0303264 0.187665 -0.318611 -0.272332 -0.0617593 0.358918 -0.352263 -0.815301 -0.197552 0.747351 0.488638 0.599579 0.476968 -0.864625 0.907241 0.884491 -0.127385 0.480176 0.243748 1.8357 0.43517 1.52475 -1.07783 1.49225 0.781102 0.293569 1.00457 -0.938368 -2.47682 1.43506 -0.848282 1.03586 0.0654753 0.537357 -0.791679 1.66196 2.51912 0.954728 -0.332611 -0.913815 -0.968443 -1.37676 -0.991474 0.103504 1.00463 -1.9097 -1.77701 -0.145305 1.52783 -1.03676 -0.796178 0.509533 -0.309127 -0.821685 0.982902 2.23582 -1.00317 -0.977058 -0.254661 0.38859 0.445014 1.49905 0.141963 0.194201 1.58313 -0.684662 -0.631416 0.86573 -1.15223 -0.337646 -0.16132 1.67134 0.682891 -0.297623 -0.469847 -0.300874 -0.7028 -1.41392 0.0494521 0.172655 -1.56026 0.531786 -0.56852 -0.0599906 0.373544 1.33747 -0.414955 0.706913 -0.997606 -0.693268 -0.436287 -0.660558 -2.43616 -0.278189 -0.386863 -0.544503 -0.384934 1.62437 1.86893 -0.174228 0.148385 0.0321711 -1.00416 0.0612051 -0.182005 -0.656011 -1.07215 0.701676 -0.841917 -1.47729 0.309444 -0.122374 -0.42548 -0.221134 -0.256534 -0.443009 -0.041802 -0.771039 0.720493 0.451021 -1.35591 2.20976 -0.00467462 -0.183357 0.923467 -1.08921 -0.718071 0.560092 -0.311355 -0.098862 0.583254 0.0491951 -0.991225 -0.992958 -1.31005 0.48883 -1.74044 1.68309 -0.45216 -0.185953 -0.414648 0.760024 0.0538587 0.235599 0.44894 0.4472 -0.429923 -2.13165 0.839903 -0.89671 -1.1236 1.23565 -0.517095 -0.0794027 1.62561 0.649592 -1.3579 -0.452862 -0.252082 0.0691776 -0.692575 0.888234 -1.21115 1.2698 1.81491 -0.073344 1.92011 -0.468346 -1.31582 -0.398472 -1.21734 -1.05544 -0.9642 1.33878 0.986925 -0.92289 0.074579 -0.108447 -0.709375 0.916115 0.374817 
1.06799 0.604112 0.685019 0.0620888 0.111711 0.702482 -0.229455 -1.21385 1.27793 1.35529 0.629433 1.52925 -0.567495 0.541849 -0.782913 -1.37371 2.18295 -0.431529 -0.588285 -0.742741 1.13138 0.243114 1.02566 0.00483437 0.0113716 0.284431 -0.284283 1.54264 2.43279 -0.041132 0.0304838 -1.61149 2.11022 -0.277072 -0.901188 -0.421402 1.81391 -0.154457 -1.28124 -0.000428159 1.26969 0.563764 -1.14201 -0.0978038 0.319874 -1.1764 0.414819 0.532551 -0.943419 0.974675 -0.35617 -0.304765 0.977705 -2.13468 0.451897 1.82883 -0.24656 -0.125986 0.276262 0.842448 -0.059103 0.033842 -0.171622 0.838373 -0.0481858 -0.0922135 -0.968915 0.00090941 0.052041 -0.0666279 0.262528 -0.806791 -0.633423 -0.454447 0.811596 0.278709 -0.710775 -0.19827 -0.14227 -1.03252 -1.13423 0.800235 -0.733644 -0.615788 1.09612 0.300397 -0.312887 -0.684895 0.886825 -0.717508 -0.387367 0.988249 0.075176 -0.385033 3.02031 0.238264 -0.811731 0.30621 0.696779 -1.05311 -1.69763 0.465757 0.207618 0.175803 0.279111 -1.32535 -1.00086 0.00790403 -1.16361 0.367499 -0.0884459 -1.43633 -0.372628 1.5766 0.208642 -0.200597 -1.09426 1.64489 1.00252 -1.28684 1.12453 -2.26209 0.33851 -0.894039 -1.45504 -0.0527431 0.482099 0.277347 -1.71255 -0.447185 -1.12921 0.283212 -1.72983 -0.719539 0.443541 0.594872 -1.47112 -0.582823 -0.173075 -0.577981 -0.741523 1.79034 1.45066 0.431504 0.89032 -0.270703 -1.3712 2.14932 0.207473 -1.35346 -0.889937 -1.08822 -1.97821 -1.05322 -0.542429 -1.55388 -1.61546 -0.687261 -0.982506 0.0378241 -2.50826 -0.208782 1.25126 1.09834 0.688088 -0.110111 -0.741748 0.481716 -0.44805 -1.24145 -0.964915 0.569391 0.203931 -1.38788 1.0546 -1.99041 1.06643 1.05048 -0.315428 -1.50706 -0.00408613 -0.778408 0.157158 -0.964522 -2.03128 0.348372 -0.251365 0.181776 1.53874 -0.485301 2.27817 0.311161 1.88885 1.06989 1.77187 -0.091251 1.2823 -0.0423157 0.703687 -0.975576 1.01052 0.607383 -0.74675 0.853213 1.15573 -0.0821395 0.430682 2.94588 -0.963271 -0.945309 -1.66964 0.930774 0.430384 -0.29163 -1.31026 1.02163 -2.35497 0.648239 -0.111423 -2.14899 0.45456 0.1584 -0.188648 -0.532872 0.946429 -0.807601 -0.713428 -0.199386 0.198193 1.60231 -1.11819 0.26943 0.0891893 -1.6318 0.818376 -0.850936 0.981808 0.0692966 1.38342 1.75375 0.663135 -0.595052 0.985339 -0.736846 1.32674 -1.29564 -0.849912 0.699528 -0.0802765 0.246039 1.90442 0.167902 1.94068 0.986109 0.405765 -0.251342 0.751755 -1.11451 1.00423 0.154124 1.91202 1.29667 1.1346 0.0286176 0.949857 1.42864 -0.574008 2.04706 0.448374 -1.24652 0.423447 1.22026 0.512369 1.43069 1.75295 0.918705 0.0618186 0.179678 1.06858 -0.822579 -1.2782 -0.752052 -0.512026 -0.20468 1.44517 -1.32593 -0.0723731 0.203259 0.406932 1.33719 0.155774 -0.586851 -0.623739 -0.189305 0.762554 -1.90501 0.240034 -0.463389 1.01616 -1.18525 0.818306 1.24989 0.0978147 0.261007 0.491927 -1.40978 -0.135584 -0.846139 -1.18014 -0.408124 -0.996082 -0.348866 1.30969 0.712391 0.659206 -1.21828 0.364252 -0.0749045 -2.28155 -0.441994 -1.5151 0.240247 -0.688086 2.30901 0.306823 -0.774873 0.0439948 1.13771 -1.58174 -2.70009 0.811482 -0.133593 -0.275088 0.5473 0.743179 -0.31652 0.872257 0.970439 0.559299 -0.427727 -1.74282 0.925077 0.23077 -0.424792 -0.804671 1.3894 -1.36368 -1.15077 -0.383563 0.0826039 -0.361503 -0.645128 -0.229523 -0.42431 -0.0695014 -0.488903 0.182121 -0.846361 -1.937 0.121502 0.865679 1.5114 -0.815124 -0.113617 -0.557296 0.110729 0.23194 0.740958 2.78846 0.849545 0.6064 -0.490162 0.128897 -0.256052 1.19347 -0.117816 -0.5267 -1.22218 -1.52665 -1.00473 0.752997 -0.713702 -0.467836 -0.891808 0.578328 -0.116699 1.13914 0.165056 1.58168 1.04272 1.31093 0.276097 1.47344 -0.474711 0.390918 2.08867 -0.0224651 0.498223 -0.526972 -2.34902 -1.0758 -2.4486 0.194551 1.81321 -1.30384 -0.178194 0.0109732 1.40473 -1.0136 0.120605 2.3726 -0.00445884 -0.351616 1.03543 0.742584 0.561144 0.424117 1.71836 0.0712437 -0.0459044 0.905347 1.05871 1.51579 1.78657 -0.00295856 -0.0619582 -0.907319 -0.198414 -1.65391 -0.78301 -0.774562 1.2149 1.46228 -0.878926 0.636079 0.390385 -0.319455 -1.23178 -0.473369 0.945671 0.846291 0.853132 -0.823435 -1.42765 0.125809 -0.926641 -1.00646 0.846832 -0.270131 0.978381 0.604411 0.450525 1.63971 -1.24275 -0.526087 0.1105 -0.308074 0.0652679 -0.0791892 1.33648 0.267389 -0.0200309 0.627608 -0.499625 -1.06919 0.89448 0.210891 0.180252 0.123464 -0.429804 -0.301782 0.0609797 -0.129064 -0.086981 0.00235182 1.10634 0.685693 -0.27352 0.537055 0.277875 1.40291 0.730407 0.281435 0.482671 -1.33189 0.872393 0.194886 -0.563745 0.464647 0.987408 -0.27325 1.41756 0.156605 2.94136 0.51574 0.798682 -0.606529 1.13421 0.441318 -0.0814603 -1.63221 0.315995 -0.73594 -0.690581 -0.596481 -0.219371 0.0537636 1.14668 -0.337634 0.749846 -0.99898 0.432384 -0.803998 1.22444 -0.309482 -0.716292 2.74156 -0.299853 1.07247 0.269352 -0.695282 -0.620729 -0.561182 -0.90313 -0.990961 -0.472596 1.29823 1.58218 -0.303765 -0.114971 -0.988675 -0.772792 -0.919253 0.958921 0.0560692 1.13153 0.4511 -0.647179 1.25635 0.0514756 0.20087 -2.71037 -1.0473 -0.466616 -0.507227 0.379822 0.461193 1.02546 -0.578464 -0.891894 -0.0907603 -1.62835 0.470148 0.876283 1.13624 -0.86859 -0.645828 -0.759704 0.0364536 -0.30742 1.22758 1.21837 0.0120062 -1.20355 -0.288595 0.204477 0.666947 -0.511573 -1.83907 -1.85338 -0.304015 1.02836 -1.30154 0.396525 -1.54612 0.393146 -1.39511 0.145169 0.535306 0.145613 -0.418114 1.22583 1.31679 -0.723381 -1.25727 -0.277922 -1.02157 -0.575507 0.0735897 0.636278 0.972325 0.270585 -0.410306 -2.06077 -0.525968 -1.37394 -0.267454 1.02551 -2.24051 -0.99488 -1.12021 -2.44688 -1.25412 -0.891987 -1.10951 -0.392833 -0.57648 -0.0337994 -2.2587 1.53888 2.21303 0.145043 -0.462281 -0.798481 1.35512 0.202999 0.370127 -0.853222 0.571758 0.183222 -0.597573 -1.32489 0.605328 1.60719 -0.182053 1.11305 2.02281 -0.662389 -0.628844 -0.630523 0.484328 1.0402 0.616412 0.394224 -0.74604 -0.724438 1.57532 -0.636349 0.522994 -1.85993 1.22937 2.25217 -0.320487 1.14789 -0.103207 -0.748671 0.285989 -0.774565 2.29935 -1.12278 0.606269 -0.544599 -3.19193 -0.139198 0.899119 0.748019 0.425931 -1.7622 0.196695 0.310947 1.57327 -0.255552 1.89522 -1.30769 0.58171 -2.0887 2.56478 0.613875 -0.291293 -0.270651 -1.08629 0.0104283 -0.312488 -1.2816 0.49727 0.375152 0.85218 -0.137606 -0.308617 -1.05429 0.50207 1.32226 0.309339 1.18079 -0.340589 -0.0325697 0.0599178 -0.558261 1.47447 0.488676 -0.339067 -1.37978 -1.35769 -1.09849 -1.15533 1.51379 -1.86453 -0.234493 0.557971 -1.21665 0.172102 0.0154032 -1.95612 0.880242 0.745439 -0.0351153 0.857802 0.475098 0.283037 1.74359 -0.45499 1.05132 0.549338 0.0807442 -1.28018 -0.141228 0.683978 -1.21655 0.397923 -0.0307175 1.30383 1.05524 0.0734558 -0.0837619 -0.942857 -0.700581 -1.51322 0.298228 0.2163 0.777412 0.199114 1.80647 0.605055 0.915491 0.974823 -1.53497 0.0385527 -0.612456 -1.56291 0.0373914 -0.746184 -0.427652 -0.150552 1.34201 0.632605 0.456996 0.47025 -0.562137 -0.117256 0.7195 -0.65225 0.673686 0.242671 -2.55856 0.487049 0.783924 -1.57611 0.441692 -0.427736 -1.364 -0.332496 -0.333202 -0.297796 -0.525788 -0.928927 -0.132454 0.811536 1.38099 1.71727 1.34535 1.64727 -0.306916 -0.21357 0.280929 -0.0239854 0.233274 -0.643488 -1.06859 1.12144 -0.0106096 -1.62447 -0.3551 0.394396 -0.268577 
-0.562782 -1.06753 1.2507 1.19194 -0.325133 -1.80927 1.58007 -0.410368 -0.688702 -0.198409 -0.573489 -0.457554 -0.383575 -0.171551 -0.181676 0.012447 -1.19099 1.44971 -0.900762 -0.313963 1.57239 -0.226288 -0.519412 -0.0923325 -1.5647 -0.877121 -0.042014 0.228647 0.0780962 1.02873 0.463361 0.916812 -0.627666 -0.0413325 0.0151021 0.016256 -0.926024 0.0345918 0.287648 -0.522984 0.229757 -0.955679 0.546308 -0.201706 0.267004 1.24432 1.09848 -1.95469 0.134951 -1.15161 0.711758 2.04275 -0.654242 -0.172776 0.933118 0.716904 0.612576 -1.33367 1.1332 0.187551 -1.72497 1.31402 0.402017 -0.240639 -0.795349 2.23067 0.380362 0.548377 -3.84926 -1.01822 -2.33542 -0.618122 -0.11681 0.677137 1.76403 0.909748 -2.65188 -0.0118011 1.1692 -0.689205 -0.542474 0.744132 0.260418 -0.752373 -0.113629 -1.12277 0.874727 -1.25326 0.540051 -0.489343 -1.04843 -1.20973 -0.282786 -0.078818 2.13204 0.567556 1.22982 -1.33111 -0.146603 -0.490561 0.635146 0.421278 0.788887 0.371187 -0.465714 -0.518989 0.962888 1.37295 -0.536948 0.822978 1.05992 -0.0831029 0.846102 -1.42016 -0.0835727 -0.270969 0.366112 -0.294841 -0.652126 -0.101028 -1.30699 0.246203 -0.464724 0.454363 1.85322 0.462824 -0.769529 0.893033 1.01269 1.67029 -1.37392 0.215412 -0.0751781 0.715651 0.180377 -0.611424 1.165 -1.44595 0.879537 -1.37044 -2.49993 1.5318 -0.74169 1.55657 -0.289455 1.72166 0.628216 -0.320209 -0.84072 0.0549123 -0.367547 -0.327163 1.55718 0.61095 -0.541681 -1.04463 1.40414 -2.0142 0.471652 -1.11573 -1.61814 -0.392928 0.859555 -0.48127 0.397471 1.01496 -0.580664 0.969357 -0.230359 -1.54982 -0.0185155 -0.188541 -0.883207 0.543363 0.00912939 1.27047 -1.16179 -1.04388 -1.57439 1.32562 -0.984004 -0.392764 0.377501 -0.215703 0.187043 1.54056 1.46791 -0.580559 -0.432717 -0.953957 0.471766 -0.535482 1.13141 2.26138 -1.64033 -1.04366 -0.101964 0.379661 -0.330202 -0.317156 -0.563568 0.429033 0.0707195 2.15895 1.00519 1.20996 0.187839 0.684547 0.544182 0.324239 0.521245 0.0026321 -1.07596 -0.0849819 -0.11741 0.660478 2.32898 -0.398221 1.28296 0.159559 0.420537 -2.17829 -0.725022 0.710586 0.223191 -0.268581 0.432776 1.55655 1.26944 0.0679573 -0.867901 1.34294 -0.662133 0.228598 1.014 -0.579365 -1.24585 -1.07419 -1.05618 0.190887 -1.58229 -0.221867 -0.768053 1.12869 -0.486531 0.733432 0.00453438 -0.509853 -1.30238 -0.0421463 -0.489567 0.916519 -1.07403 0.0552804 -0.623866 -0.74235 -1.56956 0.366282 0.584583 1.09009 -1.48116 0.887948 1.68918 -1.12306 0.412392 -0.450768 -0.143074 1.9793 -0.274615 0.0049323 -0.518966 1.63265 -0.623739 -1.52971 0.897131 0.279066 -0.41529 -0.625091 -0.280043 0.216271 0.210855 -1.55829 2.18551 0.466301 -0.674364 0.830308 0.926869 0.00030255 -0.0105513 0.490519 0.910057 -0.0389019 0.261615 1.34109 -0.448097 -0.0453563 0.730512 0.99297 0.968654 -0.764993 -1.68136 0.359933 -0.273516 1.32923 1.25958 -1.82085 0.339687 -0.284771 0.537992 0.00353222 0.325857 -0.0589347 -0.608861 1.51896 0.929137 -1.02179 -0.337975 -1.01826 1.68549 0.16288 -0.878566 -1.06824 0.653274 1.38572 -0.782651 -0.768946 1.24388 -0.150172 -1.47363 0.325715 1.15797 -1.37385 -2.2796 -0.316855 1.61718 0.900027 0.530863 1.10181 0.0684852 0.0276246 0.25364 1.2815 -0.453401 -1.23154 0.521162 1.29419 0.682453 -0.816802 0.32993 0.563969 1.32615 -2.13136 -0.448792 0.421488 1.24886 -0.332425 1.02416 0.388154 0.181432 0.289263 1.16421 0.357966 -1.37246 1.27455 -1.64581 0.632477 -1.93191 -1.74016 1.75166 0.29631 -0.952713 -1.15343 -2.01015 -1.7013 -1.40427 1.40802 -1.9102 -0.78806 -0.245086 -0.54492 -0.1963 -0.626183 -0.0293851 -0.0457815 3.11322 -0.220414 0.783413 1.0895 0.370708 0.419221 0.76475 -0.519363 0.833498 -0.304389 0.657909 -1.26815 -0.135678 0.441567 -0.243785 -1.85593 -0.653444 0.590987 0.406999 -0.912951 0.246379 0.243298 1.60385 1.30296 -0.467014 -0.919207 -0.413902 1.47268 -0.979258 1.82606 0.609396 -0.164555 -0.975116 0.386916 1.26253 0.342716 -0.936516 -1.48084 -0.864606 -1.12164 -0.901368 1.80891 -1.03192 1.68222 1.28086 1.90505 -0.184885 0.57491 0.115119 -0.784475 -0.772038 0.487709 -1.68946 0.328386 -0.836518 0.831934 -0.956779 1.61552 0.160841 1.12038 -1.53408 0.855598 0.415718 0.0876381 0.753872 -0.298802 -1.40318 0.735603 -0.0576586 0.928567 0.247947 -0.212795 -0.152012 0.551052 -1.27641 -3.80065 -0.497485 0.865629 1.90709 -1.45701 -0.75282 -0.0662795 -0.767327 -0.355347 1.42731 -0.17152 -0.591394 -1.13544 -0.859081 0.397823 1.84458 1.24192 1.35462 0.779249 0.234985 1.06535 -0.266828 -0.0229563 -0.16631 -0.0410109 0.452191 -0.652161 -0.275413 0.498125 0.286791 1.02238 -0.618574 -0.27609 0.175283 -0.231114 1.15323 0.989301 -0.0380773 0.028147 -1.54528 -1.20497 0.699327 0.0743256 -1.30053 0.553561 0.795068 -0.816252 1.5125 0.0433112 0.875854 0.893602 -0.341188 1.46472 1.18273 -0.200098 -1.70659 0.195592 -0.990178 -0.39988 0.236564 0.372865 -0.928135 -0.757634 -0.285842 1.44539 1.55598 0.0481031 -1.13565 -2.43062 0.991952 -0.346791 -0.212148 0.507924 0.376472 0.689216 -1.33527 -0.112038 1.66333 -1.02883 0.00961262 -1.16773 0.195012 0.729822 -0.641376 -0.234317 1.16773 -0.0176455 -0.891739 0.502873 0.609223 0.503561 -0.282053 -0.156047 1.57231 -0.56981 0.384801 0.177953 0.657033 -0.220115 -0.564865 -0.164292 1.59807 -1.31851 -0.0911993 -0.402273 0.944162 0.915583 0.00401424 0.41127 0.260051 0.540166 -0.230714 -0.722854 0.564546 1.41678 0.512433 0.8782 0.351559 -2.72082 1.87087 -1.04081 -0.345525 -1.70927 -0.466487 -2.08116 1.45165 1.49216 0.583777 1.57551 -1.2119 -1.11856 -1.16682 -0.846147 -1.19775 -1.04481 -0.475901 0.523328 2.44765 -0.303593 -0.493028 -0.636429 0.997602 -1.28574 0.106055 -0.100039 1.32075 0.0308792 0.444582 -1.39667 0.438776 -0.921518 0.340091 0.183063 -0.06914 0.745785 0.633921 -2.59135 0.491341 1.4862 1.28156 -2.13119 1.29956 -0.871153 1.5825 2.27413 1.5602 0.255303 0.302254 0.170146 0.695301 0.330337 1.55119 -0.50899 -0.141224 0.226346 -0.37022 0.707293 -0.491039 -1.75631 -1.4961 0.201821 0.356185 1.14545 -0.943971 1.40517 -0.131973 -0.216762 1.26467 0.0373624 1.33357 0.107089 -0.420164 0.375343 0.49313 0.818304 -0.020343 -0.469253 0.246944 -0.885793 -0.742561 -2.02784 -1.14938 -0.250922 1.68812 0.0976986 -0.101181 -0.561918 0.00452357 -0.611954 -0.993256 0.199004 0.722051 1.79805 -2.45424 0.782228 -1.06631 0.340359 0.808748 0.691396 0.83597 -0.032641 0.359488 0.392062 0.746438 -1.34681 0.622013 0.234989 0.30798 1.63527 1.98359 1.18776 -2.22916 1.0091 -0.746533 -0.30124 0.0617401 0.875309 1.02391 0.735296 -0.172417 0.158836 1.10303 1.32866 0.252491 -0.0391943 0.105325 1.29404 -0.226212 1.83226 -1.51593 -1.29623 0.254036 0.702513 1.19345 -1.01789 1.13822 0.0484264 1.34068 -2.4567 -1.2747 -0.126078 -0.123122 0.959084 0.457689 0.813754 -1.16096 0.972842 2.50199 -0.381499 -0.0537836 -2.01203 0.905714 0.3964 -0.969782 -0.245446 1.79191 0.425064 0.891204 -1.04877 -0.565552 0.11564 0.163636 -0.685229 0.298218 -1.21526 0.632895 -0.411459 0.557884 1.20541 1.34724 -0.0427476 1.58465 -0.259191 1.10516 -0.802466 -0.677495 1.0726 -0.880117 -1.27845 -0.824421 -0.306815 1.41594 -1.64101 -0.569502 -2.00413 0.272449 0.919947 -1.28718 -0.163237 0.512771 -0.457869 0.245808 -1.10982 0.911485 -0.203891 1.02957 0.0110688 2.07536 -0.45101 2.11844 0.56008 -1.06074 0.361847 -0.84244 0.1296 
0.998844 -0.150419 -1.32903 -1.01278 0.575574 0.943007 1.03098 -0.762121 1.25683 -0.0334394 -1.01392 0.558735 2.38638 0.629273 0.103409 0.0776562 -0.146637 1.04137 -0.27673 -1.06316 -0.940813 1.14028 0.368681 -0.368157 -0.450302 -0.0871819 0.111836 -1.71253 -0.645225 0.098092 -0.472947 -0.564383 -0.420322 0.5521 -0.0922654 0.409047 -0.11022 0.0182323 -0.0362133 -0.304906 -0.566119 -1.03025 0.298794 1.04835 -1.10209 0.574809 0.645619 0.736119 -0.368363 2.61553 0.216664 0.790462 -0.00267788 -0.535739 -0.174481 -0.667303 -1.42118 0.409849 -1.94817 -1.05085 -0.23279 0.66566 1.95693 0.693785 -0.521686 -1.01754 0.850051 -1.22053 -0.837642 0.655294 0.358603 -0.815264 0.928154 -0.0739942 -1.77654 0.0687265 -1.16361 -1.15944 -1.03519 -0.660351 -0.996068 -0.167985 -1.5026 0.063496 0.332978 0.616007 -0.53999 0.195402 1.75261 -1.71075 -1.43456 0.0693032 1.08078 -0.723476 -0.491436 -1.41822 1.17816 -1.67395 -1.41841 -0.307506 -0.0877447 -0.431658 1.29643 1.76705 1.45788 -0.37906 -0.780783 -0.296954 1.4711 -0.12617 -1.12542 0.48197 0.579326 -1.32352 0.802107 -0.667861 -1.08072 1.30102 0.341987 -1.37612 0.193547 0.54041 -0.595641 1.05637 0.544039 -1.52546 -1.23833 -1.0651 1.63096 0.793765 1.10846 2.04048 0.167889 -1.94225 -0.82392 0.532483 -0.881059 1.50231 0.398794 -1.39814 -2.21361 -0.201304 0.230712 -0.097197 -1.18615 0.712176 0.282216 0.481285 -1.40123 -0.0291347 0.0157408 0.613067 0.638032 0.710935 -1.60753 0.369864 2.35357 -0.503929 -1.92498 0.882372 -0.029408 -0.385694 0.595672 -0.497138 1.1125 0.955949 -1.75867 -0.070931 1.46283 -1.29476 0.242011 -0.645005 0.49936 -0.0467594 -1.22747 -0.57726 -1.08541 0.924213 -0.11201 -0.383933 0.614629 1.3282 1.32599 2.28626 -1.20989 0.443052 1.15196 0.0447191 0.136429 1.72795 0.648064 0.986734 0.654972 -0.878959 0.817582 -1.3391 0.500061 1.9056 -0.530641 -0.121937 -1.05366 -0.991732 -0.202481 -1.29662 -1.54437 -0.320012 0.804827 -2.35051 0.661779 -0.377098 -1.26761 -1.47577 -1.16741 -1.138 -1.55338 0.593695 0.67127 -0.280911 1.17471 -0.637571 -1.25632 -0.239351 -0.186205 0.105867 -1.5481 1.23433 -0.80077 1.88497 -0.0131461 -0.0131283 -1.10401 0.0573036 0.663214 -0.147306 0.708066 1.04851 -1.35395 -0.862832 0.492928 -0.323955 0.5529 -1.42387 0.00251211 -0.677132 -1.09903 -0.306465 1.36791 -0.54911 0.0444587 0.224351 -1.259 -0.966398 -1.14006 -1.87756 0.295699 -1.04802 -0.306302 -1.7652 0.956261 -1.38538 0.455293 -0.986106 -0.834654 1.64596 0.173628 0.420837 -1.61197 -0.745559 1.35951 -0.283405 0.00160161 -1.2307 1.0806 -0.492281 1.2564 0.2427 -0.373194 0.140567 -0.534181 -0.120925 -0.468225 1.13294 0.0259344 -0.628761 -0.437528 -0.873277 0.966255 -0.0188647 0.132934 0.938939 -0.243845 -0.669808 -0.548457 0.226474 0.239019 -0.896174 0.408295 -0.901708 0.659208 -0.289241 0.459855 1.08689 0.502533 0.575746 -2.33734 -2.52019 0.0947017 0.263839 -0.980258 -0.488009 0.576352 -1.74721 -0.125488 -0.368619 0.930089 -1.54423 -1.28321 -0.335305 -2.42242 0.165482 -1.73399 -0.558428 -0.482832 -2.12988 -0.517223 -1.12198 0.452076 1.66571 -0.333032 -0.22403 -1.84726 0.361338 0.629382 0.952786 -0.177794 -0.275997 -0.452422 -0.55375 -1.45706 -1.06077 0.0441004 0.102235 -1.29877 -0.559971 0.0879347 1.63943 -0.990732 0.886017 0.369811 -1.32664 -0.100043 0.474068 0.395095 0.40785 -0.53217 1.15029 -0.204235 -0.744706 -1.99871 -1.46279 0.324478 2.46561 -1.33137 0.692357 1.33828 0.947583 0.613012 -0.0940446 -0.485984 0.127248 -0.708416 -0.337441 0.535998 0.69192 -2.15512 -0.26867 1.4156 0.211003 0.301011 -0.451834 -0.168204 -0.315343 -0.428035 0.131306 -0.392476 -0.445707 0.759556 0.637983 -0.774386 0.336813 2.47672 2.01747 0.980037 1.11461 -0.373148 -0.188396 -0.413282 0.377841 0.224526 0.474437 0.81387 1.55489 -1.01288 -0.0458908 -0.111386 0.465031 -0.896882 0.246353 0.207221 0.67947 0.48212 0.419977 0.225931 1.02182 -0.552577 -0.0224015 0.215304 -0.319859 -0.0824189 -0.267172 -0.032711 -1.48279 0.454991 -1.35938 -0.645812 0.997139 0.205505 0.101496 -0.364964 0.0884342 -0.303302 -1.17702 -0.227058 -0.176222 0.342863 -0.0854845 0.534953 2.84885 0.536176 0.8956 -1.695 0.270207 0.476523 0.411544 0.495978 0.192618 -0.916454 0.516487 -0.257722 1.66078 -0.588119 -0.389189 2.08035 2.35488 -0.494758 -0.098038 1.24127 -1.40203 0.539733 -1.06597 -0.830038 0.594715 0.595007 2.10264 -1.53977 0.9307 0.347596 -0.804861 -0.606979 -1.62653 0.592285 -0.182231 -0.105743 -0.214486 0.706467 0.553462 -0.188131 0.97525 -1.41235 -0.986172 -1.75766 -0.343479 -1.57982 0.0840236 0.0114107 -0.0339298 -0.418514 -0.49386 0.0252014 -1.5959 -1.20869 0.556235 0.657252 0.631982 -1.01625 -2.40902 1.05844 0.656988 1.50022 0.188306 1.36641 0.64663 2.03339 0.400716 -0.402364 0.973071 0.113971 0.00457627 1.08655 0.677989 1.34414 0.300303 0.775237 0.470223 0.733957 -0.0113474 0.216434 0.968711 -0.535022 0.197806 -0.36879 0.536244 2.18492 1.16253 -0.357558 -0.0431542 -0.961808 0.75022 -1.02117 -0.534223 -0.358175 -2.53574 0.0666008 -1.98046 -1.42128 -0.383368 -1.68165 -2.5772 1.46775 -0.286786 0.660383 1.26975 1.43372 -0.410202 -0.446564 -1.3695 -0.355452 -0.877362 -0.575535 -0.936985 0.16708 -0.792695 0.716253 -0.394835 -0.284299 -0.167805 0.489298 -0.379609 0.199563 1.24347 0.187216 -0.282407 -0.808047 2.06715 0.13857 -0.339783 -0.491773 -1.56213 0.105234 0.874937 0.456951 -1.03019 0.2173 0.343356 -1.29845 1.0031 -0.284704 0.867663 0.358987 -0.297133 0.212671 1.35789 0.300613 1.03951 0.769943 1.31962 1.26594 0.348466 -0.750673 0.133699 -0.02824 -0.265506 1.50934 1.55634 0.874779 -1.00392 -0.971333 0.283737 -0.664232 0.211713 0.507954 1.33363 2.42321 0.613703 0.638695 0.757973 -0.158066 -1.1979 1.38545 0.138427 0.21501 -0.0749556 -0.742159 0.223694 1.72128 -1.01149 -0.55704 -0.206702 -0.138063 -0.724613 -0.815936 0.767024 -0.061253 1.83183 -0.603102 0.920085 -0.915144 -0.0452795 1.0183 -1.08819 -0.902028 -1.13759 0.541132 -0.247157 -0.917938 0.466163 0.781256 -1.09844 1.2768 -0.406373 0.713577 1.17274 -0.823708 1.23958 1.07695 -2.26047 0.773036 -0.654878 0.905668 1.98154 -0.496287 1.34856 0.28947 1.94428 -0.282907 2.3557 -2.14756 0.571429 1.84062 -1.28171 -0.876114 -0.109802 -0.934457 -0.982794 0.519515 -0.215235 1.17321 0.930313 0.379895 0.583873 -0.128571 0.264287 -1.59936 -1.81468 -0.069105 -1.43936 1.20397 1.56232 -0.313218 0.207778 0.979333 -1.16311 -0.366061 -1.6792 -0.0865266 0.581325 0.229344 -1.52359 2.36506 -0.140684 1.36896 -2.0127 -0.0857368 -2.88697 0.645472 -0.799212 -0.320919 -0.234014 -0.406988 1.15733 0.963 -0.63989 -0.27233 1.42039 0.838852 -0.977625 0.59733 0.612576 1.58877 -0.308059 0.307835 0.0151686 1.12918 -0.202331 -1.46826 -0.175393 0.320216 1.20619 0.998307 -0.145843 -0.980591 -1.19996 -1.67733 0.16464 1.49894 0.08727 0.877797 -0.263113 -0.896997 -0.0916109 -0.188868 -0.296469 -1.11371 -1.73758 2.2033 -0.475642 -0.251636 0.995403 -0.0847842 0.602806 0.922731 -0.0463048 2.19477 0.0592295 1.55842 -0.0144289 1.2935 0.437741 -0.766215 2.21624 0.20903 -1.71451 -0.303006 -0.535724 -0.853289 0.544298 0.078582 -0.483773 0.0981534 0.00700517 -0.792487 -0.734294 -0.303318 -2.37267 0.109322 -1.46588 1.15416 -0.0244504 -0.707946 -0.0194649 2.35534 0.474795 1.77264 -0.112389 -0.352808 1.23304 0.442327 -1.01182 0.184565 0.628129 0.406719 -0.808859 0.499202 0.451268 
-0.00284928 -1.50527 -0.426193 -1.6538 -0.230888 0.179767 -1.26326 -0.558141 0.224038 -0.427028 0.457973 -0.000749118 0.627561 -1.36121 -0.718612 -0.596412 -0.29086 -0.932876 -0.564513 0.574259 1.5327 -1.49237 -0.256265 0.0158197 0.687844 -1.08198 -0.239494 0.934572 -0.449941 -1.20343 -2.12487 -0.330791 -0.00484322 0.233509 -0.101717 -3.06634 -1.14787 -0.0381654 0.769748 -0.476278 -0.148541 0.705185 1.42051 -0.932222 -0.950153 0.0453814 -0.464897 0.990878 -0.0194591 -1.45246 -0.0515626 1.12177 1.34664 0.965979 1.60629 -0.229681 -1.20054 0.187171 -0.0805623 2.66983 0.220193 0.411154 -1.4444 1.57614 -0.184252 -0.599905 0.700455 0.293231 -1.42854 0.652922 0.0165377 -0.747669 0.663398 1.48985 0.11339 -1.36009 2.1353 0.704236 -0.394614 1.61237 0.514091 0.542511 1.29009 0.749973 2.20908 0.220501 0.885371 -1.02603 0.312455 0.47446 -1.40707 -0.110048 -0.702077 0.906646 0.358586 -0.904549 0.883134 -0.624825 -1.73146 -0.810847 0.633979 -0.152685 1.40554 -0.602087 -0.634504 0.174565 1.08994 0.0559467 -1.44425 0.0153531 -0.136482 -0.340646 -1.33534 -0.865423 1.4482 -1.28012 -0.715569 0.583796 -1.64032 0.233448 0.52749 0.270239 0.0567125 -0.180621 -0.0823801 1.63681 -0.163233 -1.47782 -0.0593124 -0.0640587 0.226401 -0.147133 0.160071 1.77756 0.190851 -0.778922 0.538507 0.19204 -0.173606 0.852487 -0.623645 -1.05693 1.39159 0.565185 -0.766566 0.501018 -0.212135 -2.12716 -0.15313 -0.902427 1.15733 -0.877172 -1.41401 0.554553 0.103564 -0.265669 -0.246576 -0.359493 -0.745354 -0.294251 -0.0424465 1.48377 -0.457202 0.511347 0.206328 -0.761643 1.25005 0.320938 -0.99027 -2.05296 0.337296 0.828848 2.48405 0.501229 1.61751 0.0728344 -0.149075 0.287789 0.993462 0.590043 -0.495814 0.834701 0.719582 -0.223696 -0.100168 -1.14992 -0.559999 0.0627293 1.03089 0.915882 -0.689163 0.317741 -0.0298204 0.252584 -0.124461 -1.06474 -0.196696 1.22388 0.920835 2.21885 0.57454 0.948266 0.768489 -0.0427212 -1.96441 0.692885 1.52595 -2.01538 0.939195 -0.30264 -0.0250914 -0.403523 -0.478918 1.93709 0.955258 -0.847266 0.786445 1.06606 -0.322381 -0.410749 -0.279715 0.354225 1.60055 -1.59552 -0.588649 -0.0481817 0.625754 -0.648246 -1.10037 -0.969301 -1.19361 -1.00582 -0.835038 0.513308 -1.76283 -0.156398 2.13761 0.63082 -0.864508 -0.890836 0.0684006 -1.29516 1.95399 0.28137 0.820282 -0.458325 0.428767 0.604954 -0.107994 -0.901157 0.87705 -1.19674 0.562491 -0.108272 -0.442213 0.898254 1.00172 0.156178 -2.11185 0.250447 0.435915 1.33711 -1.86567 0.536916 -0.234286 -0.392681 0.205465 -1.54354 0.828101 -1.49202 -0.786972 0.325304 -1.62348 0.910887 -2.35832 0.00902264 0.708475 0.30178 0.73258 1.73634 -1.59659 0.575287 0.819467 0.871008 -1.10704 -1.80999 0.0668306 0.722516 -0.584163 1.18712 -0.0145867 0.154612 0.271571 -1.35586 -0.456452 -1.16396 -0.266724 2.38825 0.531781 -0.494192 0.631571 -0.640272 -0.49023 0.258498 0.629093 -2.70083 0.0637054 0.40072 0.427443 0.568934 1.06138 -1.54002 -0.805192 0.20679 -0.396397 -0.5323 -0.890993 0.214746 -0.774883 0.185861 1.36125 -0.0174092 0.900045 -0.723091 -1.37821 -1.13887 1.06318 -1.272 -0.0634305 -0.878043 0.059496 -0.0908035 -0.826476 0.956596 0.504505 0.971297 -0.181654 0.508881 1.76121 -0.641377 -0.316037 1.18088 0.796572 0.679302 0.239782 0.922113 0.68825 -1.29696 0.976997 0.0931885 -1.12609 -2.59831 1.53216 -2.26629 -0.0721438 0.259569 0.319086 -0.348179 0.230086 -0.441775 0.83555 1.76939 0.565834 1.14468 1.2328 -1.36435 -0.14688 1.44263 -0.872624 -0.518507 0.748698 0.0749933 -0.74747 0.101129 -1.81424 -0.50866 0.399331 0.257006 -0.682714 -1.03593 0.748523 0.913835 -0.819706 -0.665028 0.454112 0.931262 1.22389 -1.19559 1.80564 0.780553 0.0514807 -0.700962 -0.175824 -0.408915 0.847474 1.24327 -0.0755053 -0.0532158 -2.38944 -1.69324 -0.13156 -0.353192 0.629769 -0.486949 -1.34086 -0.604111 -0.133875 -0.363896 -0.824266 0.327046 -0.251621 -1.00886 -0.69379 0.379533 -0.488243 -0.243122 0.0735526 0.260136 1.21905 -0.615942 1.92381 0.850664 -2.04799 1.006 -1.23385 0.225019 -0.508988 -0.0662001 1.10742 0.389444 0.0183943 0.911946 0.422222 -1.5912 -0.0275565 0.554522 -0.0358077 -0.0949155 -0.300643 -0.242853 0.0931457 0.828273 -0.158063 -0.229783 0.793231 0.657514 0.587421 0.0951652 1.20603 1.51685 0.697675 1.56013 -0.891934 0.367655 1.18275 -0.374745 0.255556 0.312996 0.0699295 0.281899 0.981609 -1.46965 -0.473312 0.434344 -0.0802594 -0.893545 -1.97067 0.0534028 -0.401476 1.66255 -0.789128 -0.591427 -0.220548 1.46449 -2.96434 -0.741371 -0.310587 -0.891482 -1.11816 -0.275394 -1.69891 0.0565437 -0.934789 0.481528 -0.852139 1.10426 0.143824 0.164383 -1.52252 -0.853348 -0.541803 -0.691541 -0.790788 0.170977 -0.45851 1.27292 -1.22257 -0.332151 -0.505245 0.515101 2.74103 -2.43067 -1.23285 0.462168 0.0799905 0.544364 1.271 -0.629753 1.98165 1.53234 2.10313 1.01908 -1.12442 0.505177 -1.29048 -1.30726 0.995444 -1.82744 0.565729 2.87863 -0.44867 -0.438005 -1.86039 -1.35729 1.24171 -0.72081 -0.863491 -0.0694579 -0.273197 -0.670781 0.785516 -1.42531 -0.733095 -0.355318 -0.30604 1.4536 0.991531 -0.729807 -1.66991 -0.0631804 0.471475 0.027258 0.537359 -0.355332 1.95151 -0.22753 0.105606 0.927386 -0.249275 0.834898 0.546117 -0.663679 -0.270806 -0.351685 0.108417 1.00968 0.0332122 -0.514036 1.09895 -0.958143 0.849889 -0.258689 -0.329954 -0.620993 0.827012 -0.633677 -1.68867 1.86592 -0.486329 0.614892 1.06894 -0.695771 1.32662 1.09518 -0.404707 1.14513 -0.676106 0.154196 -0.954081 1.01599 -1.56745 1.81224 1.9628 -1.2191 0.868548 0.0528895 -0.563749 -0.322471 0.793909 0.342092 -1.11355 1.69539 -2.1602 -0.542423 -1.15873 0.112494 -0.659321 -0.331608 -0.904241 -0.684008 1.26404 -1.36352 -1.90977 1.70807 0.760496 -1.94747 -0.195539 0.621621 0.0135498 0.44666 -0.796523 0.00723051 0.569466 1.00429 -1.1219 -0.301454 -0.0611677 2.0519 0.395574 -0.441897 -0.469635 -1.42416 -1.3393 -1.47624 0.493648 -0.264604 -0.824896 0.311864 -0.40288 -0.618254 -0.684951 1.98858 -0.551815 1.69471 -0.456736 -0.150143 0.568713 1.61598 -0.449177 -0.409284 0.846464 -0.139745 -0.589307 -1.12525 1.05333 0.538171 1.11225 0.138064 0.400234 -0.707603 0.503451 0.0463622 1.8259 -1.56377 0.135414 0.688041 0.962288 -1.08028 -0.430065 -0.563718 -1.15215 0.587992 1.85865 0.551392 1.7279 -0.434669 -0.2916 -1.19615 -0.892944 0.227604 0.468891 2.19562 0.400111 1.26053 0.163597 0.0200383 -0.495324 -1.00092 -1.28862 0.597874 -0.756115 1.61501 -1.45618 0.200249 -0.148241 0.120356 1.82561 -0.955609 -0.6692 0.476498 -0.0155846 0.35048 -1.37528 -1.84962 -1.07377 0.355011 0.584442 -0.894001 -0.33845 1.9686 0.857858 0.48318 0.0152296 0.998115 0.916407 -1.01964 -2.40052 -1.02594 1.31686 1.37003 -0.1044 0.0948658 0.0549801 0.955267 0.878116 0.629059 0.12932 -1.28828 -1.77396 1.24791 -1.26835 -0.835393 1.22672 0.023433 -1.77818 0.413732 -0.404669 -1.44553 -1.42782 -0.46194 -1.36669 -0.142056 1.3241 -0.440096 -0.214687 -0.921353 0.766446 0.107597 -1.13438 -1.2555 -1.66894 -1.72815 -0.380077 -0.913463 0.968125 -0.969545 -0.545408 0.14759 -0.58549 -0.955363 -1.83559 -1.67509 -1.02382 -0.0384488 -0.066322 0.755542 -0.685385 -1.10851 0.171068 0.410351 0.528653 -0.884568 -1.23039 0.547613 -0.10643 1.74161 -2.14265 0.440312 -0.76805 0.240578 0.477232 -1.05141 0.792044 -0.22278 1.66559 0.274215 0.578423 -0.441576 -1.46339 -0.546519 1.25952 0.599903 -0.250213 -0.501821 
1.20074 0.553146 -0.0746251 -0.385694 -0.502812 1.48548 0.304907 0.455849 -0.840134 0.00199878 -0.968134 -2.42597 -1.22049 -0.728197 -0.995591 1.06774 -0.768439 0.154195 -1.70999 -0.532947 1.63183 1.87912 0.366374 0.197261 -2.20715 -0.869263 -0.383885 -1.20775 -1.35444 0.0555677 0.521978 0.0325888 -0.474163 1.91551 0.343876 -1.7019 0.829151 1.05496 -1.37521 -0.90859 1.46947 1.46075 -0.271897 2.07054 -1.17181 -0.0719485 0.313995 0.561686 0.117816 -0.161648 0.0289119 -0.86847 0.547059 0.286472 2.46726 0.97041 0.331713 1.48513 -0.107115 -1.28473 -1.27533 -0.632644 0.429742 -0.144571 2.28389 0.694848 0.321277 -0.716382 0.637118 1.11531 0.0263138 0.833468 -1.56585 -0.44773 -0.490266 -1.73313 -0.182445 -0.206934 -1.99824 -0.432986 -0.199635 -1.76566 1.45207 -1.11664 0.969821 2.04066 -2.08275 -2.47751 1.39569 0.921861 0.614758 0.0395778 -0.401253 0.0793914 -1.57196 0.277412 -0.114038 0.720849 0.91939 0.00438171 0.391005 1.22041 -0.644253 0.0324404 -1.10897 0.332857 0.649379 -0.168556 2.40596 0.725998 -1.13745 1.19875 2.75995 1.36482 0.388754 1.05183 1.05366 -2.28876 1.21911 -1.07799 -0.428547 2.21944 2.3489 0.933284 -1.47831 0.303213 1.84448 0.641638 -0.708186 0.995126 0.922403 2.21836 -0.91833 0.697696 -1.14396 -0.263785 -0.199467 -0.750003 1.08745 -0.407666 1.70412 -0.843026 -0.893062 1.38038 -0.201227 -2.0787 0.259386 -0.406192 0.0846355 -0.211568 -2.29347 -0.755534 -0.316968 -2.62252 -0.242156 1.60709 -0.550047 -0.712542 1.21824 0.521629 -1.04326 -0.849615 -2.12965 2.56262 0.00129928 -0.200072 -2.07614 -0.248325 -0.305344 1.55819 -0.479475 0.094301 -0.334679 -1.37005 -0.119144 -0.759471 2.65226 1.11052 0.409951 0.194346 -0.533381 -1.87063 -1.66696 -0.192626 -0.631232 0.281919 -0.0703984 -0.0257227 -0.476985 1.2367 0.676169 1.32639 -0.41101 1.06531 -0.766055 0.294965 -0.0472546 -1.79395 -0.537239 0.217188 -1.13132 -0.931259 -1.04567 1.17619 0.0163922 0.0601758 2.07126 1.24121 -0.275477 -1.14911 0.0598121 -0.176037 -1.7812 -1.49782 1.36321 -0.479224 -1.42493 0.270253 -0.313762 0.0405864 -0.832299 0.83631 1.08164 0.974194 -0.271705 -1.13903 -1.47826 -0.0395449 0.92725 0.300193 0.110465 0.807287 0.833311 1.05853 0.504226 -0.297894 -1.16837 0.196276 -0.356467 -2.0437 -1.37437 0.541657 0.0586708 -0.836798 -0.676188 1.34237 1.35488 0.407321 -1.91129 -0.691721 0.0715049 0.36522 -0.786548 -0.0494257 1.69751 1.03064 0.931343 -1.48442 -0.176365 -1.04097 -0.191833 0.637502 -0.966761 1.06304 -0.312543 0.387281 0.835134 1.33883 -0.0514213 -0.185407 -0.325416 -0.00795661 -0.132954 0.156762 0.220407 0.745759 -0.928192 0.149661 -0.151345 -0.115449 0.928231 0.348789 1.05039 0.420538 0.657851 -1.21358 -1.66336 2.22535 0.337083 1.07319 -1.61414 1.09357 1.67233 0.164678 0.199193 0.832883 0.349139 0.467697 -1.06345 -0.928688 -0.637386 1.43638 0.400092 -0.138957 0.954917 0.454208 -0.711226 -0.516079 2.61056 0.884627 1.10716 -0.0175304 -0.324095 -1.72824 1.78335 -1.0012 0.589657 -0.0360269 -1.50448 -0.752155 -0.902064 -0.445857 -1.07201 0.611546 -0.585573 -1.51288 -1.03264 -1.11254 0.211636 0.945796 0.114288 -0.416051 -0.550967 -0.451189 1.24197 0.0758521 -0.739935 0.0113267 -1.6609 0.0941094 -0.0920928 -1.12098 -1.25046 0.656965 -0.340024 -0.543299 1.69473 1.2396 -0.586524 0.612564 -1.36773 -1.13919 0.539886 -0.00885638 0.533603 0.577345 -0.598874 0.728197 2.04815 0.34645 -0.583487 -1.77902 0.039925 0.607731 0.110111 -0.628633 -0.00174201 -0.274406 0.0892935 -0.284974 0.630274 1.14563 -0.450143 -0.142902 0.172323 1.68586 -0.51027 -0.155922 0.381846 -0.293959 0.88836 0.368335 1.81834 -0.367001 -1.52521 0.256273 0.151048 0.571626 -1.20599 -0.911794 -2.04887 0.986313 -0.955049 0.596478 -0.911471 0.216544 -2.76303 1.43275 0.606518 -0.561849 0.227645 0.17072 -1.07882 0.75602 -0.162043 -0.303815 -0.0368884 -0.668165 -0.20093 -0.583939 -0.743698 1.67597 0.0230723 -0.21684 -2.08235 -0.105997 0.556975 -0.562694 -1.34613 0.495575 0.798055 -0.661286 -0.906925 0.488038 -1.39503 -1.16542 2.48837 -0.439856 -0.180776 0.735413 -0.0331014 2.52998 -2.63888 0.202752 -0.545197 -0.0433967 -0.730868 -0.368908 0.527682 0.253463 0.258457 -0.539547 -0.281405 -1.01231 2.1408 0.774622 0.0361144 0.704955 0.856654 -0.872646 0.636613 -0.620819 0.534954 0.909958 -0.796111 0.276879 0.71973 1.23251 -0.663108 0.51338 -0.584556 0.19507 1.24905 -0.896675 -3.14987 2.26428 0.194409 0.289253 0.718215 -0.0224666 0.280608 1.36502 -1.19761 0.78937 0.63346 -1.01367 0.855519 0.280835 1.23615 -0.376004 -0.694803 -1.17414 -1.47929 -0.50867 -1.23087 0.28472 1.33023 0.737265 0.26506 -1.27266 -0.381034 0.631072 -0.222612 -1.9299 -0.542739 -1.2147 -0.941249 0.969962 0.86761 -0.19441 0.108972 -0.645485 0.0623167 0.665318 -1.35035 -0.0761742 0.552318 1.05226 0.0762891 0.335008 0.237067 -0.957568 -0.692337 1.43726 1.2657 1.50805 0.360821 -0.751912 -0.0200093 -0.743095 0.422026 -1.65517 1.85962 0.201732 -1.07895 0.752437 -0.0150485 0.254142 -0.184513 -0.633548 1.05215 -0.445248 -0.892205 -0.518292 1.2964 -2.11018 0.319286 0.683224 0.0317635 -0.434284 1.89399 -0.463875 0.916207 0.550053 -0.279367 0.834281 -0.965147 0.737479 0.234492 0.2376 -0.630093 2.51368 1.09597 0.558071 0.727043 -0.410022 -1.15108 0.209494 1.41212 -0.474399 -0.00644235 -0.454022 0.303037 0.242936 -0.353811 -1.02994 1.11909 0.426043 0.718444 0.619341 -0.0625755 -0.467321 1.24969 0.581463 0.509202 -0.600127 -2.03992 0.884896 0.131606 0.457297 0.154037 2.19691 0.639266 -0.494969 -0.814273 -1.90121 -0.572598 -1.70397 -0.22729 -0.225062 0.0950871 -0.137235 0.700323 1.07657 -1.64457 -2.5043 -0.107453 -1.64392 -0.673526 -0.15173 0.205654 -0.845696 1.60051 -1.32765 0.721021 -0.0746416 -0.362145 -0.689776 1.41545 -1.42022 0.274576 0.258988 0.515244 -1.16572 0.836618 0.546073 1.034 0.963709 -0.346389 1.54715 1.06243 -1.41095 -0.716777 -0.638839 1.00316 -0.480889 -0.546066 0.226748 -1.34962 1.1076 3.30062 0.0244497 1.01976 0.447306 -0.930774 -1.07636 0.383188 -0.702059 -0.537581 -1.35134 1.62891 -1.38496 1.35743 0.590516 0.603234 -0.153969 0.974461 -0.659067 0.659048 2.29075 -0.344766 0.907996 0.0997148 1.28421 0.622949 -0.601508 -0.208244 -0.551776 -0.172013 -0.649295 -1.34679 0.336491 1.28881 1.49139 0.0964398 2.39183 -1.64674 -0.997872 0.712405 -0.51599 1.22138 -0.806422 1.0398 -1.00921 -2.61552 0.109 1.46881 0.434968 0.646183 1.14428 -1.46183 -1.70052 -0.491282 0.234327 -0.897297 1.43352 0.800041 -1.22336 0.200606 -1.41235 0.147165 0.665472 -0.436216 1.14633 -0.246533 1.15112 0.0355732 0.489516 -0.235178 0.742811 -1.03331 -0.480757 0.461297 0.662953 0.341238 1.21167 -1.4847 0.222193 0.68919 -0.150112 0.202271 1.22693 0.320614 -1.49546 0.867047 0.761689 0.0878203 0.916064 0.606469 -2.51688 1.8414 -0.0438984 -0.109384 -1.76853 0.845976 -0.396864 1.49796 0.20316 0.921551 2.26875 1.33084 0.0487717 -0.797939 -0.662557 0.736384 0.272858 -0.0360037 0.25186 -1.63334 0.772305 0.261063 1.26709 0.661411 1.78418 0.916684 0.264688 -0.533987 -0.805141 -0.930626 0.157028 0.545016 0.223458 0.623281 -0.920446 -0.662587 -0.824742 -0.847377 0.459365 1.09502 -0.183496 -1.06824 -1.56902 -1.45531 -2.1525 -0.660057 -0.677703 0.15036 -1.00848 -0.441324 -0.576858 0.702023 2.1142 -1.64329 0.209871 0.694633 -0.366844 0.784295 1.27548 1.09475 -0.468683 -1.03464 -0.149629 0.318669 -1.65347 


-1.21902 -0.596745 -0.696477 0.68793 -0.646261 0.0256101 -1.34914 -0.862564 0.732331 -0.451629 -1.0433 -2.51265 -0.45318 -0.954102 0.406768 -0.190896 
0.863334 -2.97223 0.540902 -1.064 -0.446815 -0.653013 -0.127635 -0.474203 0.364178 0.388718 0.844525 1.09014 0.0729675 -0.643547 1.05956 1.58236 
0.635962 -0.548611 -0.60894 -1.09345 -0.331107 -0.00448836 -1.03368 1.1548 0.192876 -1.59389 0.762678 -1.10637 0.00167585 1.04655 -0.215197 -0.348355 
1.81691 -0.587872 -0.408551 0.43885 2.09091 0.44015 0.331626 0.445949 -1.48713 2.02609 -0.267329 0.597781 -0.00959622 1.59198 1.21429 0.466893 
-0.58572 -1.7349 -0.45995 0.91004 0.485751 -0.214384 1.29161 0.125314 0.485832 -0.122015 1.72656 -1.09799 0.0903767 -0.942796 0.917781 0.557933 
0.466803 -0.756942 -0.769876 0.713291 0.242477 0.84799 -0.503763 0.0700535 -0.479769 0.716133 -0.936005 0.843808 1.01705 -0.859918 -0.36658 -0.465733 
1.34689 0.383146 -0.158972 1.65098 0.695112 1.20305 -0.27044 -0.327634 0.848484 -1.86207 -0.0969079 1.08614 0.816938 -0.33579 -1.92479 1.52794 
-0.0481289 -1.08902 -1.01462 0.0185068 0.993674 0.451704 -0.838 -1.36515 -0.334752 0.551479 -0.475768 0.410945 0.823183 -0.51824 1.0667 -1.42293 
0.112052 0.510002 -1.3345 -0.997183 -0.0986525 -0.121156 -2.0636 1.45358 0.283357 0.471209 0.342547 1.27055 1.64257 1.52994 0.53103 0.0140557 
2.53635 -0.983822 -0.262876 0.0206196 -0.317652 -2.54821 -0.845021 1.15414 0.839627 -0.163964 0.241454 0.54593 0.560548 -0.551006 -0.30628 -1.3212 
-0.802081 -0.206812 -1.03352 0.275964 -1.72978 -1.99596 0.49464 0.494135 -1.78861 0.491349 0.0324054 -0.357028 -0.650056 0.940165 0.844121 0.952154 
-0.990961 -0.859263 0.288621 0.154634 1.17061 -0.42933 0.63637 -0.331653 -1.1232 -1.33427 -0.924101 -2.26649 0.659396 0.0522075 -0.256853 1.53565 
-1.90886 -1.30246 0.374818 -0.238569 1.18756 -0.512197 -0.231974 -1.49066 0.946796 -1.16715 0.600337 -0.147286 0.315835 -2.07781 -0.771449 0.123551 
-0.201227 -0.428406 -1.22447 -1.59238 -0.606439 2.37061 1.03394 0.0594054 -0.0916018 -0.309577 0.0979411 -0.0112141 1.54949 -2.9757 0.591059 -0.302439 
1.16087 0.121452 -0.0762557 -0.407992 -0.161468 0.546583 -0.395432 -0.122855 0.782129 1.77267 -0.0515081 -1.388 0.928705 0.0643426 0.400207 0.647933 
-0.86826 0.691725 0.649793 0.702678 0.289907 0.286688 0.329696 -1.62616 2.07503 -1.05418 -0.987177 1.0474 -0.324503 -2.82854 -1.2651 -0.736929 


0.887549 1.50487 -0.44157 0.205837 -1.04 -1.25186 -0.939173 -2.5296 0.0930963 1.86133 -0.686965 0.617241 0.0261474 1.11851 -0.201583 -1.10677 
0.658415 -2.04058 1.057 -0.126779 1.60019 -0.616792 -0.627522 -0.18516 -0.381764 -0.68652 -0.841495 -0.838349 0.818004 2.72623 -0.699831 0.871752 
0.487724 -0.400165 -0.692123 0.22487 -1.29802 -2.64142 -2.00262 0.644308 -0.285281 0.153872 0.315981 0.964072 1.51542 1.17192 1.76549 -1.34045 
0.070373 -0.409553 0.997955 -2.21232 0.455305 -0.540907 1.49433 0.899369 0.53529 1.91412 -0.464612 -0.258278 -2.12554 -0.733411 -1.08394 -1.13933 
1.51638 -0.792114 0.817734 1.1998 -0.302686 -1.57411 -0.923017 0.365827 0.693384 -0.5197 -1.60717 -1.23773 -0.987674 -2.10477 -0.0287284 -0.573362 
0.100206 -0.00194252 -0.288854 -0.837847 0.858904 0.317758 -0.718332 2.01908 -0.09372 -2.18424 -1.65374 -1.10269 -0.708482 0.693605 -0.333489 -1.88176 
-2.43577 0.860329 0.775877 -2.00764 0.0882622 0.279597 1.11367 -0.306849 -1.85062 -0.8988 3.04373 1.16306 -0.302038 -1.68454 -0.29212 0.34403 
-1.4412 0.0461403 -0.810695 -0.491163 -1.31196 -0.63022 0.0607097 -0.770717 1.32553 1.05221 1.11557 -1.69213 -0.2502 0.109474 -1.48886 1.70942 
-0.424743 -2.47618 0.501431 1.11832 1.01351 -0.221371 0.831513 -0.00890909 1.05441 0.224724 0.820923 -1.3905 -1.16668 -0.862185 -1.4093 -1.71603 
-0.985272 -0.924415 -1.91516 -0.716306 -0.398841 -0.523777 0.466682 -1.34199 -0.471493 -1.15051 -1.38907 -0.431267 0.429999 0.360065 -0.947332 0.765029 



