0.1


0.828016 0.0278438 0.997183 0.867124 0.923555 0.160423 0.070967 7.04215e-07 0.963821 0.999978 0.00193973 0.999738 0.419506 0.99532 0.297619 0.539628 
0.975499 0.992107 0.12638 0.885573 0.256219 0.988147 0.00336934 0.493566 0.081882 0.306586 0.926628 0.228394 0.829182 0.087207 0.312347 0.0448298 
0.0919505 0.105477 0.100024 0.0940946 0.0987994 0.099887 0.114958 0.0939515 0.095187 0.105671 


0.887742 -0.503692 -0.412834 0.946546 0.661603 -0.885738 1.04531 -0.580298 0.648648 -0.638451 -0.33897 -0.804151 0.371268 -0.81548 0.758792 0.471406 
-0.303473 0.987472 -0.864668 0.231229 0.883876 0.11456 -0.133424 0.885015 -0.151576 0.208257 -0.369048 -0.410127 -0.31368 0.453354 0.498629 -1.04727 
-0.5609 0.329501 -0.0164999 0.0778731 -1.1205 -1.17668 -0.882332 -0.310342 0.48305 0.731886 


-0.0170401 0.498458 0.0377585 1.22744 -0.0420374 -1.06572 0.0926213 0.490492 0.61198 0.161292 -2.55873 -1.02333 -1.32828 1.23562 0.01348 0.916045 -1.069 1.19614 -1.19985 0.351157 0.646262 0.166248 0.34683 0.198881 0.717228 1.03368 -0.925621 0.413432 -0.134958 -1.37869 2.58038 -1.20158 0.392274 -1.20685 -0.266503 -0.580285 -1.01872 1.33685 0.334241 -1.7787 0.634257 0.803506 0.15611 1.67851 -1.0729 1.87924 0.609975 -1.0443 0.942683 0.705405 1.13823 -1.19914 2.35315 1.58402 -0.874496 -0.604091 0.71735 -0.307789 1.62232 0.644583 -1.01627 -0.194295 0.640189 1.00461 0.476223 1.39088 0.322239 1.06472 0.259863 1.58979 0.188809 1.02366 0.369363 0.174195 -1.04609 0.466195 0.0475889 0.19819 0.113918 -1.37929 0.650927 -1.20332 0.507506 0.488679 -0.39583 1.09391 -0.830546 0.691166 0.93775 -0.312286 -0.187194 -1.04361 1.45807 -1.14027 -0.187153 -1.396 -1.6693 0.556759 0.476633 0.701495 2.2088 1.23267 -1.06654 0.32155 -0.742626 0.412755 -1.84064 0.64963 -1.01313 -1.09099 -0.349005 -0.594353 -1.54283 0.552697 -0.243536 3.1566 0.380787 -1.51957 -1.20868 -2.20334 -0.358694 0.288231 -0.668667 0.110955 0.112439 0.378116 0.682456 0.838491 -0.242235 -0.00890192 0.946229 0.121188 -1.37049 0.252007 -0.341769 -0.997912 0.179945 -0.766928 -1.45829 -1.97064 1.20637 -0.768214 -0.513855 -0.56931 -0.572379 1.69993 0.62637 1.73431 -0.359201 -0.000236126 0.695079 0.129345 -0.373101 0.468502 -1.14626 0.013133 -0.751566 0.336839 -0.730352 0.201478 -0.359094 1.43323 1.33841 0.76693 0.927504 0.731912 -0.266919 -0.28988 -1.21501 1.73364 -2.72681 -1.70916 0.28155 1.45057 0.0126268 -0.0643566 0.557838 0.696482 0.227523 -0.282331 0.444438 0.192416 -1.87411 -0.33868 -0.010285 0.530188 -0.99942 0.279562 0.422987 0.795749 -0.179681 -0.932378 -0.855163 -1.17384 -0.502715 -1.02988 -0.192705 0.506706 0.721403 -1.82084 -0.381591 -1.25936 0.741379 -0.551106 -0.478747 -0.315477 0.827139 -0.0727439 0.361213 0.115408 1.27199 0.497762 1.42382 -0.962227 0.263871 -0.733128 -1.16074 -0.85519 -1.46205 -0.0408869 -1.00069 -0.474834 0.584629 -0.866941 0.702842 -0.726016 -0.278406 -0.176458 0.812257 0.229718 -0.0821079 0.675024 1.11455 0.590226 -0.0150904 -0.030357 -0.516929 0.656996 -0.663912 -0.603147 -0.0958522 0.932082 -0.209321 0.359614 0.363251 -0.802945 2.14575 -1.75017 -2.48323 -1.13792 0.124964 -0.983093 0.200285 0.316257 -0.405163 -0.00693309 0.854736 1.56059 -1.09258 1.12647 0.596266 0.468246 -0.756956 -1.45477 0.516187 1.19747 -0.399201 -0.64764 0.875011 0.337874 -0.0681968 0.536247 -0.517903 0.361597 1.88779 0.550434 0.873671 -1.61082 -1.13493 0.475015 0.999635 -0.227883 0.491311 1.81489 0.91916 -0.627433 -1.42653 -2.00699 -0.144394 1.61881 -0.432461 -2.175 0.229492 -0.653675 -0.976413 0.30221 0.326866 -1.03904 0.222452 -0.438148 -1.24674 1.28177 -0.733707 -0.127695 -0.0423941 1.40748 -0.116741 0.1292 -0.613331 -1.22736 -0.668774 -1.28525 -0.0612277 -1.3869 -1.96078 -1.98405 0.524972 -0.0893618 -0.978401 0.15366 -0.686896 2.62281 0.78973 -0.152608 0.664471 -1.97296 -1.25755 1.93465 0.372148 -1.21364 -0.545136 0.300884 0.385067 1.21526 1.46841 -2.2371 -0.959203 0.733722 2.38395 0.151793 0.647374 -0.619338 -0.3471 -0.544727 0.560792 0.257556 -0.517863 -0.746126 0.757212 -0.77062 1.09921 0.328308 -0.149979 -0.0271403 -0.862895 -0.239999 1.42618 -0.62991 1.72727 0.768729 -0.487211 -0.25501 0.346372 0.491094 -0.0745268 1.77829 -0.164102 0.418603 -0.572378 -2.19681 2.24634 -0.00264269 0.116331 1.51202 0.454283 1.48466 0.944327 -0.489452 1.82182 -0.144524 -1.56115 1.32362 1.16907 -0.666957 0.636984 -0.0732025 -0.461642 -0.854979 0.11421 1.77727 -1.29481 -1.1797 -0.885123 0.935485 0.120202 0.0990949 0.898533 0.482439 0.618697 -0.73092 0.277664 -0.213992 -0.589225 -0.314246 -2.0328 1.28937 1.53238 1.49042 -2.69193 0.493978 -0.117266 0.372119 0.8365 -0.440272 1.38731 -0.274439 2.19664 -1.81224 -0.456651 -0.496912 1.22209 0.999304 -1.05307 1.2904 1.03713 0.176182 -0.662002 -0.399793 0.657058 1.01853 1.65581 -0.218448 0.00964712 -0.766211 0.900038 -0.234254 0.626543 0.482934 0.855322 1.09477 -1.70154 0.99548 -0.0519746 0.571354 -0.64352 0.451785 -0.92934 1.73144 -2.14512 -0.543611 -0.488164 1.19323 2.35031 0.926856 -2.17353 -1.43065 -0.204867 0.382329 0.18967 0.489473 -0.142311 -2.08571 0.0470881 0.371315 1.06024 -0.593933 0.436368 2.22854 0.674122 1.48678 -2.41386 -0.561671 -2.11293 -0.306524 1.34124 0.335075 -2.1032 0.890875 -0.821449 -0.667194 0.261469 1.25575 0.627128 0.726961 -2.24885 0.0851997 -0.183737 0.304286 1.63871 0.408827 0.835126 -0.124879 -1.14905 -0.162587 0.547281 -1.96528 -0.0427144 0.0551227 -0.866658 -0.594024 -1.48177 1.28551 -1.24447 0.00144612 -0.627162 2.16862 0.73153 0.324471 -2.02676 0.51575 -0.638946 0.0578497 0.180085 -0.700407 0.551519 -0.371929 -0.0230974 0.170308 -1.26979 1.79672 -0.0615859 -0.825829 -2.13509 0.137087 1.22345 1.09136 -0.0481081 0.0522225 0.0507349 1.24258 -1.42513 0.307831 -1.14574 1.3392 -0.433422 0.633885 1.02011 -0.289023 -1.14461 -0.730442 1.59884 1.18463 -1.42493 0.156113 -0.526246 0.150049 0.749184 0.184 -0.468623 1.5795 -1.30904 0.306481 0.819682 1.24927 -0.341888 -1.12773 0.364808 -0.823715 -0.788595 -1.37584 1.20043 0.975844 0.0116866 0.632363 0.575929 1.07194 1.59762 0.632694 -1.01251 2.1291 -0.523294 -0.48109 -0.207197 -0.153025 -0.156518 -0.313296 -0.0227746 -1.32852 0.258084 0.415917 -0.623335 -1.74053 -0.347388 -1.61452 -1.87055 -2.04177 1.17525 0.295078 0.314131 0.18717 1.44449 -0.101611 0.126111 -1.11575 0.0269047 1.26545 0.400678 1.26305 -0.851147 -0.20924 1.39406 -0.673729 -0.13594 0.834579 -0.127743 -0.162148 -1.25115 1.07008 0.468572 1.23498 1.20993 1.04868 -0.73863 0.028145 0.0169288 -0.670548 -1.85242 -0.753982 0.893969 0.233184 0.449686 1.06035 2.70855 -0.0671791 0.136562 0.690468 0.521852 -1.49484 0.991316 -1.19124 -0.297375 1.04217 0.29925 0.620037 -1.22465 0.784431 0.850305 0.615032 1.16712 -2.17037 0.779973 -1.1229 -0.168003 -0.0799853 -0.0684356 -0.492456 0.448579 -1.21098 -0.680257 0.629306 -2.17514 -0.367881 1.00849 -0.705139 -0.442254 0.524326 0.216098 1.34105 1.04688 0.639156 0.59939 -0.16224 1.02811 -0.356698 1.39316 0.173519 0.0211051 0.389923 0.316943 -0.375801 0.823559 1.93957 0.46033 -0.309548 -0.748448 -1.00829 1.1754 -2.00304 -0.35641 -0.559515 1.40161 0.222406 -0.847229 -0.297148 0.026282 -1.11816 0.140464 1.21503 0.741844 0.997522 -0.779082 1.83009 -0.603183 0.33804 -1.02579 -1.29003 0.38555 1.84417 1.29127 -0.437117 -1.22455 0.176465 -1.46325 0.496803 -0.362333 -0.335737 0.0902962 -1.49308 1.79757 0.705684 -0.021163 0.52341 -0.139404 0.558238 1.01539 1.4353 1.50442 0.651171 1.74468 -0.619001 -1.54235 -0.379733 0.737063 1.15633 -1.07852 0.0876976 -1.78485 2.09527 -0.0755705 -1.14564 -1.07757 1.24573 0.64519 -1.12359 2.19768 0.361745 0.156975 -0.149157 0.929858 0.378289 -1.07518 1.07409 0.575362 0.306788 0.688592 -0.164961 0.691979 -0.569784 -1.35519 0.941916 -1.04208 -1.3664 1.06454 -0.228065 0.388341 -0.685532 0.28467 -0.676524 -0.521501 0.516929 -0.853345 -0.334072 -0.892579 -0.781663 1.26798 -0.282722 -0.14168 -0.889504 -1.97304 -0.17876 1.4399 0.0392687 -1.89837 -0.554721 0.591228 1.30496 -0.427809 0.104983 0.492111 -0.940804 -0.826262 1.10902 0.713328 -0.0801673 
-0.700896 0.358321 -1.32384 0.742896 0.2955 -1.07935 -0.853538 0.142743 -0.34815 -1.426 -1.0428 -2.05054 0.0296635 1.25937 0.128503 -0.938604 -0.570656 -1.70481 1.03894 0.0200834 -0.655796 -0.0660787 0.692369 -0.550322 -0.197952 0.406498 0.366374 0.137689 0.58468 -0.82765 -0.440656 1.28568 -0.513388 -0.692669 -0.959015 0.689913 0.615522 2.77248 0.656548 -0.813114 -1.4529 0.455359 0.528436 -0.19058 0.166367 -0.050924 -0.252786 -0.510368 -0.623702 1.71956 -2.22039 -2.01683 0.213544 -1.07289 0.0409322 -0.445417 -1.23909 1.00378 0.0938293 -0.55002 1.51419 -1.57865 0.615423 -0.0172245 0.128974 1.08324 -0.68212 -0.584035 0.447826 0.65363 -0.95365 0.830355 -0.250834 -1.23269 0.21611 0.817859 -0.616906 -0.516854 2.20575 -1.37983 -0.843404 0.705322 1.1467 -0.206955 0.722212 -0.0986592 -1.49736 0.362766 -0.994504 -0.393734 1.57395 -0.611222 -0.871681 -0.621306 -0.923277 0.902673 0.594072 -1.91604 1.46439 0.358473 -0.826231 0.988437 -1.84165 0.786198 -0.0206992 -1.06371 0.141369 1.2528 0.0772206 -0.0248649 0.513121 -0.747243 2.19386 0.437681 1.5901 0.606811 0.819905 -0.38599 0.361762 -0.920577 -1.07721 -0.109695 0.406484 -0.422937 1.88267 1.53099 -1.85023 -0.767988 -0.840328 -0.622579 -0.336345 0.221578 -0.0922222 -0.45883 1.83804 1.28178 0.872047 0.227783 -0.881748 2.01844 0.678623 -0.885809 0.32259 0.404344 0.00111656 -0.248451 1.2135 0.15342 -1.18379 -2.29707 -0.385215 -0.393262 -1.39225 0.2018 0.150695 -0.263184 -0.512124 -0.0631319 -0.0708224 0.143806 -0.108884 0.517662 0.616795 0.300734 -0.806848 -0.373335 0.488321 -0.346253 0.113897 2.47697 -0.410653 -0.184461 -1.22074 0.533223 0.869062 1.17587 -1.54577 0.877415 -0.494153 -1.26029 0.629191 1.55346 -0.319633 -0.326742 0.384298 0.386799 0.963537 1.0951 0.892732 -0.249409 -1.79616 -0.62837 0.372676 -0.179084 0.0451911 -1.14559 0.456507 0.521322 0.623838 -0.203921 0.772648 -0.392186 0.993254 -1.26478 -0.867161 -0.733472 0.705173 1.41851 0.491513 2.07536 0.540407 0.559305 0.248754 0.23968 1.79674 0.548313 0.877339 0.140297 0.311696 -0.36648 0.182378 -0.386304 -2.03161 -1.40796 2.12751 1.93231 -0.721642 -0.00616073 -0.21859 -0.677096 -0.19913 -1.52421 -1.33902 0.113466 -0.712224 0.366561 0.0901017 -0.400233 0.639875 1.53217 -1.04753 -0.146518 -1.37415 -2.17262 0.14545 -0.535733 0.309389 0.0932568 -1.51142 0.559233 1.24071 0.129066 1.62544 -0.643935 0.449134 -0.291373 -0.561047 0.724985 0.843968 -0.608865 -0.309979 -1.67319 -1.03967 -0.683387 -0.102545 1.47777 0.344914 0.643925 0.507668 0.472571 0.527303 1.29829 0.828764 -1.21143 0.0700433 -0.988791 0.409422 -0.468075 0.00638604 0.488805 -1.15252 -0.503078 -0.78129 -0.882626 -0.534442 -1.24429 -0.0657526 -0.360278 -0.0100952 1.96773 0.637598 -1.01881 -1.07171 0.0524539 -1.23468 0.343665 1.88226 -0.681454 0.0693838 1.1405 1.80026 1.08822 1.63766 2.30901 -0.920933 0.326889 0.431373 1.75845 0.306844 -0.768711 -0.421529 0.586535 0.648017 0.0324932 1.37968 0.539604 0.561571 -0.919713 -1.4867 -1.07493 0.164786 0.806246 0.0890365 -1.27756 -0.852912 1.78281 -0.150574 -1.287 0.130826 1.33442 0.622051 0.373424 0.549523 -0.127711 0.427377 0.798523 -0.517591 -0.461237 -0.186634 0.260279 -0.305119 1.66683 -0.502915 0.561037 -0.866905 0.508684 0.291178 -0.209709 0.536219 -0.99168 1.60112 -0.647184 -0.650371 -1.27838 -1.53961 -0.0885337 0.276073 -1.57236 0.160266 0.302237 -0.636554 -0.186042 -0.307623 0.00407105 1.0063 -1.28766 0.351775 -1.02012 0.297746 0.702975 0.685377 -0.339106 1.18765 1.83368 0.33428 0.163081 -0.799389 -0.046329 0.792979 -0.696869 0.209 -0.275557 -1.43297 0.882926 -0.158287 -0.179297 0.204415 -0.653141 1.01728 1.63601 1.77144 -0.362047 1.0643 1.28826 -0.342249 0.36832 0.861947 -1.64345 -2.03447 0.702236 -0.309606 0.365011 2.52097 -1.09066 -0.660704 -1.37222 -0.126497 -1.08433 -0.733633 -0.363042 -0.790734 -1.95497 0.704633 1.1823 0.795323 -0.10968 -0.298468 1.76778 -0.874597 -1.8437 0.870043 1.57495 1.40583 0.857917 2.8635 -0.992912 -0.138874 -0.343805 -0.404342 1.44216 -0.51245 -0.31344 -0.312205 -0.409375 -1.13355 1.1715 0.423799 -0.428032 1.41561 -0.513144 -1.4379 -0.0289614 -1.81906 -1.53021 0.0249805 -1.54271 0.227818 1.09061 0.083816 0.17165 -0.438484 -0.00998376 1.13489 0.322111 0.549773 -0.719968 -1.06227 0.152103 0.439532 -0.00364957 2.09535 -0.825488 -1.45631 1.02791 0.27738 -0.177529 -2.01353 -0.51452 2.2506 0.476939 0.0661293 -1.37128 0.907237 0.772457 0.0273656 -0.0657145 0.688179 -0.0676699 0.408526 1.65938 -0.328327 0.800473 -0.37065 -0.248949 0.402374 -0.555521 1.33847 -0.801279 0.0137688 -0.180443 -0.574999 -1.6374 -0.0181798 1.31216 -0.103947 -0.749527 -0.571568 2.20512 -0.000124813 0.504845 -0.702586 0.666477 1.71466 0.448269 -0.350153 -1.39962 0.198396 -1.30826 -0.127347 -0.0188848 0.180656 -0.775321 -2.18734 -1.57821 -3.30025 0.817301 -0.106046 -0.340338 -0.728583 -0.819066 -0.568429 -1.03756 0.0203536 -0.509853 -1.21655 0.601865 -0.0152132 -0.25554 0.797727 0.181919 1.06002 -1.12295 1.03238 -0.394075 0.814852 1.43562 0.300614 0.180739 0.177479 0.375213 0.153715 -0.742363 -0.0432196 -0.673231 1.09086 0.588398 -2.59299 0.976615 -0.887313 2.19248 0.534496 -0.714776 1.56019 1.44792 1.85828 0.674704 0.0784977 1.04693 0.363942 -1.44953 2.22328 1.92882 0.277807 -0.280836 -0.0860672 -0.157189 0.314794 0.570875 0.255673 1.03873 0.210899 0.973769 0.94371 -2.09019 -1.39364 0.98897 -0.812673 0.0585949 -0.33399 -1.07142 1.66069 1.5391 1.16575 1.19818 -0.804002 0.351936 0.0836645 0.747884 -0.339618 0.431928 0.271819 -1.77951 0.137266 0.738435 0.417931 0.208655 0.997077 0.0426169 -0.37218 1.50942 0.500391 0.704921 0.976991 -2.05945 1.85674 0.69821 -1.93532 0.664194 -0.701016 1.02304 -0.482781 0.456919 0.0203583 -0.995182 1.26249 0.108427 -0.166997 2.2617 -0.336754 0.162206 0.264275 0.0581183 0.984956 1.03055 0.623897 1.87239 0.19325 -0.51502 0.296018 -1.08261 -0.676271 1.09384 -0.104801 -1.65027 1.01133 -1.00109 -0.834235 0.37413 1.30937 0.378626 0.464243 -0.371101 -0.698552 -0.601957 -0.584622 -0.0413518 1.09911 -1.16935 0.531815 0.487007 -1.06854 -2.0204 -0.612785 -0.379147 -0.589129 -0.836251 -0.769003 0.0499626 -0.396865 -0.0699146 0.372192 0.464633 -0.72373 -0.249451 1.70353 -0.891042 0.126179 0.562621 -0.272325 0.405678 -0.529967 -0.253015 -0.224535 -0.135784 -1.1757 0.151728 -0.724149 -0.215279 -0.00839405 0.153839 0.874571 0.353516 -0.761613 0.866813 1.42819 -0.972235 -1.09969 -1.18213 0.417398 -1.01712 2.66621 0.720862 -0.419989 -1.19333 1.31221 0.349071 0.122648 -0.875698 0.143363 0.646295 0.589896 0.484626 -1.40623 0.204935 0.236422 1.57867 0.218895 0.0555474 0.480572 1.64549 -0.2377 -1.08002 0.388235 -0.698772 1.14177 -0.344256 0.40797 -1.82187 -0.141913 -2.22942 -0.86001 -0.534791 0.0115003 -0.444253 0.216446 -1.50105 0.577883 0.216117 -0.268827 0.33355 0.543351 0.805206 0.571732 -0.13043 0.205239 2.11597 -1.34717 1.36182 0.758473 0.620713 -1.63591 -0.62976 -0.129879 -0.727467 -0.716587 -0.137094 -0.0240611 0.412976 0.808924 -0.746366 -0.328178 -0.151874 0.685225 -0.21192 0.18223 1.22033 -0.0809315 0.430855 0.67432 -1.41411 -1.23487 0.095588 -0.818885 0.670096 -0.730719 0.187696 1.37031 0.803912 -1.13951 1.06576 0.313241 -0.166525 1.53426 -0.733747 -0.658024 -0.551564 0.363052 1.1565 -1.41757 -0.387281 -1.67259 -1.98538 -0.0248972 0.388121 
-1.70281 -0.290137 -0.205914 0.240798 -0.269473 -0.374057 -0.89466 -1.0796 1.55851 0.316334 -0.398779 0.559406 -0.0879322 0.635342 -0.856764 0.455382 0.229854 0.99953 0.157216 1.26507 -0.864185 1.14746 -1.17997 0.127157 0.351792 0.923771 -0.922176 0.704732 -0.127695 -0.236857 -0.0958666 -0.495975 1.01196 -0.234659 1.14708 -1.1706 0.273131 1.06095 0.666839 0.751438 -0.171852 2.00334 0.323336 -0.565921 0.0193338 -0.19573 -0.183723 2.40905 -0.0767531 -0.381427 -1.83147 -0.354371 -0.197868 -0.531925 1.30671 0.229325 -1.36356 0.341674 -1.8646 -1.47728 -0.627886 -1.69539 -0.140057 -0.49342 0.401266 0.757136 1.46256 0.734088 -0.471302 -1.51836 -0.787396 0.294371 0.429937 0.456957 -0.601149 0.216949 0.251642 -0.213906 -2.23614 -1.14862 -0.548988 0.0751337 -0.126169 -0.227074 -0.19805 -0.91782 1.24103 -1.30164 -0.298117 -0.559094 -1.00192 -1.42771 -0.29846 0.474777 -1.28927 0.962524 -0.110529 -0.0371501 0.455964 0.614436 0.97436 -0.204725 -0.18535 -0.141142 0.524286 1.69585 1.81846 -0.289992 -0.562947 -0.862395 -0.315911 0.925816 -0.632088 0.189223 1.86338 -3.65763 -0.811912 0.615845 -1.19441 -0.0671349 -2.26252 -0.291392 0.206277 1.42693 0.804497 1.17131 1.26464 -1.57047 0.862914 1.11224 -0.0920559 -0.33933 -1.68434 1.00767 1.18717 0.804178 0.571612 0.218655 -0.736373 1.10258 -0.854583 -2.88876 -0.411652 -1.78729 0.198485 -0.524861 0.659273 1.29166 0.0706449 0.47517 0.0383224 0.0127291 -0.108482 2.85188 -0.49889 0.01305 -1.0147 -0.210972 0.674049 -0.161881 0.497902 -2.18538 2.03162 -0.66392 -0.228448 -2.1802 -0.893682 0.595294 0.173426 0.659428 0.273136 -0.305654 -0.553718 -1.17622 -2.36647 -0.566852 0.221639 -1.18647 0.0770121 1.04607 0.0940721 0.336983 1.74972 0.898027 -1.22531 0.521232 -0.269284 1.34624 0.472771 0.701779 2.78404 1.59396 -1.17392 2.66044 0.0706367 0.298929 1.63634 -0.850658 -1.61105 -0.440369 -1.17007 -1.86395 0.521367 0.170261 0.157637 0.745935 -0.849275 0.48586 -0.592811 -0.154703 -0.542698 1.10641 0.656724 -0.14496 0.368994 -0.88966 -0.0456918 0.72041 2.18566 -0.572572 0.208827 -0.383219 -0.431459 -1.87739 0.769707 -0.188872 -0.668693 0.365801 0.485413 -0.865723 -1.71411 -0.630273 0.896794 -2.01551 -0.489814 -0.756428 -0.391545 1.12045 -0.0327503 -1.65547 -0.466006 1.18795 -0.939786 -0.224467 0.218319 -1.67972 0.961208 -0.815734 -0.760537 0.023697 0.224703 -0.65198 0.181209 -0.985776 0.569781 0.939078 -0.0890481 -1.17237 0.865207 -0.528662 -0.672615 0.211166 -0.725634 -2.01072 2.10954 -1.26434 0.919622 1.13326 0.752908 -1.42018 -2.15737 -0.236166 -1.33345 -1.31965 -1.67228 -0.563394 0.597939 0.262231 -0.874192 -0.93059 -0.678164 -0.842953 1.11686 -0.27627 0.848083 -1.28779 0.785992 0.56599 -0.100266 0.278876 1.66572 0.359916 -0.242114 -1.73743 -0.017139 -1.38276 -0.167678 -0.112301 -0.0256814 0.273525 0.515134 0.205136 1.66935 -0.239481 -0.791678 0.224602 -0.789748 -2.0418 0.43308 -0.853074 -1.08283 -1.14371 -0.829814 0.207442 -0.0874728 0.361961 -0.703872 -1.14268 -0.717554 -1.49867 -2.11176 -0.694939 -1.23651 -1.52707 1.43144 2.00667 0.436675 0.263824 -0.483639 -0.121551 -0.0934805 -1.53466 -0.137524 0.965261 0.122777 -1.02163 -0.479275 0.496269 0.191524 1.02831 0.622202 -0.451034 -2.12438 2.30949 -0.346183 -0.448417 -0.857467 0.76135 -0.132391 1.65202 -0.0727745 -0.606822 -1.81433 -0.540009 -0.429163 0.156649 -0.204021 -0.187255 0.473912 0.0571465 -1.06965 0.974449 0.453776 1.24963 0.565168 -0.512797 -1.62534 0.282125 -1.38994 -1.26329 -1.289 -1.12759 0.173883 1.63006 0.599802 0.929847 0.678167 1.31511 -0.400054 -1.03846 -0.18108 -0.597721 -0.0875163 0.382062 -1.19729 -2.06261 -1.25506 -1.01722 -0.668745 0.601956 -0.342335 1.72494 0.810265 0.502216 -1.14305 -0.93877 0.135335 -0.256484 1.05269 -1.71629 0.0890832 1.73421 -1.76442 1.08575 0.224496 -0.167593 -0.871849 0.0521284 0.142748 -0.0777971 1.71396 1.06251 -0.959513 1.41999 0.195984 0.446373 -0.0729074 -0.383524 -0.495616 -0.373645 -0.825297 0.851484 -1.08008 -1.88167 0.292781 0.745339 -0.0473122 -0.826388 0.394449 1.58703 0.241664 0.725841 1.5583 -0.484951 0.184986 0.288191 1.48013 -0.310901 -0.893606 0.0145977 1.27062 -2.76393 -0.117111 -1.22398 -0.426659 1.02112 -0.350878 -0.00951181 1.53226 0.814643 0.871374 0.927558 0.657854 -0.393209 -1.75258 0.726088 -1.26407 0.141199 1.18641 -1.04841 1.41084 0.500493 0.94066 0.0702093 0.682567 -1.74224 0.628319 -1.00916 2.26095 -0.0453324 1.49139 0.461491 0.361708 -1.11777 -0.267336 0.657035 0.628578 -0.924762 -0.373694 -0.50065 -0.202301 1.13654 0.785884 -0.973786 0.83014 0.00207559 0.446015 -1.11354 0.405179 0.586917 -0.504372 1.19185 0.466044 -0.685362 -1.34373 0.77708 -0.660515 0.884179 -0.810505 -0.550881 1.92613 1.03718 1.43821 -1.37509 0.763539 1.45751 -0.728737 2.23816 -0.216793 0.348115 0.460523 0.110033 -0.238223 -1.00689 0.726035 0.27581 -0.302237 0.677473 -0.188076 -0.268503 -1.14067 1.38537 -1.24101 1.13779 -1.22408 -0.858126 1.3511 -0.357877 -1.63302 -0.507293 -0.176699 1.16522 -1.0975 0.921133 0.00834188 0.845654 -2.24542 1.98997 -1.32795 -0.0719247 -0.650586 -0.730705 -0.183897 1.04361 0.987142 -0.199069 -0.424891 1.10295 -0.330325 0.391469 1.41046 -0.843604 1.1637 0.244978 -0.106409 0.554841 0.50082 0.5225 -1.42127 0.476346 0.615791 0.599502 -0.863604 0.376367 0.349395 0.247476 -0.12755 0.757755 -0.925326 -0.173145 1.34171 0.472054 -0.533489 0.122132 -0.260223 -0.345284 -0.803882 -1.66469 0.291023 0.178916 -1.15924 0.0420769 2.94472 0.0110535 -0.662307 -0.478179 0.594218 1.13083 0.332307 1.46574 -1.73096 0.921063 -0.180846 -1.07622 0.0988054 0.671559 0.348668 -0.420524 -0.772118 1.30018 0.589885 0.852702 -0.922525 0.288391 -0.258973 0.566553 0.357768 1.02856 0.0121103 0.223928 0.178404 -1.02111 0.368138 -0.869306 -1.66721 0.269984 -0.195067 -0.987364 0.15615 0.463998 0.0404377 1.73061 -0.691059 -0.767375 -0.678318 -1.58802 -0.066262 0.0555499 -0.166937 1.36687 0.998158 1.05215 -1.48496 0.293688 1.8244 0.705849 -0.0718564 -1.32124 0.0890741 -0.341394 0.253986 0.503928 -0.954194 1.60438 -0.848442 -0.713686 1.76509 -1.65887 -0.834046 -0.0855018 -2.17226 0.535022 -1.11499 -0.8284 -0.177491 0.449876 -0.953482 0.583537 0.652344 -0.419539 -0.0111122 0.242769 -0.47398 0.578986 -0.386676 1.05429 -0.367344 0.571636 0.324686 -0.766542 -2.14078 -1.90896 0.500337 -1.00168 1.27773 0.790874 2.35553 -0.856054 -0.331755 -0.582481 -1.68178 -1.216 -0.115398 -0.687355 0.196069 1.31232 -0.178721 0.565858 -1.48442 -0.182332 0.117894 -0.0109452 1.00793 -0.900357 0.7102 0.872099 -0.380293 0.0995762 -1.90211 -0.580739 -0.0516123 0.514985 -0.750867 0.286579 -0.270667 -1.98274 0.470042 -1.08807 -0.720061 1.32735 -1.49253 1.02066 -0.22238 0.49603 -1.38154 -0.182359 0.431253 -0.531678 -1.19638 -0.410276 0.847231 -0.587523 -0.979316 -0.650144 0.842571 -0.43231 -0.579011 -0.00737983 -0.133992 -0.339814 -2.35972 1.12299 1.70384 0.852058 0.979722 1.02519 -0.532996 -0.552759 0.642732 -1.05472 0.411713 1.01382 -0.972887 0.793804 0.855779 -1.21727 0.638526 0.841129 0.916797 0.628084 0.0307967 -0.284747 -0.17889 -1.13829 -0.765807 1.17514 -0.397936 0.505227 0.817683 0.965041 -0.552104 -0.137072 -0.955783 0.807685 0.780123 1.29727 -1.581 -1.81521 2.87939 1.30156 -0.595072 0.832388 -0.33201 0.267515 0.637109 -0.0812266 0.627441 -0.61275 -1.45011 0.260213 -0.380993 2.15696 0.716475 1.84551 
-0.807044 -2.8407 -0.166251 -1.95628 -0.990251 -0.0441154 0.310572 -1.37075 -0.0310668 -0.958006 0.781628 -1.32017 0.928844 1.44111 -0.124879 0.285969 -1.59598 0.307462 0.0460388 1.57244 0.26428 -1.20245 -2.37199 0.287657 0.124924 1.13084 0.468111 0.255037 0.939955 0.876396 -2.10202 1.73222 1.35946 0.0628262 0.256285 -1.80866 0.317462 1.24459 -1.71907 1.99463 0.286958 0.588625 1.19902 -1.3196 -0.103415 -1.9015 -1.52088 0.843887 -1.46734 0.00096396 -0.632519 1.43276 0.200454 -0.327098 0.761595 1.98752 0.665534 -0.128986 -0.838604 -0.38756 1.84562 -1.35554 1.37774 -0.480478 -0.87791 0.489616 1.41021 -0.464576 -0.951951 1.01216 0.930518 0.32574 2.76822 0.298963 -0.162047 0.0924712 -0.00685829 -0.688843 -1.85058 -1.40073 -1.88696 -0.0189665 -0.075862 1.81531 -0.751388 0.412374 -1.83187 -0.900168 0.526707 -0.971532 -1.35099 0.197984 -0.00643635 0.523111 0.512641 -0.914661 0.133345 0.74843 1.60614 -0.965971 -1.26924 -0.214195 -0.899328 1.15514 -0.65276 1.08325 1.19321 -0.881038 0.807271 -0.333054 1.02485 1.29057 0.716776 -0.476696 -1.99247 -0.788371 2.97662 0.358758 2.09652 0.267723 -0.299073 1.58349 -1.47563 1.67004 0.12162 -0.933147 0.60619 1.84022 1.25764 0.807644 -0.470784 0.847982 1.0459 1.51911 -0.822208 0.884415 -0.795429 0.485791 -1.89254 -0.139766 0.673346 -0.12597 0.17117 -1.09486 -1.43532 -0.122164 0.932775 -0.644888 0.11831 -0.765594 1.31196 -1.2671 0.461536 0.351358 0.448207 -0.0430463 -0.909397 0.132442 2.43968 0.366585 0.441919 -0.857238 -0.606606 0.12496 0.74068 -0.386442 0.274354 0.619758 0.480588 -0.71404 0.752765 -0.256773 0.504652 1.29515 -0.188819 0.178663 -0.306365 -1.49015 -0.608134 -0.297633 0.162904 0.340959 0.589835 1.0213 -0.474895 0.503293 -0.53673 1.70687 -0.257064 0.805002 1.81443 0.380606 0.214022 -1.13115 1.468 -1.72119 -1.23004 1.34008 1.32805 -0.627088 -0.151986 1.08463 -2.05283 -0.316585 0.439958 0.396495 -0.604725 -1.88152 -0.831638 0.209711 0.161603 -0.248569 1.31158 0.745118 0.690784 -0.467302 -0.406597 1.3105 -1.4868 -1.1947 0.190559 0.151234 0.0578598 0.0384237 0.809156 -1.29728 -1.4801 0.739728 -0.18389 0.310534 1.6915 0.3147 0.154959 -1.49117 -0.521835 -1.42709 0.0587273 -2.1101 -0.449003 -0.780112 0.946062 0.802293 1.29001 0.460359 -0.0881341 0.824854 0.7901 -0.740883 1.7013 -0.210448 0.332659 -0.510609 0.804161 0.759213 -0.540579 -0.0167693 0.297176 -1.39101 -2.13892 0.126825 -0.932403 0.902876 -0.369799 1.50694 1.00437 -0.427469 -0.0746847 2.11518 -1.33036 0.33597 1.14349 0.217709 1.58914 0.697906 -1.06904 0.140278 -0.179079 -1.30887 1.78595 0.689503 -0.259386 -0.549208 0.246129 -0.248292 0.501838 0.574718 -0.547246 -0.234297 0.953141 0.334964 -0.0531091 1.46041 1.85045 -0.571753 1.21533 -0.886945 1.57384 0.0376753 0.396383 -0.635236 -1.54525 -0.26614 1.28662 -0.430112 -1.32953 1.3295 0.0296498 -2.96203 0.317789 -0.785865 0.616018 0.389593 1.5793 1.72914 0.79844 -0.928742 -0.421426 0.105996 0.147857 0.558398 0.310682 -1.38863 1.34237 0.898274 -0.156665 -0.33148 -0.683175 0.328093 0.392843 -1.02309 -0.0269844 -0.994388 0.0329696 -1.04143 0.340353 -0.590662 0.216341 -0.627817 0.227055 1.78853 0.381938 1.50575 0.462344 1.52106 -0.762112 -0.907649 -1.06345 2.5509 -0.771393 0.0376351 0.676212 0.818459 -1.22047 -0.510733 0.904741 1.84319 1.87032 2.1191 -1.39705 0.425762 0.152879 -0.83579 1.39811 -0.457867 -1.42064 -0.455733 -0.40864 0.169168 -0.562175 0.662203 -0.255937 1.07286 1.51329 0.0259725 1.34926 -1.04768 -0.898442 -0.832979 0.269894 1.22985 2.12549 -1.16269 0.254107 -0.419771 0.656877 0.990147 -0.615867 2.09972 1.25769 0.443725 -0.78957 0.285371 -0.479938 0.0746633 -0.0539063 1.742 0.37125 1.55184 -0.5215 0.102513 -1.7215 1.87738 -0.298576 -0.544805 1.61957 -1.45222 0.239361 -1.31224 -0.187151 -2.09092 2.2115 1.15756 1.26662 0.791225 1.87229 -1.36158 0.0368559 -1.69664 0.325332 1.41764 0.909788 -1.3887 -1.31755 -0.20869 0.490213 1.04697 -1.33405 1.38323 0.420928 0.549919 0.448823 -0.244788 0.00100077 0.734278 1.58426 -0.0379964 0.769038 0.545278 0.0410192 -0.820156 -0.506483 -1.35133 0.00705711 -0.582858 0.113655 0.418998 0.000638186 1.00331 -0.430611 -0.704431 -2.66938 0.538105 -0.587548 -0.160909 0.534185 -1.06193 -2.36683 0.412939 -0.867926 -0.479941 -0.140496 -0.755642 -0.165749 -0.427485 -0.320233 -0.121439 0.591564 1.28141 -0.632035 0.761692 0.813335 1.54226 0.635914 0.520101 -0.265283 0.653766 -1.28086 -1.43466 1.52598 0.550981 0.816385 -1.17513 -1.80001 -1.29379 0.470818 -0.438606 0.769238 1.04693 1.36943 -0.125035 -1.59091 -0.983195 0.106714 -2.53358 0.357815 0.924609 -0.154026 0.568715 -0.962963 0.673064 0.600326 0.322891 0.592768 0.590738 -0.0361191 0.746165 -1.90138 0.39066 0.130145 -0.272262 0.536179 0.582196 2.19167 0.55134 -0.184204 -0.894244 0.767341 -0.998094 -1.29221 0.289915 0.78543 1.09023 -1.49205 0.290235 -0.115402 -0.32007 1.28435 0.280541 -0.499916 0.432238 -0.743863 0.114396 1.2532 1.0746 -0.795363 -0.283469 -0.0223182 -0.308518 -0.351409 1.61159 -1.68272 -2.15799 0.69547 -1.06755 1.43958 -0.601048 2.05344 -0.72081 0.480199 -0.514039 0.223548 1.60159 0.622372 0.95326 1.18373 -0.906884 1.94553 -1.56091 0.0805563 -0.687671 0.69348 -0.206216 -0.228332 -1.31224 1.52174 0.269923 0.161208 0.682551 0.396773 -1.07302 1.03085 2.07896 -1.30877 0.0222136 -1.1681 -0.292381 2.23465 0.505058 0.765608 -2.16233 -0.357527 -0.00307995 0.877428 1.86704 -1.03708 -0.399101 -0.0792271 0.98694 -0.902979 1.64611 1.13128 -0.823178 1.00526 -0.0551299 -0.827414 0.674473 0.248728 -2.14123 0.66309 0.502256 -0.40168 -0.939672 1.60014 -0.598077 -0.229942 1.29953 1.27966 0.338591 0.393593 -1.75706 0.743631 0.262035 0.0431748 0.600843 -0.0598825 0.00261183 -0.236092 1.74074 -0.373803 -0.82565 0.233982 -0.243997 -2.42166 -0.836582 0.587636 1.10718 1.28838 -0.024016 -0.0761079 -0.581329 -0.775881 -0.750968 -0.0657528 0.0971527 -0.471684 2.61442 -0.538621 -2.68392 0.788923 -2.01793 0.333186 1.40093 -0.559788 -0.0939747 0.454848 -0.148788 0.00687 1.21744 -0.373776 0.536219 1.24964 0.448234 -0.732376 1.06344 1.25518 1.11003 0.494125 0.841818 -0.0291604 -1.30183 -0.525568 0.5569 0.730661 2.12901 0.00447462 -0.0344595 -1.13292 -0.404126 0.565455 1.44707 1.01024 -1.13955 1.06891 1.13545 -0.272259 0.00997113 -0.438807 0.236311 -0.935676 0.846702 0.403952 -1.06947 -1.15885 1.11053 1.52708 1.03285 0.144258 -1.3369 0.0135085 1.03963 -0.0635367 -1.59721 -0.484636 -0.679042 -0.97876 -0.544427 0.059326 -0.0783831 1.24234 -0.29967 1.11266 0.102071 0.833499 -0.979638 1.59736 -0.992412 -0.135708 0.92894 -0.242447 1.02487 1.30307 0.147538 -1.49099 1.87953 -0.146421 0.355023 0.336543 0.856636 1.34572 -1.73355 1.64246 1.58881 -1.76808 -0.0388692 -0.0208011 1.50652 2.1511 0.458361 -1.31342 -1.35202 0.646416 1.77793 0.241723 0.650364 1.26094 -0.373269 -1.58075 -0.625812 -3.08903 0.764367 2.80971 2.0308 0.975617 0.00179208 0.00890801 -1.23341 0.847622 -1.08383 0.0639083 -1.69883 -0.336911 0.344133 -0.717587 1.80521 -1.72931 0.963627 -0.09081 0.404317 -0.206335 -1.19919 -0.580767 0.486396 -2.05059 -2.94285 0.931204 -1.69898 0.408928 0.848571 -0.686633 -0.387274 0.693901 0.857546 -0.545311 -0.615785 0.0991896 -0.992185 -0.561983 -0.220399 -0.611297 -0.539094 1.76461 1.53668 0.533507 -0.0970823 
-0.414515 0.852978 0.992967 -2.45467 -0.736655 0.85097 -0.293036 -0.690079 -0.131497 0.35543 -0.360349 -0.503381 0.714096 -1.1364 0.515993 0.176274 -0.592999 0.157828 -0.478148 -0.84783 1.73512 -0.628791 -0.680448 0.922644 1.02312 -1.19743 0.341582 0.0604588 -1.70822 -0.443497 0.540126 -1.00287 -0.586817 0.583125 -0.558947 -2.06027 -0.120852 1.69972 0.357501 1.26036 1.91814 -1.13233 -0.959905 0.380553 0.777768 -0.231298 -0.827884 0.197143 -1.03706 0.601473 -0.00879305 -0.336594 -2.14072 -1.10309 -0.615349 0.591609 -0.23636 1.41557 1.22401 0.384609 -1.4739 1.72716 1.19472 -0.0643024 0.0736934 0.643504 0.430396 1.12984 1.07425 -0.166084 -1.46351 -0.00818534 -0.930131 -0.240352 -0.244355 1.76761 0.550506 0.343221 1.52084 0.77886 -0.684507 -0.812964 1.27477 2.42178 1.42883 0.152812 -0.95684 0.817034 2.28712 -0.606515 -0.125361 -1.32252 0.298609 1.81052 -0.886985 -0.331827 1.21222 0.725343 1.75206 -0.859286 0.415121 -1.54545 -0.152599 -0.0317782 0.228991 0.399705 -0.660587 0.886056 0.765865 0.802494 1.26352 -0.410925 0.425975 1.1087 -0.133808 0.235255 1.29896 0.847858 1.29011 -0.52475 -0.533427 -0.385273 -0.481797 1.30923 -1.45805 -0.204701 -1.71667 2.2307 -0.132629 -0.905935 -1.01478 1.73085 1.0081 0.57271 1.81862 -1.62029 1.75398 -0.0134018 -0.413745 -1.12621 0.576267 1.64932 0.107413 0.796321 0.725799 -0.881162 -0.177355 0.994757 0.850849 1.85527 0.571283 1.06488 -0.811067 -1.3678 -0.10818 -0.323607 1.46528 0.279347 1.4704 -1.38653 1.15374 -1.49994 -0.293065 0.706563 -1.32674 -1.20963 0.470796 1.09331 -0.929566 -0.663772 1.49224 -0.35811 0.253373 -2.09494 -0.274067 1.56265 -1.33845 -0.188773 -0.440106 -0.447853 1.29465 -0.461887 -0.361955 -0.985005 0.530762 1.77699 -1.45558 0.304275 -0.273663 -2.40053 -0.844104 -0.184823 -0.669079 1.25992 0.839555 0.509896 -0.415678 1.25334 -1.86134 0.1068 -0.694014 0.0912358 -0.596417 -0.395936 0.00195619 1.51542 1.17492 0.0744186 1.68893 1.08069 1.15623 0.0608418 -1.30316 -0.48651 2.14302 1.85604 0.589607 -0.0964813 0.938979 -0.155585 1.70539 -1.24093 -0.298146 -1.55914 -1.55744 -0.258427 -0.728745 0.154684 -0.349437 -0.059438 -0.577213 1.77275 -0.472983 0.382555 0.28414 -0.0201385 0.410691 -0.87959 2.90396 -0.0523977 1.05467 0.462461 0.942355 -0.662457 -1.17989 -0.839279 -1.39839 -1.54736 -0.348808 -0.298761 -0.256919 -0.606258 1.26207 -0.959113 -0.247737 -1.11833 -0.28892 -0.458892 0.0474676 -0.543648 1.17139 1.50677 -0.549685 -0.0680253 0.740307 -0.872893 0.0113748 -0.0841821 0.524347 0.177906 0.185856 -0.476432 -0.866709 0.829054 0.259844 -0.559254 0.171829 -0.547358 1.01806 0.538133 -0.228215 0.0828118 0.723776 -0.948171 0.406239 -1.1408 0.540287 -0.35035 0.122616 1.08941 1.2452 -0.221135 -1.14082 0.985154 0.931376 -0.911031 0.0919697 1.27065 -0.387933 -1.6768 -0.392847 0.0447928 -1.85196 -0.219937 0.324869 -0.751619 0.884871 -0.561868 0.575698 0.43638 -2.06182 -1.45892 1.37299 -0.357905 0.45384 -0.260312 -1.30152 1.66255 -0.0705525 0.0898721 -1.79243 -0.689445 0.000544377 -0.249264 0.0670968 0.933537 -1.45947 -1.10337 0.569953 0.459969 -0.7276 -0.218797 0.912474 -0.245972 0.793266 -0.831302 -2.00024 -0.978025 -0.312911 -0.153213 1.64482 -0.102415 0.0882254 -0.128104 2.55529 -0.964141 0.282035 0.358382 -2.33267 -0.455242 -1.16775 1.7743 -1.51358 1.29317 -0.782991 1.92198 0.502913 0.629288 2.17731 0.190601 0.332977 -0.0245452 1.40643 1.08224 1.5241 -0.81348 1.30482 0.532617 0.561495 -0.039279 0.0313493 -1.86932 -0.121166 0.958983 1.72262 0.202939 -0.50721 1.03 -1.54901 -0.981669 0.597761 -1.19446 1.43154 2.32058 1.5025 -1.0159 1.43038 0.477256 -0.700638 -0.727205 0.246826 -1.45089 0.598672 2.67515 -0.435688 -1.48908 0.954128 0.483199 0.125417 1.27454 0.445794 0.438722 1.16421 -0.0897911 1.6334 -1.30667 0.636845 1.00761 0.762502 0.808186 1.70243 0.172997 1.66312 0.777183 0.270006 0.62599 0.325175 -0.48665 0.489394 -0.172614 2.03704 -0.764508 0.0954818 -0.591086 0.213535 -0.497104 -1.36418 -0.308953 -0.333927 -0.270127 0.724077 0.0493756 -0.260945 0.0522597 -0.212334 2.25949 -0.421902 -0.310669 1.90994 -0.672696 0.0207436 0.50759 -0.0100926 0.173624 -0.297967 -1.44203 0.135964 0.302385 -0.298265 -0.66508 -0.94642 0.651491 1.28248 -0.119028 -0.665829 -2.38709 -0.541424 0.446434 -0.304142 -1.29259 2.02651 0.00816467 -1.22049 -0.1466 -0.813268 -0.652369 -1.27024 0.321047 1.64205 -0.383633 0.342532 0.965563 0.275391 -0.631481 0.408177 -0.843102 1.03017 -0.018682 -0.624574 1.78325 -1.49511 -0.399409 0.0112485 -0.578773 0.575573 -1.09778 0.561094 -0.407048 -0.954957 -0.174067 -1.41571 -0.0395716 2.01105 -0.22778 0.232175 -0.689168 0.493314 -0.77952 -0.251262 0.0565392 -0.91164 -1.52783 0.0599681 -0.967784 0.322223 0.915156 0.524088 2.12029 -1.77521 -0.582193 2.26477 0.865019 0.634775 -0.0930917 0.499551 0.83474 0.998564 1.02001 0.673424 -0.0367191 -0.467511 -1.02247 0.805046 -2.24682 -1.83677 1.74142 -0.531838 -0.320564 1.05938 -0.317657 0.834014 -0.839244 -0.838642 -0.883299 1.39666 0.370421 1.79265 -0.722286 0.108028 0.997806 -1.51506 1.48437 2.45715 -1.48346 0.768381 -0.300758 0.43672 -0.981052 0.618496 -0.00488212 1.54658 0.489234 1.8993 1.0828 -0.672319 -0.787033 -1.07534 0.181959 -0.190423 -0.397434 -1.19288 -1.072 -2.13303 -2.30004 -0.114833 -0.44225 -0.0541163 1.38891 -2.07124 -1.32041 -2.36217 -0.371549 -0.945236 0.106106 -1.62097 -1.14647 -0.0247191 -0.487978 -0.550502 0.2279 -0.609485 0.768475 -0.647361 0.537355 -0.428142 -0.608929 -0.338311 0.198153 -2.48907 -1.24217 -1.32099 -0.0568269 -0.542096 -0.409577 -0.627804 2.82653 -1.21574 0.533694 1.2873 2.05676 -0.230322 1.53602 -0.0244987 0.273347 -0.697809 0.926611 -0.0222887 -1.87339 0.674953 -0.630947 0.988418 -2.54257 -0.224496 0.757915 3.14161 0.641665 -0.510046 -0.15838 1.50234 -0.402614 0.780103 0.357786 1.4237 1.13073 -0.72931 -2.00467 -0.705601 1.50356 -0.736637 -0.11755 -0.192782 -0.394146 0.762198 -0.762952 -2.25212 -0.154703 3.51546 0.444244 0.373634 -0.71987 -0.0535212 0.913565 0.984836 -0.321192 -0.66342 0.708177 0.797372 -0.531013 1.29183 1.45134 -0.337348 -0.392003 -0.114671 1.1777 -1.46692 -0.408954 -0.834474 1.78913 0.435857 2.73317 -0.764504 0.203141 0.548559 0.601327 0.0992377 1.8162 -0.873686 0.996027 -0.308364 -0.719269 -0.388506 0.601216 0.820581 -0.23803 1.24342 -0.750383 -0.182729 -0.229835 -0.239732 0.743187 -0.733546 -1.38911 0.707591 2.7318 -0.0471431 -0.24667 -0.937104 2.42218 -0.536794 0.393912 -0.0478794 -2.35005 -0.821734 -1.27006 0.726953 -0.202959 0.409321 0.615001 0.208149 0.0668199 1.61116 -0.0358498 -0.409294 -0.327671 -0.23475 -0.224328 0.162431 -0.0153661 -0.419081 -1.7132 -0.474013 0.102913 -0.418832 0.0072081 -0.466201 -1.0262 0.172882 -0.0254116 -1.42019 1.84452 1.9985 1.22814 0.713496 0.850952 1.82929 -1.57914 1.24484 -0.516489 -1.01771 -1.52342 0.0715956 -0.188671 0.544293 -0.7991 -2.08266 -0.0737165 0.126241 -1.57673 -0.777552 -0.278476 -0.918543 0.0396109 -0.545016 -0.814545 -0.349899 -0.38278 0.471734 0.794503 0.791985 -0.356514 0.402667 0.115401 -0.0026164 -0.924884 0.693329 0.364676 -0.451275 -0.243398 -0.0483457 -2.78715 -1.5441 0.728128 0.0436506 0.265871 -0.260448 -0.656131 -0.288641 0.227002 0.430406 -0.683165 -0.680706 1.06998 -0.33734 -0.973094 -1.27968 0.450627 0.616325 -0.884404 1.11227 -1.16386 -0.370022 -0.582954 1.28464 2.19901 
-1.20679 -0.612009 -1.17918 0.238186 0.349701 -0.643244 -0.949327 -0.15657 0.35291 0.61208 -1.10422 -0.658372 -0.889885 -0.983216 -0.0912711 1.85808 0.129487 0.441665 0.322997 1.66158 -0.186713 -0.611207 -1.45266 -0.700287 -2.00039 -1.59984 -0.0149352 -2.151 -0.250392 2.02025 1.78276 0.405614 0.0644404 -0.323165 -1.71162 -0.509277 1.69267 -1.82051 -1.10183 -0.21697 0.850342 0.962943 0.367155 -0.403891 0.0814481 -1.36976 1.0962 0.376753 -0.861648 0.120266 -0.388836 -0.234634 -1.1369 0.0307751 0.76331 1.23563 -1.33846 0.597994 -0.109566 -0.784705 -0.0904507 0.424245 -0.267041 -0.37153 -1.05918 0.751211 -0.0636025 -1.45284 0.34991 0.135758 0.459809 -0.134987 -0.262049 -0.740695 0.509772 3.23011 -1.38618 -1.04999 -1.4546 -0.653794 -0.0513191 0.578112 0.410462 -1.94071 -0.237856 -1.48006 -0.0314932 -0.216003 0.0882424 -0.888342 0.319349 -1.19195 -0.8145 0.205723 -0.0906611 -0.570656 -0.805653 -0.323567 0.606779 -0.49352 -1.20493 -0.0145964 0.0497412 0.594164 0.266815 1.66125 0.483789 -0.938038 -1.06592 -1.0714 3.70106 -1.37185 1.05706 1.1226 0.121588 -0.4453 -0.853924 -0.286826 0.922227 0.730177 1.61607 1.40737 2.45328 -0.690482 1.38281 -0.916878 0.811018 1.12747 -0.577713 0.452744 0.086407 0.445379 -0.183815 0.577196 0.929628 0.135634 0.609918 -0.319288 0.190379 0.12059 0.397281 1.2193 0.965137 0.614204 2.01871 0.0583234 0.127033 -0.047673 -0.489577 0.0581504 1.08775 -0.583183 0.327377 1.60232 -0.674055 1.2024 0.0561756 -1.83924 0.173843 -0.493633 -0.0881189 -0.877481 -0.380801 -0.777799 -1.46445 2.24375 -0.358721 1.11704 -1.31549 -1.49128 -1.83226 0.246092 -0.374823 -0.0710633 -0.232116 -1.16298 0.201882 0.20664 0.16929 -0.0685522 -2.17997 -0.448178 -1.46911 -0.459779 -0.577399 -1.09628 0.269697 -0.723787 -1.03134 -1.04198 1.20923 -0.215244 -0.164972 -0.397595 1.67679 0.387439 0.822965 -0.446736 -0.600986 1.5025 -2.94716 -1.11758 0.292359 -0.0500413 1.01677 0.789452 0.271308 1.36437 1.42822 -0.783836 1.00735 0.490516 0.977615 -0.355132 0.600912 1.85629 -1.01792 1.99452 0.388304 -0.0587212 -0.127583 -1.58152 1.85354 0.964812 -0.463049 -0.390305 -0.480966 -0.390549 -1.60273 -1.01476 -0.169668 -0.0397034 0.0615067 -0.0791877 -0.036486 0.0713857 -1.43014 -1.58488 -0.0541047 -0.38327 0.266833 1.90823 -0.531844 -0.00395941 2.3067 1.66165 -0.211719 0.357321 -0.658874 0.0220331 1.04954 0.82531 -1.43552 0.962939 -0.873048 0.0311611 0.487796 -1.00416 -0.782804 1.93152 -0.0190216 1.63622 0.00947855 -0.601939 0.703608 -2.11175 -0.785863 -1.55692 -0.969837 -1.24807 1.26592 -2.13589 1.00147 -0.754622 -0.166876 -0.44233 -0.984566 -0.117305 0.462622 0.0443237 0.0206875 0.448681 0.890321 1.17709 -0.933687 0.587297 -0.486895 -2.03374 0.454717 -2.37765 -0.0998619 -1.04052 -1.74522 0.475538 -0.160079 -0.0912703 -0.720283 0.85891 0.072161 0.00150188 -0.295461 0.789423 -0.345423 0.403663 0.797135 -0.417255 3.18332 -0.680534 -1.22466 -0.297273 -0.544342 0.594963 0.0492442 0.820837 -0.0752145 1.09095 -0.14704 0.20011 -0.204579 1.79037 0.0888918 -1.69105 -0.768686 1.17691 -1.05311 1.30461 0.198057 -0.194937 -0.840275 1.78198 0.333827 -0.732238 -1.10897 -2.40914 -1.48236 1.29565 1.38389 0.840403 1.81147 0.306018 -1.16122 0.684625 -0.0170182 -1.46588 -0.657854 -1.64815 0.159276 -1.48369 -1.07084 0.439273 -0.119721 0.715394 0.274152 -1.22048 -0.786182 -0.00304057 -1.17877 -1.18011 0.444814 -2.88179 0.587773 -0.358112 1.25655 -0.0246505 -0.650356 -1.66135 -0.316108 0.882133 0.830714 -0.274727 -0.980322 -0.592245 1.1816 0.254247 0.870384 -1.79368 -0.0888736 1.35128 -0.156462 1.22984 1.70146 -1.49904 -0.24721 0.155479 -1.52091 0.520615 0.152232 0.576176 -0.837132 0.262057 -0.907193 -1.04717 1.02566 0.581194 0.9807 0.193684 -1.27082 -1.91283 -0.108481 0.22605 0.0241012 -0.0164605 -1.00538 -1.17352 -0.730986 1.50435 0.615411 0.16943 1.49787 -0.22943 -0.658437 -1.76051 0.712892 0.410437 -1.42707 0.0285632 -2.12247 1.58815 1.74432 -0.698801 -1.11317 -1.30358 1.58933 -0.213434 -1.33701 -0.0360969 -0.705918 0.979253 0.234488 0.954339 -0.379229 2.35061 1.38896 -0.253063 0.286337 -1.90128 -1.58643 2.2158 -0.754937 0.389484 -0.0362054 -0.550775 0.531973 0.269885 -1.55407 -0.90403 0.719321 -0.255989 0.715161 -0.458042 0.998706 0.769676 -0.566323 0.959443 0.485037 -0.594062 -0.589783 -1.36159 0.640216 -1.58462 -0.546358 -0.993244 0.627408 0.129845 0.914562 1.50168 0.0504158 1.66532 0.194712 -1.03267 0.652213 -0.241873 -0.801736 -0.457418 -0.0799185 1.18176 1.14333 0.884857 0.457951 -0.949806 -0.594633 -1.01968 0.157074 -0.47536 -0.377987 1.59496 -0.289196 -0.251638 1.93877 1.3979 1.92352 -1.34653 -1.20988 0.881955 0.766638 1.49903 -0.90979 -1.54025 -1.0929 0.238555 0.257587 -0.69666 0.413776 -1.26296 -0.0659634 -0.847026 -1.18042 1.36281 0.996031 -0.821989 -0.154323 0.414142 1.27299 -1.39093 0.109044 1.20253 1.31808 1.72954 -0.320546 1.90637 1.50105 0.257437 -0.272305 0.998261 0.569691 0.318788 0.264736 -0.143041 0.274786 -0.0527495 -0.778056 0.502394 0.780935 0.473643 -0.276983 1.25853 0.0995655 -0.508565 -0.672884 0.555153 -0.687617 0.351586 -0.56135 -0.933527 -1.56885 0.371457 -1.21874 -0.218498 -1.57563 -1.58497 -0.114471 -0.484987 -0.436356 -0.207544 1.3989 -1.70201 0.0540458 -0.373984 -0.439883 0.811636 0.0235995 -1.54122 0.439963 -1.58323 0.779491 0.3301 -0.895424 0.146591 -0.501863 2.16697 0.463171 0.835269 0.65631 2.53601 0.294288 -0.0203966 0.29212 -1.44432 -1.12524 -0.196604 -0.0461398 1.94025 1.2896 0.694834 1.00052 -0.820576 -0.307224 1.07694 0.612199 1.11286 0.49277 -0.546714 -1.41462 1.26528 0.404673 -0.28645 -0.992429 -1.81502 0.421563 2.07322 -0.351638 1.88228 1.28268 -0.116978 1.1062 -0.0525886 0.861895 1.10612 0.164751 0.567758 -0.271028 1.06261 0.584882 1.06501 0.0586866 -0.878499 -0.266074 0.740456 1.02083 0.483329 1.43333 1.45909 -1.82255 0.471817 0.910929 -1.0991 -0.370693 -0.566491 1.11299 -0.397786 1.05475 0.931504 -0.945998 0.313634 0.0252079 0.632141 -0.902592 0.167964 0.655815 0.74442 -0.953891 -0.432121 0.179655 0.252296 1.15633 0.870369 -1.13555 0.360584 1.51483 -1.52995 0.0238759 -0.1599 0.116612 0.948637 1.28247 -0.0890884 0.295002 1.10555 1.44073 -0.585008 0.772805 -1.45931 0.0367566 -0.254619 -1.20884 -0.251665 -0.919293 0.145242 0.37306 -0.994778 -0.132245 -0.0319858 0.467865 -0.267743 0.155434 0.552621 0.618649 0.427996 -0.77643 -0.208617 0.340919 0.371012 0.0705716 0.767606 -0.205422 -0.130095 -0.028651 -1.04226 -0.385146 -0.0486253 0.0390427 1.32446 0.914545 -0.65166 0.156828 -0.742127 -0.0720203 -0.98021 0.0102682 -0.886357 1.51316 0.416825 1.45563 -0.177458 -0.124753 -0.531698 0.714983 -0.334383 -1.53889 0.927079 -0.954476 1.98933 -0.332159 -1.63876 -0.612792 -0.657757 1.0889 0.448775 0.417047 -0.536241 -0.412077 -0.430914 1.13983 -1.21818 -1.2047 0.779792 0.357481 -0.733226 -0.433279 0.2852 -0.0446322 0.375011 -2.4869 0.859862 0.408451 0.0666728 1.58643 -0.279801 0.334215 0.922379 0.121468 -0.824646 -0.593191 -0.642745 0.736063 0.501401 -1.57878 -0.742649 -0.260101 0.677706 0.655638 0.261713 -0.792245 -0.449804 0.0325897 -0.20208 -0.153522 -1.34743 -1.2059 -0.880443 0.76864 0.457331 0.232627 0.682722 -1.15375 -0.726448 -0.519365 0.751901 0.0974109 0.00372784 -0.359383 0.936041 1.25325 0.234899 -0.0520146 -1.26463 -0.220603 0.471792 1.78388 -0.749207 1.17849 0.759201 0.1151 0.391182 
-0.0620416 0.335426 -0.345563 1.33177 0.942563 0.933581 0.505286 0.0518935 -0.586672 1.00087 -0.020545 -0.373324 -0.278338 2.00089 0.482729 -1.67155 1.07618 -2.2748 0.0566073 -0.0385801 0.353701 -0.337569 2.02973 1.22111 0.809733 -0.703424 1.50144 1.05471 1.99508 0.303792 -1.18561 -0.120371 -0.693679 1.27338 0.11109 -0.269725 0.607838 1.06212 -1.23224 1.02106 -0.431731 -1.30311 -1.08836 -1.20153 0.301196 -0.48169 0.687733 0.856687 -1.84412 -0.490439 -1.09764 0.084643 -0.570255 2.0121 -0.466848 0.53885 0.853283 -0.485055 -1.09185 -0.567278 -0.573782 0.715227 1.32819 0.141896 0.136512 -0.774819 0.00713202 0.749703 -0.848066 0.701296 -0.02647 0.653089 0.409761 -0.363963 -1.19268 -0.632432 0.72301 0.201379 -0.514581 0.286614 0.0095418 -1.40581 -1.37876 0.0621635 -0.718348 0.377794 0.555179 0.205062 -0.703039 -0.230577 0.34682 2.16033 -0.268087 0.657693 -0.24376 0.744381 0.954655 0.414263 1.60229 1.16016 0.522838 0.605857 -1.2231 0.905108 1.43857 0.379494 0.404713 -1.2988 -0.388426 -1.07686 -0.736613 -1.83303 1.90986 0.398369 1.94607 -0.209126 0.395191 0.678171 0.910739 0.0555463 -0.679937 1.31123 0.153546 0.790234 -1.70272 -1.4249 -0.18481 0.4981 1.0805 -0.113062 -2.6407 -0.501657 0.736129 2.39871 0.42468 -0.323446 0.00619818 1.44802 0.0768068 0.347635 0.58951 -0.0943318 -0.213754 -1.06356 0.817903 -0.672662 0.723235 -1.53733 -0.00834138 -0.108946 -0.160607 -0.410399 -1.22318 -0.558304 0.530259 -0.114616 -0.675937 -0.665327 -0.406932 -0.196014 -0.509138 1.115 -0.268741 -1.94131 -1.49775 -2.36797 0.674843 -0.775633 0.0720419 -1.42171 -1.26473 -0.0782976 1.21497 0.317329 -1.25888 -0.268139 -0.252106 0.576835 -0.0998586 0.779983 2.29556 0.348373 1.14822 0.129854 -0.0184922 0.484608 1.24717 0.964764 0.42186 -0.830758 0.520423 -0.042006 -0.742678 -1.03982 -0.325487 -0.411757 -0.25184 -3.09646 0.0356855 -0.551561 0.670281 2.02322 0.860601 -1.90877 -1.2161 -0.875136 -0.0416635 1.91608 0.327562 -0.126497 -2.37312 0.0640031 1.06244 0.115782 0.995356 -1.5418 1.72545 -0.915229 -0.0237036 -0.561309 1.01964 0.407653 -0.221585 -1.29159 -0.0580833 0.183116 0.350347 -0.39644 -0.39103 0.023752 -0.149172 -1.89099 -0.978307 0.0851213 0.434509 -1.46602 -0.810994 1.74263 2.27014 -0.69069 -0.138165 -0.106777 -1.6172 1.0384 -0.0511434 -0.912405 -0.933494 -1.78295 -0.207874 0.982983 1.14704 -0.306625 -0.573182 -1.02587 0.162847 -1.10694 0.122789 -0.536345 1.17806 1.11828 0.758717 1.43507 0.215744 0.906816 1.92068 -0.211057 0.0826121 1.59316 -0.687326 0.358676 -0.267213 2.83021 -0.450478 1.27232 -0.123331 0.903753 1.23524 -0.199108 -0.363543 -0.675862 0.175986 -0.751649 -0.579724 1.56718 -2.14983 -1.53642 0.185885 -0.344909 1.66501 0.842146 -0.452182 -1.02729 1.25459 -0.589996 0.431039 0.924133 -0.919354 0.27977 -0.695112 -1.20353 0.55554 0.695936 -0.46897 -0.37708 -0.770115 2.11965 -0.31433 0.605582 0.445392 0.683051 -0.264871 0.709421 -0.350317 0.601627 -0.0733834 1.77332 -2.23379 1.23778 -0.488454 -0.47006 1.30659 -0.314652 0.99506 -1.79215 -1.19075 0.916019 -1.25495 -2.41959 2.06134 0.436656 -1.71015 1.10006 -0.580356 -0.406687 -0.733347 0.0204704 -1.39822 0.750393 1.78423 -1.33333 -0.13083 -0.983627 -1.65275 1.02294 -0.889085 -0.556249 -1.63465 -0.32414 0.471558 -1.61329 0.433316 1.09238 1.14953 0.754207 1.79333 0.76984 -1.08253 0.00173728 0.900907 0.447139 1.31911 1.29452 0.483744 0.555659 -0.130238 0.196217 0.467491 0.263163 1.6565 1.47967 1.95991 0.655031 2.20705 0.120186 0.1904 0.561476 0.394121 0.407763 1.18452 -0.0216759 -1.05359 1.38454 -1.65737 -0.623634 -0.769065 2.13034 0.0775767 0.13651 0.117643 0.761599 -1.39975 0.0232124 -0.792374 0.207358 -1.31463 -0.219111 -0.253692 0.206001 1.22519 0.133281 -1.33149 1.72928 0.447267 0.253741 1.35236 -0.205842 -0.144693 0.826513 -1.1047 -0.052722 -1.57333 -1.07143 0.0755866 -0.492256 -0.51982 2.68928 0.140304 -0.556875 -0.688456 -0.986017 1.66342 0.303032 0.00613585 -0.315206 0.114234 0.337831 1.13489 0.387902 0.6565 -0.899011 -0.640322 -0.778205 0.0200643 -0.0560377 -0.980751 0.744675 -0.129022 0.453681 0.119947 1.56987 0.355556 -0.680835 0.800815 0.228588 2.10004 1.08103 1.00173 1.78328 -0.774435 0.618861 1.90967 0.50801 0.126324 0.46124 0.550015 -1.18161 -0.267793 -1.0198 -0.630549 0.420842 0.576099 -0.947208 -1.09814 1.56754 -0.65179 -0.58175 0.546661 1.27039 0.37642 -0.359707 -1.04555 0.980084 0.120195 0.314148 -0.580285 -1.18948 1.88732 0.578819 0.452345 -1.04051 0.793471 1.62405 1.14227 0.480044 2.10723 -0.704503 -2.41574 0.887794 1.48323 -0.427897 1.78942 0.730727 1.14857 -0.703689 -0.394313 0.624668 1.03658 -0.8585 2.14439 1.58271 1.92814 -1.34051 0.845685 0.454757 0.695144 0.878687 -0.53596 -0.638301 -1.83023 0.261034 0.0399914 0.287948 0.0930863 -0.44989 1.89626 0.00971333 0.817021 -0.242607 0.650979 1.17174 -0.741908 0.234857 -0.978477 0.795847 0.110485 0.97934 -0.847056 -0.48907 -0.252963 -0.754823 0.487307 -0.34046 -0.497622 2.08826 0.774566 0.0686625 -0.71801 -0.121128 -0.326844 -2.74277 1.40548 -0.646997 -0.924428 -0.806726 0.3164 4.09604 0.33786 -0.523883 -1.87045 1.4402 -1.12704 0.0466998 1.80656 0.831373 -1.09267 0.920184 0.768519 1.43067 -0.157802 0.698227 0.226441 0.774483 0.302393 0.903605 -0.445232 -1.03871 0.653506 -1.19345 1.00094 0.732466 1.24327 0.831774 0.443241 -1.26045 0.279921 -0.494434 -0.742502 -0.101611 2.71311 1.06729 -0.30127 0.661066 0.553698 0.544246 -0.651458 1.07563 -0.175099 0.304598 0.34648 0.175659 1.14883 0.45497 1.23056 -0.158551 -0.69396 -0.801021 -0.0982802 -0.400549 0.207904 -0.0929467 0.0329343 -0.651926 0.426612 1.06821 0.861243 -0.972049 -1.81111 -0.865807 -0.440844 -1.1213 0.921671 -0.130715 -1.09115 -0.523021 0.556016 1.42495 0.412655 0.634478 0.0293358 0.425745 -0.808731 -0.131762 0.791658 -0.489655 0.300673 -0.182254 0.556668 0.183707 -0.773442 -0.581452 -0.698582 -1.16481 0.314009 -0.172266 0.747983 1.29659 -0.30749 -2.18271 0.266246 -0.651914 0.159203 -0.709779 -0.381755 -2.28023 0.226104 -1.04885 -0.786913 -0.0749151 -0.512253 0.31094 -0.183414 0.0891538 -1.3686 -0.937385 0.35428 -0.427076 -2.01364 -1.47075 0.0502659 -2.31278 0.0644409 1.32733 -0.0189323 2.17066 -1.85381 -0.647129 -0.108854 -0.607937 -1.62626 -1.06054 0.637886 1.32227 -1.14941 -0.382528 1.21783 -0.0330481 -1.07422 0.215505 -2.10184 -0.821531 -0.208599 0.411304 0.385155 0.476343 1.09737 -0.563885 -1.31746 -0.283761 -1.19105 -2.10123 0.750884 -0.171389 -0.930586 0.284771 -0.988981 0.0109023 0.385296 2.11079 0.624458 0.369 1.67994 1.05794 -0.566474 1.08315 0.825998 -1.0497 -0.291799 -0.108627 0.190017 0.763213 -0.738994 0.69037 1.37938 -0.716023 0.579295 -0.0498483 0.120424 1.80841 -0.787979 -0.220931 0.353253 0.266798 -0.170829 0.849415 1.45794 0.587061 0.565101 -1.58856 -1.96139 0.877575 -0.71828 -0.744079 -0.151773 0.272468 -0.604631 -0.247237 -1.04726 -0.980618 -0.53982 -1.3323 1.02503 0.511037 -0.133844 0.0683969 0.456017 -0.137016 1.38557 -0.196997 -0.00905236 0.956255 -2.29024 1.49408 -1.89748 0.137919 -0.109472 -0.65483 0.00631008 0.236008 0.436721 -0.251107 -0.812374 2.322 1.13261 0.923428 -0.470502 -0.813899 0.627388 0.491714 -0.0196451 1.22475 0.178967 -0.269532 -0.294326 -0.449687 -0.28535 -0.228481 -0.30361 0.363152 -0.0536323 0.881482 -1.11838 0.0773281 -0.277183 1.41586 
-1.64662 -1.19348 0.197129 -0.706229 0.934656 -0.763671 0.886962 -0.289528 0.125322 0.214044 -0.29488 -1.55989 -0.810215 1.35066 0.00378427 0.409432 0.538276 0.00858073 0.562555 0.660094 -0.553655 1.27957 -0.580186 -0.86769 -0.381819 0.866747 0.535471 -1.48701 1.17512 0.824261 0.356124 -2.32688 1.29799 -0.588862 -0.595824 -0.692313 -0.0062193 0.233473 0.0489331 -1.56944 0.160707 -0.580958 -0.32612 1.38853 -1.85015 2.2972 -0.11843 -0.0308303 -0.101327 -0.294639 0.153683 0.872277 -1.35051 0.38517 -0.785238 -0.729496 -1.07104 0.518276 0.801615 0.996445 -1.23256 1.26289 -1.96113 0.218572 -0.665527 -1.63666 -1.41647 0.865812 -0.230033 1.82577 0.578624 0.0929459 0.963192 0.939618 0.633665 1.27595 0.564524 1.82494 1.21497 -0.282805 0.322341 -1.06492 0.44318 -0.492393 0.348664 -0.925118 -1.15121 -0.994029 -0.674063 -0.45195 0.352303 0.815967 0.111667 0.658902 0.0368519 0.0638485 0.835315 -0.0749234 -0.81392 -0.0576439 0.313813 -0.237543 -1.22375 -0.332063 -1.06287 0.139698 0.247279 -0.348204 -1.22429 -0.332351 0.415352 0.244247 -0.793708 -0.70091 0.211556 0.980841 0.561764 -0.403854 0.0637317 -0.991264 0.980973 -0.345362 -1.39301 -1.32019 -1.34882 -0.192795 0.656227 -1.68435 -0.962803 -0.28012 -1.96566 -0.529273 -1.33145 -0.797912 0.31809 -1.85964 0.563753 0.772071 -1.12033 -0.171368 -0.51111 0.852582 0.420162 -1.55521 -0.998859 0.881001 1.06375 -0.121425 -0.527663 -1.46749 0.485637 -2.0456 -0.443026 -0.283894 0.999538 -1.40593 0.280682 0.291398 -2.79212 0.133044 -0.986227 0.51684 0.575931 -0.679056 -0.46673 1.65749 -1.01909 1.91936 0.976697 -0.789624 -1.15116 1.38494 -0.398333 1.89989 1.09566 -0.0395741 0.671389 -0.323588 -0.684028 -0.580158 -1.50422 0.161028 -1.30024 -0.140614 0.620493 -0.267338 -0.504171 1.44761 -0.190937 -0.501166 0.349754 -0.174159 -0.409275 0.980756 -0.50671 -0.21506 -2.12285 -0.180549 -2.44973 -2.2858 -0.243739 2.72785 0.524593 -0.800764 0.904006 -0.0527824 -0.0687369 -1.14653 0.0288152 0.175063 -1.4802 -0.153968 -1.18345 -0.165408 -0.699869 0.709598 1.61588 1.03788 -0.446223 0.211945 -0.700128 0.687803 0.264434 0.291189 0.0453296 -0.148321 -0.265058 -0.140688 -0.0585663 -0.744052 0.460613 -1.04049 0.129194 -0.635104 -1.94252 0.913487 -1.18309 2.01291 0.149061 0.528457 -0.626951 -0.146418 0.206551 1.42347 -1.22486 1.30722 1.06003 1.57312 -0.333594 -0.237918 -0.789485 -1.57396 -0.528932 2.49168 0.738484 1.36685 -1.17479 -0.787617 -1.4505 -1.69808 0.804826 -0.846054 0.806711 0.858368 -0.707016 0.965746 0.0357277 0.887648 0.69577 0.683507 0.833235 1.15363 -1.60803 0.587398 -0.858597 -0.256592 0.35946 -0.611809 -1.29443 -0.406071 -0.224294 -0.652866 0.688969 -2.93411 -1.28707 -0.444189 -1.10839 0.65243 0.19209 -0.816451 0.00280079 1.02053 -1.58534 0.514917 -0.478407 -1.01444 1.45208 -0.0207268 -0.861149 1.18671 -1.13744 -0.44713 -0.804564 -1.02698 -0.540649 0.183424 0.888661 0.222813 -0.526535 -0.234257 0.118713 2.67324 0.961103 -0.865498 0.121813 0.666698 -0.632472 0.378802 -0.118789 0.967898 0.676301 -0.708483 0.390647 0.248453 -0.839636 0.182095 -0.591002 -0.81426 -0.271652 0.25358 -0.135125 0.622026 -1.07895 0.280045 0.121928 0.0996842 -0.520498 -0.464729 -1.54888 -0.181223 -0.0109145 0.655576 0.782499 0.355261 -1.01357 -1.72284 0.784286 -0.748606 0.561827 -0.348018 -1.24069 -1.6993 0.176831 0.848957 -0.144433 -3.19281 0.448703 -0.192029 1.61307 2.02457 1.15414 -0.188757 -0.0233846 0.6198 -1.73725 -0.522415 1.047 0.282539 -0.0758458 0.775124 0.607891 0.343002 1.72621 2.2968 -0.467119 0.288299 0.910583 -2.43825 -0.716107 -1.05685 1.09767 0.0361108 -0.221991 -0.0229524 -0.41563 -0.807219 0.413247 -0.589835 0.329301 -1.6981 -1.18363 -0.0892929 -1.46914 -0.216682 -0.795904 1.50781 1.55902 0.246329 -2.71635 -0.807714 -1.37558 0.323385 -0.652098 -0.113233 1.21511 -0.611414 0.149723 -0.9893 0.858334 -1.24501 -2.18914 0.271272 -0.634736 -1.04598 0.403773 0.286837 -0.160951 1.33224 -0.505535 -1.25744 -2.73149 0.301163 -0.536483 0.416991 1.56804 -0.554408 0.390701 0.0019418 0.85089 0.427673 -0.191293 -0.46168 -0.969765 0.272468 -0.838132 -1.8304 0.0341144 0.30493 1.28034 -0.848245 -0.216324 0.96192 1.10654 -1.43433 -1.228 -0.716291 -0.0945179 -0.255918 -0.30078 -0.191975 -0.645612 -0.0580217 -1.85185 0.6634 0.122509 0.669394 -0.458516 -1.11953 -0.529228 1.00838 -0.374983 -2.96734 -0.988867 1.04288 0.0972791 1.29993 -0.502491 -1.12696 0.0437412 1.78076 -1.04272 1.16531 -1.10797 0.17264 0.671709 1.59514 -0.39722 -1.04684 0.719291 -0.817183 -0.150498 -1.06288 -0.160534 -1.14397 -0.744367 -0.441041 -1.33688 -1.05246 0.257303 -0.44833 -0.794284 0.263017 -0.0135662 0.574683 -0.354748 -0.329412 0.402273 -0.261557 -0.88745 -0.820653 -0.344516 -0.418362 -0.440075 0.255006 -1.43745 1.24112 -0.474515 -1.17492 -1.92921 -0.37093 -1.01287 -0.371018 0.187365 1.10948 -2.15754 0.687048 -0.655759 1.16317 0.792487 -0.692999 -0.649463 -1.24743 -1.27626 0.242543 -0.115495 -0.420463 0.935106 0.602072 -0.0524508 0.262842 1.88489 1.56213 -0.0757635 0.610578 1.13089 0.678298 -1.91626 0.583101 0.145388 -1.41496 -1.12291 -1.03693 -0.573818 -1.06354 0.459944 -2.43418 -0.335983 -0.243131 -0.134504 -0.649711 0.565539 0.630733 0.406887 -0.206753 -1.76084 0.489516 1.61663 1.22999 0.142899 -0.641387 -1.78292 0.476331 0.0802765 0.392732 0.0225857 0.248472 -1.4239 2.01676 1.41342 -0.157181 0.216629 -0.490635 0.556884 0.260107 -0.709768 0.2453 0.669442 1.2805 1.53235 0.242598 -1.35797 0.269522 0.180381 -0.211839 -0.318595 -0.236075 -0.777688 0.52513 -0.877799 0.807225 -0.755594 -0.0612805 0.363394 -0.1992 -1.29521 0.797563 1.15441 -0.95819 -2.44013 -0.378857 -1.12569 -1.00298 -2.07474 0.752061 2.16996 0.208448 -1.17414 2.09693 -0.585968 -1.83747 0.549155 0.998619 -0.267361 -2.99311 0.227678 1.09476 1.21678 -0.452478 1.93354 0.0451302 0.115127 -0.46182 0.0127965 -0.9036 1.80871 1.31396 -0.926777 -0.338393 -0.970968 0.770439 0.49618 -0.557643 0.18553 1.63953 -0.73836 0.52348 0.0292472 2.07332 0.367733 -0.467251 -0.220787 -2.52768 -0.357239 0.883768 1.84594 1.16896 1.58805 0.440371 0.513698 -1.0529 1.2699 -1.22804 1.9981 1.6663 1.36416 -1.28869 -1.57601 -0.881698 0.848951 0.295707 0.0169956 2.14489 0.67431 0.195393 1.42106 -1.98153 1.28508 0.0931787 2.27014 -1.5443 0.00324762 2.91151 -0.517655 -0.969772 0.479243 -2.00094 0.348696 1.08446 -1.42053 1.22936 -1.01265 -0.523092 0.560119 -0.783566 -0.0505159 2.37854 1.32513 2.18365 -0.168249 -0.288607 -1.06886 0.278922 0.318984 1.11 -1.73719 -1.11689 0.945077 0.203724 -1.55843 0.886798 -0.454163 -0.458708 -0.703999 0.243293 0.952446 1.07781 -0.819477 1.11246 -0.100759 0.867229 -0.312982 0.299522 0.741654 1.67398 1.23032 -0.931108 -1.46566 -1.46636 1.78809 -0.146351 1.21581 -0.782426 -0.0675096 1.2281 0.278639 0.363286 -0.542678 -1.13745 -0.425967 0.472603 1.54846 -0.975658 0.850764 -0.979715 -1.19835 -0.714429 -0.556128 -0.799044 -0.493551 0.190654 0.485306 -0.294877 -0.00720488 1.12806 1.34195 -0.216141 0.0602981 -1.33554 0.534211 -0.698065 -0.232068 -0.342139 0.844812 1.4049 -0.596666 -0.146964 -0.775933 0.586678 -0.571122 -0.992068 0.352917 -0.0273175 2.66358 0.256743 -0.138609 1.64946 1.30227 1.80941 -0.775926 0.977848 0.259388 -1.47133 -0.901057 -2.52305 -0.0262294 -0.313419 1.01589 -1.15765 -1.10701 1.16859 -2.60193 -1.02816 1.42863 1.11039 
-0.259543 -0.188501 0.23998 -0.847185 -2.69263 0.0764968 0.0811091 1.05787 0.00888924 -1.47338 0.317812 -0.0743405 -1.37532 1.55661 0.861481 -0.513456 2.60551 0.864162 -0.053477 0.583387 -1.60187 1.89043 -1.47392 1.56389 -0.923862 0.167045 -0.367173 1.21735 -0.209107 -0.660895 1.08345 -0.247762 -0.78086 0.765068 0.316276 -0.237048 -0.245544 0.557665 -0.322655 -0.408274 1.3466 0.454749 -0.104456 -1.33502 -1.65055 0.0995228 -2.2148 -0.226711 -1.63206 -0.0344905 -1.49115 0.764944 0.205786 -0.859706 0.965459 -0.451747 -0.350853 -0.389917 -0.35259 0.217212 0.263416 -0.665353 -0.168723 -1.02911 -0.235498 -1.13312 -0.0946878 0.782037 0.442093 -0.869598 -0.563994 0.968939 -0.274874 1.93315 0.349657 -0.0966128 -0.78673 0.808288 0.735698 -0.750765 0.652979 1.20615 -1.23649 -0.242414 0.540838 1.32815 0.0720263 -0.0588998 -0.0744627 -0.0551468 -0.0407381 -2.81115 -1.04581 0.628367 -0.20563 0.317914 -0.00450775 -0.0697768 0.0924286 -0.144542 0.82795 0.449733 -1.17099 -0.523641 2.82716 1.39443 0.491198 -0.504785 1.22421 -0.670157 1.44079 -0.322314 -0.581456 -1.25546 0.6987 1.49109 0.127706 1.43483 -1.74735 1.77067 -1.65987 0.738004 0.047717 -1.15552 1.47423 0.0265748 1.06445 -1.04284 -1.01657 0.546069 -2.16407 0.234468 -0.311425 -0.429035 0.246827 1.73429 0.965168 -0.0752636 0.673853 -0.396447 -0.0265348 0.0149003 -1.38936 0.581224 1.40422 -0.333498 0.516484 -1.3301 0.469237 0.671574 0.416793 -0.805629 -1.3199 -0.064125 0.780362 0.243302 0.563527 -0.84759 1.54596 -0.632236 -0.871335 0.114541 -2.49572 -0.269308 1.51384 0.638498 -0.367644 -0.297533 1.56286 -0.317801 -0.550715 -0.98445 -0.0691491 -1.64758 -1.26849 1.55892 0.933501 0.354814 -0.140559 -1.68891 0.461329 -1.67486 -0.0592108 -0.576869 -2.48977 -0.303343 0.742714 0.621827 -1.30969 0.887768 0.675993 -1.65329 0.578249 0.000118382 -0.262888 0.863525 0.635628 -0.109342 -0.13989 -0.226656 0.0810754 -1.24697 2.03652 -0.679109 -1.08202 -0.376156 -1.38555 -1.31848 -0.837992 -0.753145 -1.59871 -0.378083 -0.721233 0.573522 0.806954 1.61298 -0.477584 1.26536 0.0101565 1.33013 0.816047 0.951018 -1.44714 0.951985 -0.108278 1.36008 -0.483508 0.136728 -0.818633 0.0246392 1.56696 -0.280163 1.32756 -1.79004 -1.15763 -1.48965 -1.13203 0.703076 0.399601 0.466526 0.29425 -0.105665 -0.829883 1.41712 -1.58401 0.978267 -0.596497 0.142692 1.24017 -1.04174 -0.966351 0.861967 0.748869 0.328371 -0.205988 1.07741 0.339608 0.316426 0.843147 -0.880953 0.480534 1.07311 -2.53129 -0.705983 -0.351704 -1.54428 2.46964 0.751978 -1.56625 -0.548242 -0.979548 0.548206 -1.07902 -0.0978118 0.267486 -0.00225875 -0.180232 -0.331417 -0.726022 0.332971 -0.183992 -1.26106 1.64341 -0.297455 -0.29861 -2.21995 -1.52374 -1.85977 -0.297568 0.739111 1.46519 0.371647 0.0744963 -0.223895 0.0674985 0.96288 0.31434 1.84396 -0.480406 0.565495 0.967302 0.539195 -0.192278 0.38454 -1.49221 -1.37494 0.195304 0.145735 1.1572 -0.354368 0.170177 -0.0197513 -0.00542182 -0.117759 0.268269 0.532863 0.063124 0.567582 -0.304661 -1.51963 2.6857 -1.28773 -0.115526 -0.631122 -1.78421 0.247217 -1.3058 0.814363 -1.44211 0.482952 0.221955 -2.34744 0.189914 1.36336 0.226948 -1.46538 -0.356548 0.485233 -0.628013 -1.44427 0.411337 0.858696 -0.766859 -0.777115 -0.214561 0.324854 -0.212603 -0.20017 -1.21745 -1.14607 -0.803878 -2.74907 -0.0667378 -0.138583 0.383957 0.180753 0.301776 0.0346672 0.850684 -0.0263538 0.0666987 0.862944 1.43771 0.898824 -0.588675 -2.33413 1.06455 1.19915 0.484347 -0.528636 -0.0419627 0.993934 1.08862 -0.392601 -0.864471 0.297216 -2.16498 -0.646445 -1.04016 0.284058 -1.21835 -0.130436 -1.0234 0.617769 -1.01709 -0.392527 0.430958 -0.271644 0.402518 0.530159 1.47348 0.0431115 -1.5931 -1.55485 0.570143 -0.209395 -0.927802 -1.45134 0.259282 -2.26471 0.825558 0.3877 1.09982 1.12026 1.07252 0.84605 -0.0479044 0.546445 1.39658 1.39315 -0.0834409 -0.54807 -1.38397 -0.17451 1.78304 1.1386 0.00151861 -0.748176 0.290895 -1.02723 -0.805687 -1.46154 -0.821647 0.171307 0.357951 -0.0974412 0.521248 -0.207952 1.97145 -0.456104 0.142971 -0.47729 1.98367 -1.35295 -0.508038 1.2384 0.730631 -0.343867 -1.3729 0.284994 -0.768427 -0.561125 0.40337 -0.383958 -0.851046 0.00249431 0.382345 0.267635 0.441411 -0.867161 -0.719301 1.10717 0.853766 -0.453772 -0.375013 0.0998702 1.11962 0.850584 -1.04012 -1.18024 1.4255 0.79582 0.276499 0.318558 -0.96243 -0.559769 0.0496953 0.418885 -1.14275 -0.900422 1.26302 -0.711804 -0.298977 -1.82126 -0.0088861 -0.462665 1.77682 0.204163 -0.328019 0.0727671 0.434798 1.92959 -0.225881 -0.246947 2.03005 0.0264169 0.426293 0.649577 -0.615544 -0.769921 -1.07181 -1.78326 0.638874 -0.0738963 -1.06478 0.863914 0.202131 -1.50291 0.343676 -0.490873 0.376 -0.369398 -0.929731 -0.37944 1.76341 1.75757 -1.35621 0.975988 0.352983 -0.848881 -0.843717 -0.829591 -0.0710972 -1.06704 -0.360659 0.00683361 -0.293416 -0.752437 0.333758 1.33828 0.198551 -1.16287 0.221515 0.684972 -0.735786 0.440968 0.608206 -0.640168 -0.491173 -1.02976 0.51241 -1.30751 0.73665 -2.14129 -0.284116 1.95153 1.40841 0.195045 0.973624 -1.10336 -0.239035 1.08127 1.5086 0.209886 1.27039 0.0534387 -0.228503 -1.494 -0.195344 1.03822 0.39258 2.15055 -1.06233 1.01089 1.84517 -1.04634 -1.3743 -2.02304 -0.708862 -1.13552 2.30347 -1.9654 -0.893013 -0.508467 0.480497 -0.181137 0.766226 0.7983 -0.543169 0.569289 -1.14134 -1.10646 1.59886 -1.03711 0.532998 -0.530178 -1.44805 -1.23346 -0.280823 -1.51038 -1.09874 1.14317 1.50642 0.52347 0.774512 -1.49001 -0.582959 1.00152 0.11595 -1.21031 -0.915725 0.932746 2.33773 -0.385354 0.0206448 0.312812 -0.84362 -2.79237 0.674839 1.65279 -0.879403 -0.285853 -0.120531 0.484865 -0.378831 1.12593 -0.950127 -0.878009 -1.21708 0.915617 -0.982132 -1.2152 -0.0932308 0.940847 1.00198 0.621614 -1.34052 -1.67446 -0.615492 -0.911944 -0.108524 -0.322619 -0.911502 -0.853045 1.5226 2.83474 0.376564 2.85487 1.85896 0.976716 0.47412 -0.427903 -0.954209 0.645495 -1.19649 0.269148 -0.167088 0.988762 -0.663134 -0.911957 -1.32053 -1.72335 -0.704154 0.0777429 0.505935 -0.345868 1.01829 0.655097 -0.0217306 -0.294926 1.11156 -0.876556 0.182133 1.08961 1.62179 -0.0587174 0.939732 0.455861 -0.583476 -0.196423 0.515115 -0.0477868 -0.361722 1.01823 0.983968 1.21911 -1.51156 0.414963 -1.20726 0.147457 -0.00738536 -2.89946 -1.16069 0.293883 -0.662181 1.78642 -0.906319 0.734184 -1.29283 -0.12642 0.273617 -1.79895 0.693577 0.964866 0.238192 -1.24681 -0.0164145 -0.152003 -1.70193 -0.224449 -0.753081 -0.00950209 2.04287 1.04584 0.797504 0.515973 0.387794 -0.123731 -0.271759 -0.454986 0.94148 0.685296 0.515966 0.743492 -1.534 -1.36954 0.418602 -0.656121 2.01201 -1.24903 1.34648 0.771479 0.675596 0.68498 0.736973 -0.050286 0.0296006 0.555979 -1.07696 1.36007 -2.64402 0.547732 0.82466 0.844035 0.655052 -0.670862 -2.30786 0.27277 0.324869 0.242339 0.269013 -1.56001 0.35844 -0.66671 -0.659584 -1.63798 0.496483 0.963692 -0.106681 0.297031 0.184317 -1.73054 -0.30339 -0.976234 -0.0386483 0.973778 -0.547959 -1.15079 0.120339 -0.00548124 0.0551308 -0.375562 0.0888305 -1.96449 0.765857 -0.293653 0.594494 -0.855969 0.365702 0.209878 -0.297356 0.67015 0.569592 0.527763 -0.780437 -0.348236 -0.0215152 0.690944 -0.920622 -0.256354 0.584006 1.54136 0.110559 -0.415331 -1.00809 0.205307 -0.837673 2.16706 -0.208061 -1.94792 -1.11799 -0.13194 1.42997 -1.37584 
1.0349 -0.729904 0.31079 -0.724407 0.90175 1.95276 -0.108845 -0.777031 -0.0382613 -0.643359 -0.939975 -0.0516514 -0.151861 -0.36926 -0.1902 0.0731318 0.433435 -1.42188 -1.066 -0.143837 0.618059 0.285834 0.772635 0.897216 1.50551 0.159553 -0.672541 0.137293 -0.524315 1.48978 -0.245829 0.357899 -0.401052 -1.06204 0.464925 0.0745087 -0.870964 0.242345 0.0664502 0.456486 0.884815 -0.875676 -1.32165 0.130859 -0.416044 0.626728 0.740804 0.828962 -0.244719 -1.40494 -0.170475 -0.662831 -0.674281 0.773157 -0.255425 1.05612 0.17662 -0.326959 1.08572 0.505077 -0.263677 -0.103784 -0.855474 0.707288 -1.11422 -1.12138 0.985118 -0.640393 -1.4716 1.12798 0.297467 2.54498 -1.4901 -0.394858 -1.39126 1.5791 -0.214109 1.80174 1.94952 0.373308 -1.01014 1.36976 -0.786728 -1.07386 -0.0586328 0.707104 0.861695 0.734618 1.48896 0.438018 0.192241 0.196997 -0.41459 0.205166 -0.157234 -0.931276 0.351064 -0.749569 0.0825118 -0.979903 -0.37345 0.394746 -0.8397 -1.28824 -0.453206 0.453153 -0.738233 -0.174436 0.938724 -0.56844 1.19156 0.871246 -0.88115 -1.03096 0.0202576 1.36894 0.360509 0.763504 -1.03052 0.555312 -0.566713 -0.950685 -0.962966 0.80497 -0.047513 0.0293493 1.28613 -0.783073 -1.4541 1.86448 1.3558 -1.48028 -1.98723 -1.01625 0.0332783 0.147883 1.18105 -1.96119 2.60084 -0.550051 -0.477017 0.376016 -1.06552 -0.649111 -1.07751 0.0490908 -0.287911 -0.406838 -0.232143 1.57786 -0.994129 0.988029 -0.282491 -1.52745 0.26963 -1.2841 -0.174445 0.983214 -1.45594 0.275506 -1.00788 -0.789074 1.67107 0.595647 0.710884 0.445524 0.00125059 1.34014 -0.902686 -1.82114 1.88942 -0.374103 -0.505768 0.617363 0.528875 -0.325573 0.64913 0.21006 -0.058315 -0.109464 0.228319 0.668503 -0.164391 -0.438399 -2.04268 -0.594047 -1.15774 0.329794 0.213519 -2.02295 0.503974 -0.109467 0.835093 1.61209 -1.71919 0.356789 -1.17824 -0.875058 0.251556 -0.333955 -0.261606 -1.35558 -1.07014 1.96568 0.191607 -0.613259 -1.10738 -0.301263 0.218335 2.1782 -0.256983 -0.451169 0.937681 0.598088 -0.560704 -0.181565 1.18804 -0.412179 -0.158338 0.66829 -0.969687 0.419094 -0.820937 -0.843082 0.40421 0.925731 -0.111776 -0.41178 -0.0823001 0.95104 -0.98129 -0.903409 -1.37286 -1.67257 0.403463 1.84487 0.553258 1.58048 0.287386 1.59344 -2.27209 1.41751 1.32739 -0.580041 0.331949 1.3204 1.1714 -0.251211 -0.324014 0.356445 0.228989 -0.278143 -1.69783 0.336047 -1.42339 0.802631 -0.373973 -0.280328 0.424927 0.995819 -1.32833 -0.558643 0.22681 0.83121 0.464703 0.811931 0.733449 -0.607499 0.170769 0.149625 -0.117579 -1.13405 -1.23078 -0.812709 0.406456 0.152064 -0.906439 0.993537 -0.17603 -1.04732 0.232982 0.695208 0.38838 -1.67223 0.144313 0.783457 -0.0813558 0.59796 0.613971 -1.1705 0.326422 -1.34803 0.2628 0.607412 -0.774378 -0.5386 -0.0996288 -0.399686 -2.2509 -1.52724 -0.550177 -0.00153991 0.0953792 1.08241 0.581046 0.409913 0.254056 -1.59871 -0.278617 1.75221 -1.06612 -0.739678 -1.41557 -1.16622 1.25914 0.281692 1.72881 0.671999 1.05819 -0.768406 -0.451201 -0.413275 -0.512719 0.30029 2.26648 2.90774 0.786513 -1.13886 -2.14999 -2.2397 1.07125 1.30889 0.128503 -0.902019 -0.65719 1.47321 0.471098 -0.0838407 -0.110232 -1.29212 -1.26849 -0.632644 2.78775 1.36861 1.08197 -0.681054 0.180516 0.454852 0.960384 0.17104 -0.455117 0.899962 -1.09448 -1.75782 -0.968301 0.485656 -0.38081 0.33376 -0.232609 2.08636 0.628311 -1.01032 -0.0730455 0.0995275 -0.467576 -0.360183 -0.680704 0.733347 -1.30477 -0.329483 0.0972471 -1.15664 -0.673265 0.032041 -0.781085 -0.761014 -0.612485 -0.0379187 -0.502772 -0.340501 0.557345 -0.285848 0.995019 0.519115 1.18018 0.011011 -0.266743 -0.959887 0.158753 -0.512555 0.758622 -0.54899 -0.0962141 0.406226 -1.40789 0.219866 0.701366 -1.37785 0.330703 -0.19473 0.167015 1.40906 -0.078933 -0.0539662 1.32288 -2.07902 -0.766826 -2.15305 0.248926 1.63714 -0.597836 0.707698 0.100804 0.776147 -0.00758373 0.428813 0.251006 0.767857 0.900083 -0.283191 -0.494178 -0.616999 -1.47709 0.990739 -0.00885285 0.419678 -0.436503 0.593889 1.1522 -0.711016 -0.897426 0.255913 0.466765 -0.0948081 1.35074 0.467529 1.01723 -0.608202 1.66978 0.664369 -0.294116 0.797064 -1.58071 1.30054 0.598015 -0.416274 2.31806 0.0291224 1.13967 -1.12499 0.641902 -0.726677 -0.918072 -0.0249065 1.00655 -0.516904 0.192667 1.00512 -0.253241 0.220527 0.121399 0.528154 1.21731 0.914156 2.04216 0.39313 -0.203462 -0.323684 -2.83943 -0.0904124 0.0289003 -0.81252 -0.919706 -1.21985 2.15332 -0.33847 1.94565 0.338956 -1.37703 -0.709098 0.327042 1.09616 0.285638 1.734 -0.519109 0.0591687 -1.19404 1.24937 0.680839 -1.15819 0.922112 0.466494 -0.00580501 0.41215 0.140326 0.17838 -0.0108499 2.17905 0.310687 1.6347 -0.197973 0.303363 1.20288 1.4721 0.353952 -1.7024 1.75721 -0.680934 -0.789566 -0.774377 0.207427 0.41532 -0.480711 -0.200198 -2.0562 0.820899 0.442213 -0.885394 -1.02743 -0.351206 1.65007 -0.0428938 -1.42361 0.95945 -2.69588 -0.256666 -0.46813 0.375486 0.607224 0.39145 -0.584221 -0.559449 -0.335415 -1.22705 -0.723896 1.03047 0.153817 -0.673914 -1.11387 0.103359 0.399796 1.13995 -1.11681 -0.711709 -1.7315 0.226691 -2.05062 1.66477 0.686885 0.0294083 1.64193 0.127345 0.295528 -1.08274 0.0137384 -1.67418 0.336665 0.465223 -0.0891109 2.04727 0.29157 0.0847221 0.0354407 -0.0445537 -2.50268 0.852059 2.23466 -0.296888 0.158466 -0.874289 1.21334 0.305804 0.915934 0.685477 -1.93236 0.527139 2.83518 0.118667 0.667553 0.244854 -0.79774 1.44702 -0.319639 0.713561 1.00321 -1.28156 1.18383 -1.65363 -0.916713 -0.440827 2.05537 -0.843229 -1.29174 2.46285 0.251108 -0.0571074 -0.070193 2.29597 0.357923 -0.653148 0.607428 1.32538 -0.671391 0.611979 0.861234 0.848219 0.119217 1.90896 0.579518 0.852333 0.134239 0.187859 -0.367979 1.29563 0.243836 0.390926 -0.434321 0.315366 0.0628845 -0.847334 0.616823 -1.54909 0.86704 0.935786 -1.53971 -0.21665 0.072393 0.0863764 0.939648 1.30518 -0.392508 1.44984 1.09413 -0.785245 0.131865 -0.517118 -0.616835 -0.463279 -0.603599 -1.37665 1.22149 1.46777 1.76126 -0.813282 1.13892 -1.61603 1.52154 -1.3511 0.529811 -0.433849 -1.16298 -0.0986909 -0.156579 -0.895166 1.28667 -0.221168 -0.741823 0.645781 -1.6427 -1.91355 0.645393 0.472881 -0.064735 1.03181 -0.36649 -0.65927 -0.290995 0.871592 -0.666203 1.58313 2.08612 1.08442 -1.42021 -0.947896 1.0999 1.72335 -0.475035 -0.882933 -0.0762688 -0.522883 -1.55815 -0.0876603 0.368579 -0.63609 0.107954 -2.2766 -1.50908 0.289324 -1.08647 -0.809078 -1.25502 1.07736 -1.75092 -0.208503 -1.26251 -0.68198 0.70694 -0.895304 -0.423778 -1.26142 -0.0632912 -0.5094 1.22531 0.922808 -0.0843358 -0.218323 0.232526 1.32358 1.14386 -0.78491 -0.171331 0.903235 -0.294654 -0.385117 -1.36104 1.36631 -1.34614 1.22406 -0.765437 -0.464426 0.137001 1.06706 0.299289 0.0519763 -0.677665 -0.151118 -0.627634 0.0589094 0.0770756 1.33425 -0.144336 -0.580345 -0.258982 -2.4072 -0.517879 0.213297 0.545398 -0.853954 0.558395 -0.224224 0.490558 0.32665 0.538923 1.72829 -0.162962 0.671599 0.403959 -0.850392 -0.451172 0.643202 -0.0579426 -1.36782 -0.0690451 -1.63986 -1.11156 0.762526 -0.39179 0.0358098 -0.90229 0.903852 0.560504 -0.711076 -1.50985 0.0329794 0.376951 -1.91693 -0.975133 0.0408238 0.243255 0.0165991 0.16497 -1.27525 1.19759 -0.636365 0.125774 0.323978 2.32629 -0.209697 -0.137742 0.569769 0.199594 1.47907 0.257869 -0.862903 
0.896485 0.953636 0.966728 0.229364 0.847599 0.425746 1.85158 2.0908 -1.69913 -0.505103 -0.994943 0.369372 0.810935 0.971878 -1.00177 0.758742 -0.280513 0.802176 -0.477046 1.05888 -0.632788 -0.0760355 0.203636 -0.840551 0.238357 1.1566 0.721501 0.849286 -1.60629 -0.406749 -0.801897 0.389527 0.559224 1.33329 -0.0728079 -0.362686 1.86167 -0.12568 0.300304 -0.543004 -1.32622 1.05463 0.560419 0.110251 0.287339 -0.809859 -1.46974 -0.610429 0.376675 -0.533274 1.298 0.565394 -1.7325 -2.14542 -0.878472 -1.45666 -1.30468 -1.23747 -1.70492 0.212196 0.808342 1.94341 1.20549 0.322629 0.435998 -0.338943 -0.116328 0.129834 -1.62749 0.548972 0.758935 0.199329 -0.856041 -1.17367 0.730528 0.0949097 -0.948471 -2.18365 0.655092 0.114721 0.252003 -0.425436 0.649011 1.29137 -0.872923 0.149263 0.343265 -0.990452 0.5777 -0.414266 -0.901124 0.641642 -0.762783 -0.438055 -0.281419 -0.782189 -1.17035 -0.400591 0.890786 -1.6868 -0.217672 1.68864 -0.78155 -0.458318 -0.641776 1.08196 -0.538201 0.341013 0.706144 0.0993217 -0.804495 -0.139097 0.67554 -0.423921 -1.00214 0.766197 -0.172532 0.254701 -0.519171 -1.54264 0.147718 0.447928 -0.465329 0.512839 -1.8601 -0.62869 1.42777 -0.638437 0.0474516 0.531424 -1.42268 -0.00557653 1.52184 1.43011 -1.63936 0.901574 -1.19692 -0.646752 -0.459359 -1.04111 -0.136909 0.715889 1.02723 1.75868 -2.03118 -0.419512 -0.27705 0.525168 1.32592 0.283932 -1.30859 0.568431 0.452373 -0.908926 0.455779 -0.663897 -0.589782 -1.24535 -0.408643 -0.81425 -0.704924 -1.25078 0.22809 0.669506 -1.69472 0.487993 0.81942 -0.160908 -1.00431 -0.675289 -0.642864 1.81643 -0.194343 0.534191 0.327159 0.0279482 0.550716 0.191287 -0.398448 0.114648 -0.158054 0.728748 -1.32981 -2.20672 -0.568416 -1.39581 1.99818 1.37452 -0.865552 0.232058 0.229036 -1.80595 0.463333 1.13947 1.73279 -0.127698 -0.25793 -0.0753743 -0.428806 -0.845865 1.02981 0.705948 0.84182 -1.67822 -1.67048 0.0586402 0.781483 0.499849 1.03241 0.0896922 -2.04695 -0.688893 0.58996 -0.192467 0.21067 -0.281857 0.109706 1.10567 -2.51221 1.11129 1.05568 0.296704 -0.651836 0.33865 0.785998 0.179469 -0.855337 0.270448 -0.269439 0.899045 -0.54167 0.272654 -0.384125 -0.268183 -0.88724 -1.73201 0.900881 0.0486748 0.523886 1.68516 -0.686909 -1.47373 0.615163 0.436341 0.789269 0.50575 1.34776 -1.30055 -0.896025 -0.366192 0.215547 0.280546 1.38078 -0.63642 -1.5521 -1.36015 -0.312433 0.39791 -1.21902 0.474207 -0.267161 0.274593 -2.14077 -2.24209 0.344164 0.981011 0.51093 -0.218641 0.194633 -1.53991 0.549147 -0.779612 1.78944 -0.667482 -0.0989634 0.43043 0.0903762 -1.9592 0.897663 -0.774664 0.0452688 -1.23597 -1.53622 1.36129 -0.836853 0.302125 -1.58614 -1.19271 -0.564231 1.52402 1.3215 -0.0931013 -0.786574 0.579473 0.167393 -0.225875 -0.28725 0.87685 0.571788 0.40394 -2.05715 -0.856901 1.2762 0.572366 0.432078 -0.528728 0.608276 -1.22549 0.899287 2.91417 -0.0645847 -0.550902 1.31627 0.99671 1.18473 0.069118 0.392974 -0.232676 -0.473025 -1.11943 -0.596517 -1.10292 0.00810814 0.449126 -0.924525 -0.123626 -0.323654 0.671151 0.506542 0.340143 -0.320707 -1.12948 1.09607 -0.273609 -0.64305 1.05748 0.0136539 -2.14336 -0.151294 -1.04085 0.694193 -0.332393 0.82863 -0.831665 -0.784928 0.640693 -0.965885 0.565005 -0.763577 0.316757 -0.430398 -1.79136 0.85401 -1.65956 0.0666803 0.214007 -0.170325 -0.682857 -0.618924 -1.71792 -0.6629 0.232528 0.495815 -0.0316871 -0.365283 -0.187504 1.30517 -0.398574 -0.496509 -0.538625 2.0337 0.875862 -0.593471 -1.00404 -1.23672 0.707792 -0.295032 -1.15079 1.40606 -1.42112 -1.75074 0.296096 0.690572 -0.703733 -0.475289 1.42565 0.816837 0.994859 1.70319 0.880092 2.12784 0.864384 0.389299 -1.14591 0.727353 -0.948326 -1.8477 0.30775 -0.213106 -1.37202 1.98056 -0.668558 -0.49926 -0.595843 -0.0484373 1.04531 -1.0156 -0.254076 0.321363 1.13134 -1.05932 0.473858 0.562384 -2.75294 0.889781 -0.677261 -0.252685 -0.47798 -0.839163 -0.32199 -0.759894 -0.845883 -1.80052 -1.17016 0.196859 1.04271 0.534913 0.550438 -0.381603 -0.581771 1.28937 -1.38609 0.0301826 -0.796374 0.17616 -1.58494 -0.262062 -0.844542 0.330971 -1.04331 -0.661326 0.234858 0.89129 -2.13558 -0.790905 -1.6342 -0.355899 -0.734833 1.34948 0.22355 1.21616 -0.33308 -1.04474 2.33621 0.991782 0.932503 -0.697499 -0.0639891 -1.1831 -1.11273 -1.0513 0.08371 -0.638276 1.77912 -0.339642 -0.693332 1.44552 0.532675 -0.423642 -1.00007 -2.11354 -2.00338 -0.455529 0.349642 3.07642 0.722988 -1.40254 -0.096667 0.267943 -0.725695 -0.355931 0.208659 -1.18674 1.29436 -2.27571 -0.778429 -0.352678 0.870156 1.9606 0.275996 1.29302 -1.44924 -0.163073 -0.639785 -0.153016 -0.491518 0.570623 -0.079566 -0.201886 2.74328 -1.18988 -0.784302 -0.346541 0.063386 -0.357869 0.104405 -0.174652 1.69375 -0.38965 0.0688374 1.1244 -1.07609 -1.01539 1.37787 1.91061 0.126332 -0.544706 0.922041 0.0394135 -1.6636 0.863025 0.823588 0.625299 -1.58888 -0.230568 0.504312 -0.932912 0.801256 0.125272 0.395596 1.30529 -0.707669 -0.0898971 0.781962 0.606433 -1.53617 0.615249 -0.276098 -1.59562 1.05392 -0.563077 -0.227032 -0.768151 0.585802 -1.67289 3.15393 0.218711 -0.384291 -0.301853 1.61772 0.0730279 -1.93136 -0.404115 -0.50612 0.949607 -0.17 0.19728 -1.07482 -2.02276 -0.470101 1.01452 -0.0728227 0.310293 0.933982 -0.115186 0.489177 -0.109479 1.44125 -0.747584 -0.568878 1.10824 1.16751 0.129679 0.418126 -1.25077 -0.358287 1.06608 -1.48922 0.482257 -0.414259 0.613709 2.71344 -0.495244 0.265247 -0.376886 0.334612 1.11805 0.0156228 1.53721 -0.809199 -1.44064 0.736682 -0.428725 -0.206268 -1.16341 0.334955 0.210792 0.335269 -0.0574677 -0.453095 0.590518 0.249338 0.424209 1.15238 1.20939 1.30651 -1.11505 -0.331764 0.761039 0.2182 -0.48107 0.946188 0.863457 0.51281 -1.09008 -0.241702 -1.39507 0.0938534 -0.570892 0.588764 -0.753596 -0.683744 -0.184837 1.08269 -1.91827 -1.47406 1.54235 -0.972701 -1.4913 0.139436 0.0897439 -0.856902 -1.19972 -0.900591 0.938453 -0.24906 2.10844 0.337972 0.739063 0.499425 2.68782 -1.69421 0.661338 1.08984 0.792267 1.41264 0.203907 0.453602 -0.746247 -0.487384 0.631826 1.30575 0.819744 0.0667555 0.405087 1.02852 -0.475231 -0.09437 -0.342935 -0.183543 -1.44445 1.60317 1.10049 1.32066 0.564912 -0.559532 0.812011 0.126735 -0.682085 -1.9998 -1.08903 -1.31248 0.162343 -0.174206 -1.03459 0.82035 0.902373 2.015 1.09879 -0.173356 0.237035 0.688203 0.597511 1.39444 -0.868472 -0.770868 0.452117 -0.0139459 0.593453 1.07677 -0.726919 2.27631 0.569536 -0.917269 0.858084 0.198889 1.0873 -0.996394 0.681639 -0.179666 0.30391 1.90045 -0.709508 0.451498 -0.157695 0.306976 0.381358 1.23248 1.00049 -0.599761 0.261154 -0.58582 -0.39207 -0.717409 -0.420839 0.119658 0.0833458 1.12793 0.357758 -1.39572 0.734473 -2.39807 0.0900205 0.979113 -0.0244787 -0.532308 1.3588 2.43934 -1.83157 -0.0923779 1.32862 -0.994388 -0.645666 0.100362 -0.676788 -0.354457 0.260682 2.12665 -0.953106 -0.683861 1.70925 0.0314316 1.19696 1.6653 1.7495 -0.914287 -1.55519 2.69798 0.27897 -1.15803 0.0517442 -0.377458 1.14885 -0.388092 1.14527 0.728294 0.827142 -0.0192506 0.733258 0.237475 1.34047 -0.276978 0.97916 0.0912128 -1.07514 -0.150739 -1.37444 -0.995093 -1.4941 0.157648 2.85345 0.397383 0.230681 -0.735592 1.95769 0.139004 -0.0253188 -0.582255 1.08276 0.688852 -2.2396 2.53671 -1.13054 -1.84113 
-0.626954 -0.785537 -0.611707 0.174286 -0.889478 -0.25051 1.10264 1.22156 0.739546 -0.0715845 0.152703 0.802538 0.903043 -1.42261 -1.63807 -0.554762 -0.167525 0.589109 -0.437944 1.56081 -0.120847 0.0799299 1.50376 -0.426579 -0.86774 0.118511 -0.170821 0.259187 0.791579 0.732584 1.26807 0.461263 0.0878364 -0.899158 -0.0505425 -1.46305 -0.961233 0.0669745 0.500879 0.00216158 -1.09645 1.14018 0.899938 -1.98369 0.490535 0.315979 0.197186 0.235959 -1.93168 -1.87689 0.544346 0.520991 -0.331249 -1.27915 -0.899419 -1.42699 0.324379 -1.12566 1.18632 1.1465 -1.46788 -0.570155 -0.719085 0.00477883 0.125234 -0.423635 0.308907 -2.32014 1.76994 1.8968 0.445253 0.0599476 1.27915 0.717541 1.78062 0.467345 0.471823 0.133321 -1.16017 -0.826368 0.22482 0.394029 0.41378 0.389112 1.22558 0.325734 -0.133846 -0.383208 0.168785 0.575911 0.254047 -1.87636 -0.508654 -0.367907 -0.942716 -0.733457 0.179013 0.538248 3.36428 0.406962 -0.848757 -0.591047 1.56736 1.44834 0.762194 0.119133 1.07931 -0.789512 -0.364199 0.401408 -0.414328 0.699081 -0.676662 2.16617 -0.542162 1.98923 -0.301075 -0.816766 0.261998 -0.59192 -0.614363 0.216622 -1.87942 -0.226427 0.270678 0.245071 -0.270462 -0.721798 -0.307153 -0.232326 0.670542 1.18835 2.13411 -0.77182 0.652076 0.704229 -0.375255 -0.863663 0.621421 -0.261554 0.410288 0.489027 0.269856 1.514 1.97753 0.658555 -0.117532 -0.319063 -0.245357 -1.03838 0.670744 -0.958497 -1.35095 1.23239 -0.172335 1.65231 -0.780821 0.237874 1.39291 -0.987251 -0.740843 0.733928 -0.871137 -0.28408 -0.774689 -1.29094 0.413249 -0.54419 -0.0463294 0.646414 0.985401 -1.33813 -1.04602 0.0632688 -0.304981 -0.39533 0.601436 -1.0495 -0.167269 -0.850492 -0.96792 -0.173655 1.0946 1.92245 0.521591 1.00625 0.0388532 -1.08853 0.0054085 -0.797029 -2.69249 0.304896 0.135303 1.63682 -0.442119 -0.89452 -1.29806 0.481987 -0.736024 -0.0342567 -0.74888 0.67144 -0.18024 1.42224 -0.0923092 0.353304 1.40756 -0.0442847 0.861353 0.0840169 -0.0399778 -0.64615 0.205556 0.355837 0.717208 -0.20298 0.79244 -0.793806 1.02506 0.5976 -0.420073 1.0175 0.114183 0.0636934 -2.02902 -0.230952 -0.539143 1.65027 -1.29661 0.330546 -1.39215 0.371157 -0.186617 0.445475 1.35373 -0.415592 -0.727284 -0.330844 -0.236988 -0.240788 0.00818874 -1.33238 0.75934 0.3874 -0.218317 -0.267813 -0.671808 -2.01033 -0.410714 -0.0301131 -0.851961 0.149017 -0.203169 0.674597 -0.653751 0.7939 1.60229 1.83405 -0.720415 1.05447 2.06534 -0.403707 0.250461 -0.10178 -0.996533 -1.26619 -0.210183 -0.333259 0.182508 1.48991 -1.70036 1.0418 -0.101433 -0.417339 -0.819435 -0.529397 1.11062 0.055826 0.0404857 -1.04205 -0.912997 0.324422 1.80304 -1.27401 1.95608 1.69168 0.0709781 -0.970378 -0.540757 0.524909 -0.175056 0.503228 -0.216919 -0.323084 -0.564075 0.931703 -0.218596 1.37927 -0.469004 0.227339 -0.210442 0.2231 -1.01338 1.05148 0.729439 0.590468 2.9108 -1.72559 0.195226 -0.343201 -0.0899418 -0.483159 1.14084 0.898814 0.157452 0.989543 1.88272 -1.28839 1.16202 0.05577 0.772874 0.588139 0.847102 1.30089 -1.41197 0.781565 -1.31105 0.648214 -0.263805 1.25286 0.970331 0.740552 -1.01127 0.650144 -0.287122 -0.74033 0.792803 -1.31684 -0.895013 -0.336588 0.43152 -0.266142 -1.6042 1.33907 -0.444901 0.0912689 -0.966066 0.381999 0.292591 -0.412813 -0.146907 -1.3752 1.03962 1.778 -1.33645 -0.16939 -0.0782647 -2.52765 1.83611 1.03014 -0.423227 0.67183 -2.49626 -1.02606 0.530109 -0.629039 -0.77178 0.670288 -0.0719893 0.564884 -1.55934 -0.652711 -0.368294 0.164242 -1.48426 -0.430473 1.08669 0.735239 0.683232 -0.351352 0.594684 -0.706995 -1.39822 -0.256264 -0.150355 -1.62679 -1.19845 -0.93194 -0.394527 1.25863 -0.702991 -0.761933 -0.445498 0.720229 -0.545757 0.895065 -1.44912 -0.0905262 -1.6101 0.676051 0.142167 0.539734 -1.2716 0.0242732 0.912548 0.512102 -1.62589 1.48511 -0.493892 -0.864628 -0.343493 1.25952 0.599561 1.48103 1.43935 0.400168 1.88021 -0.0790258 -0.0683782 -0.545086 0.8495 1.29576 0.301322 -1.30744 0.65152 0.0813663 0.486229 -0.578313 0.0598332 -0.143069 0.19248 0.562355 0.980781 0.356339 1.05414 -0.171868 0.489368 1.88118 0.114128 -0.277954 0.0949532 1.20785 -1.02182 0.458265 -0.826211 0.453806 1.5928 0.347765 -0.062851 2.47558 -0.652401 -0.300756 -0.0902536 0.575382 0.739865 0.0395503 -1.21576 0.388949 0.153335 -0.114967 0.365356 0.360649 -1.11278 -0.873528 0.600007 1.22793 0.0274819 0.879386 1.21227 0.605937 -0.71035 -0.866517 -0.179816 -0.139302 0.701962 1.1359 -1.8721 1.17411 -1.33995 0.345792 -0.241294 -0.222036 1.7619 0.065686 0.898219 0.821513 -0.603961 0.609603 0.549858 1.74109 0.9972 -0.0817942 0.762896 0.741877 -0.676902 2.16154 -1.3186 -1.74351 1.26926 -0.221643 -0.628845 1.02321 0.292478 0.270433 2.53105 -0.524392 -1.53073 -0.410542 0.0321171 1.08049 1.24436 0.915512 0.540378 0.557972 0.511605 1.29864 -1.06677 -0.0601241 -0.120259 1.74057 0.277192 -0.806261 1.01608 1.4618 0.909219 -0.3853 -0.642448 1.00977 1.40343 -1.09073 1.75192 -1.22118 -0.369054 -1.1008 -0.314461 -0.407778 -2.59947 -0.30153 0.76361 0.34833 -0.376608 -1.95243 -0.758624 -0.297063 -0.498686 -0.514841 0.81777 0.443912 1.25273 0.964138 1.98997 0.866658 -0.342606 0.467426 2.60803 0.466641 2.57854 0.982011 0.34032 0.731372 0.69161 -0.205954 1.11884 -0.883931 -0.53593 0.856184 -0.449275 -2.3969 -0.603119 0.233592 1.44216 -1.71509 1.41413 0.394765 0.747376 -2.1006 0.248253 -2.29894 0.38252 0.413803 1.14315 -2.12751 -0.381167 -0.0987975 1.42316 0.758193 0.97975 0.313774 -1.05877 0.980266 2.83208 1.47635 2.02638 0.0748181 1.14371 -1.24892 1.30752 0.181672 -0.140239 1.08639 -0.430937 0.95596 1.43159 -0.589954 0.629736 -0.517612 1.4257 0.941751 -2.26367 -0.440097 0.916025 1.71711 1.32659 -1.76144 0.0749131 -0.684263 -0.0631698 1.11208 -0.830383 -0.243465 0.17745 -0.384425 0.272044 -0.418102 -0.692683 -0.241718 0.632568 -1.04202 -0.632168 -1.38146 1.36267 -0.136958 0.232988 -0.950288 -0.819093 -0.216542 1.51428 1.77045 -1.88994 0.220844 0.567717 -0.756763 -0.516645 0.221564 0.134862 -1.07576 0.0076734 0.0115487 -0.382138 0.386234 0.735113 -0.360271 0.712152 0.0853969 1.83398 -1.60891 0.867934 0.199919 0.977546 -1.00753 1.70043 0.468781 -0.947547 0.243453 0.209841 0.765653 1.06417 -0.714796 0.458038 0.943449 0.376089 -0.816747 -0.660955 0.386422 0.144344 -0.363529 -0.771021 1.28076 -0.998092 -0.119163 -1.26838 0.199338 0.141461 -0.226329 -1.17172 0.388552 0.7488 -0.289069 1.15659 0.56609 -0.00555869 -1.04783 1.75497 1.17918 -1.46473 1.05894 -0.192117 -0.287371 0.446319 1.17059 0.00848171 0.146045 1.49156 1.55946 -0.385527 0.88729 0.202487 -0.520887 -1.13048 -0.978056 1.22329 0.774052 0.278369 -1.23139 -0.315798 0.428051 -0.161452 1.55479 0.431066 -0.380778 0.471228 1.51285 -1.02018 -0.328589 0.0742475 -0.639482 0.309465 -0.631246 -0.913772 0.359956 -0.971175 1.27088 -0.400724 -0.17868 -0.942967 -0.141599 1.2344 -0.208979 -1.50831 0.979232 -0.755849 1.23433 -0.285482 0.0394557 0.775311 0.392126 1.13848 0.933977 -0.91862 0.86411 1.42469 -1.0981 0.0552724 -0.658827 -0.992617 -0.466549 1.64098 1.43706 0.197584 0.0170751 0.242177 -0.399443 -0.664551 0.0992625 0.448743 1.93183 -0.200107 -0.130457 -0.021259 -0.118421 0.143781 0.205347 -0.108917 0.334763 0.466923 -0.352887 -0.334096 0.796193 -0.603886 0.791983 -1.84637 -0.654763 0.788917 0.450283 
0.430616 0.721317 -0.352316 -1.7447 -0.894949 1.2001 0.368509 -1.43002 -0.92127 2.6132 -1.62044 -1.39798 0.0402454 0.50246 -1.01742 0.770253 -0.33908 1.67347 0.58538 0.271227 -1.10091 -1.41024 0.723378 0.26193 0.745207 2.15738 1.66005 -1.13221 0.851811 0.194958 -0.447888 -0.631991 0.222571 -0.253683 -1.13041 -0.739922 0.202968 1.80844 0.727177 -0.0967658 -0.734066 0.738464 0.592322 1.46765 0.057274 -1.03454 -0.00423751 -0.35355 2.51728 -0.304007 -1.39938 0.463651 -0.00576074 1.84479 1.44184 0.0536038 0.140345 2.27025 -0.0555106 -0.673834 -1.02605 -0.440886 0.818468 -0.104776 -0.0202075 0.219368 -0.735762 -0.802874 -0.415373 0.190671 0.121435 0.735721 0.130091 1.39567 -0.736805 -1.25001 0.491112 -0.155825 -0.604326 -0.351995 -1.25268 0.461262 0.291471 1.91576 -0.29489 0.925834 -0.250438 -0.358069 1.04274 0.286617 -0.281444 -1.65542 -0.0571961 0.0344774 2.69283 -0.562357 -2.07422 0.93553 -0.891912 0.242295 -0.281744 1.10392 1.83045 -0.652078 -0.0158007 -1.47248 -0.0123972 1.41593 -1.10139 -0.399575 1.35971 0.610929 1.59193 -0.409258 1.14715 -0.156631 -1.37654 0.375234 0.333133 0.429161 1.06731 0.0776376 -0.639223 -1.7233 0.394086 1.21167 0.402593 -2.25486 0.420784 -1.84734 -0.51966 -0.0124953 -1.18062 0.74412 0.383545 -0.679192 0.16505 0.663641 -0.350957 -0.56221 -0.190518 0.219734 1.30121 1.51223 -1.14627 -1.07514 -0.165377 1.82982 0.750175 0.355938 0.714417 -0.125279 -0.305224 1.32205 1.31634 -1.53922 0.892842 -1.21654 -0.0319342 -0.811981 -0.464644 2.08367 0.00968444 0.0122576 -1.97755 -0.79622 0.746848 0.661475 0.514974 -0.547087 -0.256322 0.097138 -0.505844 -0.110777 -1.34761 -1.33429 0.454496 -0.102783 0.172343 1.24076 -0.944227 0.794738 1.1966 0.51708 0.320621 0.264981 -0.486193 -0.168187 -1.03717 0.640145 0.160003 -0.0662379 0.753772 0.989428 -0.582595 -0.130269 0.530388 -0.995683 1.66644 1.24608 1.39113 -0.0797137 0.470965 -0.0600919 -0.183703 1.50373 1.41622 1.26188 -0.782545 1.53422 0.0914751 -1.07405 -1.07527 0.437716 -2.0347 -0.226935 -0.11246 0.338237 0.359888 -0.795918 -0.00169185 -0.994572 -0.524334 0.223379 0.705878 0.078531 0.278263 1.82154 2.31561 -1.38749 -1.32323 0.820209 -0.738136 -0.0682595 -1.35597 -1.46229 0.0978965 0.0685025 -1.06877 1.22186 -1.12434 -1.25421 0.14484 -1.19834 0.0162935 -0.363552 -1.62713 1.07261 -2.0233 -0.299613 0.258476 -0.773105 -0.0985826 -0.0210874 -0.712161 1.40432 -1.47892 -0.512801 0.348536 -0.305586 0.932893 1.38079 -0.627515 -0.127527 -2.23315 -0.45594 -0.304909 0.0364056 -0.166231 0.892109 0.250844 -0.11223 -0.263871 -2.95206 0.434411 -0.0992533 1.80545 -1.76385 1.54151 0.646915 -0.72687 -1.667 0.596291 0.259764 -0.488248 0.52457 -1.9698 -0.183075 -0.427666 -0.849045 -0.923127 -0.0236342 1.96215 -0.704285 -0.498839 -0.16104 2.10334 0.949858 -1.05396 1.83505 0.403281 0.0756516 -0.35424 -0.155824 -1.17837 0.257814 -1.03598 0.507936 -0.149414 0.576276 0.920014 -0.328312 0.136263 0.306941 1.2985 0.985773 0.613888 0.424374 -0.0249423 -0.499819 2.66413 0.58836 0.0111501 -0.623958 2.32356 0.474277 0.629363 0.80191 0.941397 0.0856872 0.0916757 0.369664 -1.09095 0.946451 -0.617037 -0.44086 0.286913 0.391407 -0.523538 -1.12597 -1.7134 -0.647441 -1.53065 0.470345 -1.35745 -0.436196 1.00553 -0.91743 1.11468 -0.125011 0.320471 -1.29248 0.0938697 -0.32568 -1.63243 -0.791159 -0.484825 0.40761 0.263498 -1.45056 -1.68042 -1.11269 1.06693 -1.00951 0.424872 -0.510622 -1.80913 0.377554 0.363934 -0.553979 -0.489713 0.0609518 -1.19198 -0.801671 -1.04346 1.01942 1.08495 1.42259 0.474966 0.515828 -0.0755476 -1.14765 -1.53595 -0.293199 -2.12903 0.884852 0.523877 -1.13327 -0.278108 1.11472 -0.910486 0.354355 0.740856 0.0383998 0.23977 -0.250971 0.12105 -0.274293 0.859377 0.63832 0.289133 0.512387 -1.57697 0.355749 1.73377 0.273458 -1.32349 -1.61949 -1.55783 0.00955592 0.973126 0.306891 0.594552 -1.22952 0.792464 0.46174 0.297512 0.992803 -0.243054 0.888266 0.115973 0.428494 0.496473 -0.477761 0.450953 0.508621 1.3984 1.03511 -0.237696 1.02346 0.226249 -0.94257 1.06122 2.38621 0.0179257 -1.67378 -0.689126 -0.619104 1.23795 -0.507327 0.976662 0.255001 -0.619678 0.274529 1.61828 -0.0753508 -1.30678 0.596676 -0.86699 -0.825185 -0.297511 1.96987 0.423675 -0.324416 0.541567 -0.45508 1.23979 -0.0341661 -1.43105 -1.76754 0.58953 -1.85844 1.73431 0.0492721 0.339224 0.180217 -0.977373 -0.695211 -0.405562 -0.633406 0.105344 1.68825 -0.588754 -0.53271 0.254642 0.0151466 1.54798 -1.51741 0.812331 0.303459 0.0133842 -1.31817 -0.166378 -0.691457 -0.719194 0.318765 0.809774 -0.714734 2.17825 0.786786 -0.215092 0.656753 -1.37826 -0.0750409 0.0463055 -0.251968 -1.00356 0.356825 0.558375 1.33751 -1.23287 -0.245007 -0.384819 0.177421 1.45792 -1.1169 0.204724 0.33912 1.90626 -0.0862166 1.73885 0.111404 0.230994 0.717699 0.127078 -0.52468 -1.50023 -0.236565 -0.302725 0.50618 1.27642 -0.554281 0.035843 -1.4651 -0.650319 -0.350263 -1.18623 -1.44811 0.825362 -0.690933 0.0212492 1.35541 -0.601812 0.375087 -0.241658 0.352147 -1.19458 1.63963 0.903282 1.25583 -0.760892 -0.86991 -1.25739 1.27785 -0.443124 0.246098 0.440559 0.187841 1.65429 0.146099 -0.690528 -0.240331 -2.39478 1.01994 0.341709 -0.905851 0.568322 1.28547 0.523885 0.0549828 0.500195 0.620256 -0.108437 -0.186633 -1.91715 1.973 -0.107204 -0.609982 -0.756403 1.31295 -0.417501 1.2989 0.503801 0.864908 -0.443563 -0.519881 -0.45342 -0.148609 -0.446674 0.488916 -0.878931 -1.13532 0.129668 -0.800648 0.944173 -1.77121 -0.81552 2.50308 -0.389681 -0.561306 -0.864203 0.675653 0.868215 0.944832 -2.08148 -0.884479 -0.739977 0.804397 1.21383 -0.206352 1.44414 -0.308205 -0.356694 0.979327 0.784715 0.792323 -0.519861 -0.437866 -1.00476 -0.427615 1.74195 1.62635 0.398749 -1.21615 -0.865685 -0.0148692 0.705507 -0.760828 -0.593994 0.618857 0.840992 0.0734925 -1.72501 0.66255 1.54192 -0.494483 1.71937 1.94118 -0.97501 -1.53188 0.316013 -0.730711 0.232528 -0.569265 -2.31989 0.642429 -0.54954 1.25343 1.75929 1.36737 -0.0782718 0.139869 0.833529 -0.31469 0.979638 -1.14155 -0.0339478 0.0144807 -1.36498 1.05609 2.29064 -1.31342 -1.46778 0.870755 -0.145997 -1.96059 -0.107235 -0.0378448 0.547676 -0.433512 0.738212 0.338661 0.409146 1.1471 -0.998507 0.245704 -0.536917 -0.614124 0.937763 -0.621694 0.548723 -1.15085 0.832598 0.552494 -0.153708 -0.18893 1.74632 0.0664988 -0.0534343 -0.264478 -1.46194 0.0431195 -0.326396 -0.714201 -1.95766 0.16157 0.613 0.48764 -0.909403 -0.420827 1.94854 0.709256 0.483516 -2.1643 1.22829 -0.69588 -0.111937 -0.619332 1.23322 -0.249564 1.34432 0.744158 -0.744641 -0.806127 1.45793 -0.874665 0.512665 0.458936 -0.0502767 0.627027 0.428354 -0.527401 -1.34265 0.343724 1.31302 1.4947 2.4857 -0.880854 -0.0425743 -0.583089 -1.17365 -1.47512 0.201977 -1.01403 1.86769 -0.355329 -0.228621 0.204837 -1.13153 0.292631 0.211983 0.480854 -1.19895 0.0210022 0.0724075 0.184809 -0.441916 0.0649954 -1.87625 1.93933 -0.00250175 0.363812 1.4685 -1.16506 0.947409 -0.0913397 0.416147 1.20352 -1.6809 -0.612233 -0.946267 -0.529248 0.96291 0.69807 -0.554576 -1.4396 -1.2488 0.212553 -0.796804 -0.410964 -1.17149 0.0119949 -0.640132 1.34598 -0.197387 0.577015 1.67278 1.90806 2.04515 1.99802 0.331941 -0.634028 -1.49183 -1.51166 -0.836748 0.565835 0.83307 -0.238563 1.20553 0.0238489 -0.56189 0.57115 0.379009 -1.08711 
-0.990818 -0.0459397 0.015065 -0.631411 -0.935956 -0.350228 0.406732 -0.516631 0.562022 0.927199 -0.0584332 -0.626772 0.413516 -0.349552 0.829167 -0.175263 -0.14392 -1.58125 -1.44803 0.472765 -1.07718 -0.936824 2.1549 0.62794 0.424474 -0.907988 -0.067178 0.295226 0.307804 1.87 1.21937 1.5211 -1.16849 0.235134 0.590073 0.0270664 -0.0992532 -1.04535 -0.0844058 -1.02936 1.10694 -0.147751 -2.25356 2.5279 0.24721 1.25701 0.894959 -1.28089 -0.464306 -0.454384 -1.06662 1.18033 0.584753 -0.854972 -1.15232 1.64131 0.00482243 0.454224 1.59576 -0.518001 0.108617 -1.0494 1.68233 1.62993 1.11808 -1.86282 -0.827572 0.323672 0.114608 -0.246042 -1.49936 0.174073 -0.337368 -0.215206 -1.56769 0.415806 -0.853999 0.291324 -0.249826 -1.07199 -0.0431432 1.18076 1.60928 -0.244526 -0.278553 0.690051 -0.371526 0.228045 0.16724 -0.169633 0.872226 0.196542 -1.42132 0.599928 -1.52438 -0.621734 -0.953766 2.1843 -1.35561 0.0864516 0.433614 -0.513547 -1.22832 -1.7543 1.41657 -0.127065 0.215778 -0.615942 0.289568 1.19469 0.511195 1.03999 -0.133126 -0.582797 0.241417 0.699647 0.0189838 0.391284 -0.695842 -0.0883597 0.208907 2.27383 -0.257585 0.397125 0.198132 1.05883 -0.224559 -0.704862 -0.537034 -1.6576 -0.0855814 -1.86174 -0.0112679 -0.575693 0.330441 0.855192 0.348138 -0.363457 0.893608 0.936267 -0.211303 0.257395 -0.0213548 1.44884 -1.21844 0.503221 0.218097 0.289821 -0.245528 -1.59962 -0.236855 0.0614617 -0.0372245 1.53815 -1.40451 0.836608 -0.535923 -0.441478 0.511578 0.317454 0.615748 -0.653921 -1.81453 -0.412085 -0.527456 0.0229121 1.42953 -1.04119 0.217634 0.334785 -0.317972 1.02597 0.0787722 -0.693237 -1.78518 -0.522999 1.23445 -0.116601 0.10116 -0.837594 2.04861 -0.678954 0.367212 0.859119 -0.612348 0.587957 -0.906268 -1.23671 0.5277 -1.07156 -0.437595 0.352085 -0.336562 0.475292 -0.652296 0.759765 0.113197 0.151774 -0.445428 0.626806 1.58983 1.12241 -0.369391 0.0462018 -0.512862 -1.09945 -1.14424 0.518582 -0.413493 0.316549 -0.00314108 1.10543 1.40716 -0.374492 -0.805943 0.745 -1.44261 -0.225373 2.07533 -0.24585 0.665298 -0.219901 -1.70226 -0.837913 -0.523042 1.71822 -1.07578 0.527635 -0.0521992 0.0128318 1.24984 -0.484185 0.165873 1.0281 -1.66724 -0.719141 0.222086 1.12088 -0.388831 0.586896 -0.0225019 -0.140853 0.228348 0.299565 -1.09683 2.13474 -0.147801 0.556438 -0.206587 1.19401 -0.647778 -0.157195 -0.459003 0.997582 0.300804 -0.584151 0.717143 0.7027 0.416442 -0.934939 0.0472845 -0.142939 1.44884 -0.167478 -1.08306 -0.344086 -0.391944 0.0928137 -0.691278 0.440191 -1.2571 0.135938 0.173993 -1.73042 -0.303877 -0.630691 -0.0265766 -1.36423 0.270942 -0.306205 0.999975 1.27565 -0.597258 -0.0273691 -0.518118 -2.19211 -0.101427 0.957219 -0.0692923 0.632947 -1.14759 -0.533174 -0.225464 -0.266443 0.0649552 2.94977 -1.26479 1.25181 1.24312 0.0149419 -0.386425 0.941382 -0.920278 -0.329919 0.67511 -0.924755 0.5889 2.29649 0.289383 0.279555 -1.5107 1.90301 1.01627 -0.85084 0.421792 -0.658159 -0.310445 0.114768 -1.36759 0.729139 -0.287613 -0.900305 -0.0880126 1.80604 -0.229838 0.558848 -0.0208353 -0.0103877 -0.336899 -1.49232 -0.0745799 0.581329 -1.71505 -0.50032 -0.566641 -0.39422 -1.78028 -0.215941 -1.60372 0.664455 -0.335731 0.622754 1.39743 -1.59479 0.258944 0.126175 0.638618 1.31881 2.13057 0.238622 -2.22247 -0.599441 -1.60842 0.877485 -2.28717 0.647671 -0.922031 2.4086 -0.260781 -1.25832 -0.242641 -0.664677 -0.459691 -1.01583 -0.761445 -0.53806 -0.765983 1.61398 -0.100316 0.889082 0.558386 -0.204833 -1.16739 -0.897969 -0.936477 -0.0627675 0.746166 0.12699 -0.116548 -0.261237 0.9348 1.39233 -0.199998 1.36528 -1.31347 -0.448817 0.151868 0.574757 0.386777 0.512374 0.00914228 -0.157932 1.04741 -0.613122 0.469509 -0.380441 0.11304 -0.26719 -0.0778942 -1.40928 -0.664328 0.29308 1.70847 -0.912705 -0.705828 -2.71886 0.532548 -0.66352 0.760734 1.14036 0.334344 1.58376 -1.08483 0.00297181 -0.245711 0.842726 -0.133456 -1.45384 -0.364578 1.66427 -0.149068 0.566972 -0.405612 -1.09528 -0.2934 -0.423429 0.51283 -0.691522 1.55994 1.65792 1.04225 0.972349 -0.306248 -0.452151 2.02514 -2.60952 0.958869 0.177977 -0.129392 -0.157451 -0.0862348 -0.0072516 0.311127 -0.313221 -0.868055 -1.27194 1.01841 1.78753 -1.44436 0.951426 -0.617707 -1.6898 1.20297 0.143505 -0.292951 1.09407 0.942318 -0.63496 1.62313 2.39044 2.11599 0.283049 0.100124 0.18106 -0.888849 1.32213 0.533872 -0.62848 -0.0214268 1.32192 -0.604674 0.440896 -1.73369 0.453308 -0.994996 -1.35616 -0.745104 0.0145632 -1.00908 1.71608 -0.109649 1.02529 -0.519433 0.423818 -0.352703 -1.49546 2.82471 1.64446 -0.297372 -0.444068 -0.807033 -0.317435 -1.83837 -1.07933 0.240732 0.0271328 -1.08164 -0.812825 0.109429 -1.17641 -0.985472 -0.84279 0.327517 -0.97556 -1.20095 -1.79579 -0.449978 0.720672 0.786373 -0.842812 0.492613 0.347903 -2.38545 -0.539575 0.736061 -0.307003 0.736134 -0.951007 0.937855 -0.640438 -1.38354 -0.3954 1.13535 -0.687446 -1.05321 0.975083 -0.0669398 0.162983 0.28609 -0.171346 1.43455 -0.912556 1.76204 -1.59235 -0.706033 -0.762861 -1.4546 0.00783576 1.64214 0.667791 0.479714 -0.480944 1.66634 0.491261 -0.088973 -0.260768 -0.336883 0.912929 -0.365252 0.206962 0.0444741 0.612825 -0.490788 -0.406761 1.08816 -1.40512 -1.21012 -0.950902 0.511348 -1.91213 -0.685155 -0.757924 -1.41224 -2.6399 -0.637276 0.307599 -1.02564 -0.567291 1.10085 0.520468 2.08245 -1.26233 -1.67767 0.465877 1.19302 -1.00143 1.31772 -0.935206 1.29847 -0.585183 0.86063 -0.641509 0.0309263 -0.663115 -0.923865 -0.107907 -1.40416 1.31931 0.477026 0.369468 1.27374 0.443317 0.862452 0.780488 1.69695 0.333495 -0.36296 0.215526 -0.64406 -0.430767 0.411932 -1.36669 -0.754055 -0.919746 -1.76863 1.5541 0.000769589 -0.375149 -1.00818 -0.293033 1.50166 0.506976 -0.0551283 0.476369 0.963314 0.271197 0.625388 1.1756 0.562751 1.32999 -0.338873 -1.08286 -0.184247 0.502719 -1.09937 -0.755465 0.134801 -1.85221 0.489022 0.620394 -0.591193 1.05098 -0.448034 -0.418542 0.398125 0.589961 1.07077 -0.717482 -0.994134 -0.31373 -1.28292 -0.105954 -0.656319 -0.540379 -1.88793 0.889203 0.155466 -1.46291 -0.541172 0.339597 0.688693 1.16452 0.544315 -0.15898 -0.73405 -0.211809 -0.938728 0.496257 0.546366 1.43225 0.515142 -1.10212 1.14105 0.59755 -0.783086 1.06958 1.46334 -0.213273 0.122651 -0.478423 -0.731433 -1.83494 -0.375434 -0.371891 -1.49098 1.59851 0.277653 0.597294 -0.662477 -0.7315 -0.298586 0.433947 0.932952 2.08844 -0.370381 1.57381 -0.231927 -0.325429 0.128824 -0.633136 0.783396 -0.605018 0.830465 1.24525 0.528478 -0.363096 -0.69437 0.247673 -0.870052 -2.74436 0.443519 0.504238 -0.787236 0.521377 0.839472 0.26906 -2.01272 -0.672525 1.14669 -0.644846 -0.406766 0.506268 -1.09859 -0.221046 0.955063 -1.63031 1.41281 1.61461 -0.284863 -1.22366 -1.05944 2.01689 0.613531 0.876197 0.673063 0.123764 -1.99825 -0.129715 -0.2779 0.320625 0.348294 -0.29296 0.382013 1.05655 -0.0624398 -0.25687 0.188546 -0.428371 -0.0657657 0.203238 -0.274509 0.843378 -0.486302 0.380317 -0.111644 1.89748 0.386677 0.69778 1.08799 -1.62324 0.645923 0.448294 -1.11888 0.59507 -0.0153029 -0.109758 -0.956204 0.142872 -1.60493 -0.147703 1.54946 2.32561 0.659088 -3.54579 -1.06584 -1.35144 1.68687 -0.126686 -1.14328 -1.02772 0.857069 1.17398 0.720004 0.768812 0.425031 0.922342 0.116498 0.639947 -1.27785 -0.237811 0.966725 0.651064 0.175232 1.69909 
-0.50755 0.0786209 0.44931 -0.638289 1.41612 0.16636 -0.243705 1.24666 -2.17509 -1.80057 -0.358849 -0.153054 0.163442 -0.359158 1.03044 1.13909 -1.24374 0.0527051 1.19536 0.322722 -0.0118061 -1.77519 -0.514031 0.462469 -0.214256 -0.0514819 -0.126846 -1.39308 0.0774087 0.674164 0.342784 0.597892 1.0526 0.972509 -0.485606 0.0126349 0.129751 -2.66973 -0.525944 -2.86733 0.4051 0.059957 -0.217266 -0.758219 -1.39562 -0.155586 0.61422 -1.06782 -1.17001 1.29577 0.26081 0.259468 1.11257 -0.299595 -0.694901 0.266273 0.0300264 0.37263 0.338465 0.14861 0.0764778 1.20675 1.27466 1.08948 0.0752845 0.193748 -0.940441 -0.0345881 -1.66268 -0.780946 -0.0885477 -0.519314 2.12423 -1.14415 1.4085 -1.1162 -0.573425 1.85318 -0.563871 1.37252 -0.254484 0.691281 -0.448263 1.45179 0.00326354 0.079245 -1.48469 0.661592 -0.0244275 -0.109824 0.313366 2.11373 -1.39275 -0.924829 -0.0641419 1.06121 0.346913 0.518633 -1.28316 -0.190116 -0.0294938 -0.885069 0.490439 1.42111 0.472752 0.645388 -0.243336 -0.382968 -0.993629 -0.286375 2.16774 -1.36392 1.06777 0.664348 -0.458851 1.13258 0.212196 -1.6494 -0.586866 1.12551 1.5446 -0.570682 -1.71621 -1.13709 -0.0589605 0.730981 -1.02178 -2.53576 -0.432093 -1.47183 -0.574771 0.991667 -1.18845 0.408552 -1.39309 -0.68096 -1.98195 1.043 0.0464915 -1.55715 0.507224 1.90697 -0.0831231 -2.51815 -1.22315 1.14368 -0.182091 -0.255632 0.136849 0.343604 -0.147545 0.9927 -0.749307 1.21574 1.17665 1.70712 0.698824 -1.30289 -0.362881 -0.389637 -1.75612 -0.170333 2.04721 0.0737544 -0.708096 -1.57734 0.00299661 -0.438938 1.09556 -0.311345 0.0910293 1.697 -0.411225 0.572621 -0.24194 -2.89935 -0.3864 -0.488271 0.946418 0.12651 -0.987673 0.511483 -0.148169 -1.19507 0.244562 -1.48285 -0.224761 -0.436869 -0.448003 0.443794 -0.472943 -0.750085 0.610631 -0.0694108 -0.63879 0.0819516 -0.0119094 0.399559 -3.39935 0.528195 -0.298933 -0.183356 0.0840668 0.685365 -0.38776 -0.0291548 0.275876 0.293102 -1.1844 0.778246 0.492827 -0.753636 0.438145 -0.310951 -0.61746 0.531128 0.573667 1.40398 0.171879 -0.184606 0.42814 0.462148 -0.15856 1.00463 0.733648 -0.639196 0.0913363 0.601444 -1.45411 -0.196411 -2.32346 -0.473862 0.369109 0.156635 1.61201 -0.583548 -0.611635 -0.355396 -0.904789 1.09992 -0.21313 0.139456 0.991475 -1.52299 0.693436 1.3323 0.326502 1.02477 0.162143 -0.161632 -1.17736 -0.982291 0.0796028 -0.36487 0.463059 0.559446 -0.023459 0.769024 0.723462 0.07455 0.584932 -0.709745 0.815941 -1.99279 1.29989 -0.403283 -0.919835 0.21256 2.44656 0.35854 -1.08168 -1.04078 -0.97203 0.672565 -1.52628 0.863626 1.3423 -0.0666277 -0.394691 0.124512 0.81634 0.93153 0.766588 1.05712 -0.561172 0.0175296 -0.0899483 0.662542 0.419916 0.917973 -1.82561 0.795782 -0.332333 -0.118268 0.388479 0.940032 0.250339 1.72181 -0.900618 0.141964 0.0491517 0.636689 0.232707 2.07906 0.402291 -1.28718 -0.596074 0.17913 -0.746347 -0.690628 2.24147 -0.123618 -1.99852 -2.18376 -0.969821 0.99996 -1.25796 0.683695 1.73387 -0.518962 0.717145 0.129888 0.3469 -0.130387 0.310687 -1.20414 1.50462 1.10507 0.275832 0.705185 0.280468 0.834383 0.22269 0.183798 0.724247 2.21246 -2.17921 -0.260073 2.37022 0.174231 -0.369131 0.23941 2.65709 -0.550421 0.388068 0.0155469 0.081121 -0.984229 -0.0682017 0.445863 -0.421305 0.378621 1.27538 0.799908 0.205316 -1.01982 -0.970408 -1.08146 -0.386776 -2.06502 1.49937 1.01841 -0.514393 0.556556 -0.0970471 -0.918471 1.78798 2.18211 1.40095 -0.180945 -0.446344 0.516116 0.990947 -0.979747 -1.03622 3.12917 0.427608 2.08569 -0.0576555 1.25138 -0.846845 0.609097 -0.832622 -0.779284 0.0430074 -0.499774 -1.4786 -0.453137 -0.492229 -0.000574579 0.250878 -0.116696 -1.50118 -0.0880662 1.62053 -1.54069 -0.491996 -0.608788 -1.39301 0.47411 -1.50756 0.294453 -1.66395 2.5039 -0.971243 -0.81405 1.13391 0.497207 -0.586702 0.872127 1.65214 -2.34756 -0.864275 -0.0411356 -1.02139 -1.2977 -1.04459 0.488199 -0.620523 -0.491549 0.14227 0.195231 0.293355 0.906158 0.870502 -0.679311 -1.59889 -1.21799 -1.29629 -0.446851 0.320528 1.49802 -2.43067 -0.92276 0.540752 -0.417447 0.392094 2.09264 0.161601 -0.939396 -1.15652 0.0754864 -1.4923 0.670552 -0.464984 0.208418 1.32006 0.619693 1.69038 0.211167 -0.682557 -0.37878 1.091 -0.500554 -0.0328632 -1.50483 0.908193 -0.0765152 0.604388 -0.457717 0.446573 0.252361 -1.2993 -1.12763 0.962267 -1.25612 0.195542 1.49706 0.557938 1.31375 0.244559 -1.11444 1.07329 0.941218 -0.433162 -0.0870194 0.0396298 1.25105 -1.2076 -0.373029 0.162529 0.861426 0.468219 1.4358 0.59926 -1.39559 0.725327 1.21046 -0.785925 0.668168 -0.940142 0.103716 -0.731994 -1.54399 -1.44319 0.513783 -0.0231064 1.02351 1.29017 2.60062 -0.174078 -0.100757 0.580199 -0.0482534 -0.653062 0.203388 -0.184682 0.219913 1.26997 1.63008 0.619581 0.665623 -0.800397 -0.469348 1.14264 -0.313243 -1.13446 -1.4571 -0.97278 2.16301 -0.779453 1.06769 -0.306102 -0.281255 -1.12083 2.03999 -0.0848033 -1.02072 -1.35083 -0.666692 -0.252104 -0.924872 0.0324088 -0.961121 0.105157 -0.332342 0.995548 0.467448 0.299666 2.41642 0.156139 2.20267 0.873761 -0.246413 -0.0794409 1.66693 -0.545851 -0.653409 -1.17065 -1.33778 -1.62309 -1.03305 -2.09495 -0.250706 -0.41861 -0.0304422 -0.0983972 -2.32325 -1.07113 0.441114 1.44561 -1.17526 -0.615873 -1.62106 -0.420725 -0.71828 -2.73115 0.284193 -0.230803 1.32646 -2.04362 -0.296829 -0.997158 -0.88008 -0.784341 0.330159 0.0472053 -0.916529 0.266414 -0.635459 -0.720961 2.61404 -0.141567 0.70087 0.980573 1.49199 1.30402 1.19727 2.26765 -0.718146 0.59822 1.97875 0.135879 -0.252107 -0.871047 0.942504 -0.672598 0.382155 -1.19991 -0.258083 -1.44961 0.98986 -0.274033 0.731456 0.177723 -0.7717 -0.221145 -0.997312 -1.55554 -1.82905 1.11048 -0.876487 0.904242 0.115976 0.822011 -1.36783 1.69284 0.16804 0.211691 0.338574 -0.362504 -0.913099 0.0152277 -0.156256 0.691879 1.74649 0.717956 -1.27544 -0.1604 -0.221801 -0.867909 -0.42933 -1.11889 0.699508 -1.30897 -0.306843 2.05526 -1.68981 -0.996824 0.469115 1.34184 -0.656007 0.511734 -0.657522 1.28547 -1.41604 -1.32752 -0.262972 1.77517 -1.45023 -1.01151 1.19413 1.26426 1.49956 -0.209199 0.848685 -0.217374 2.733 3.00479 -0.0711848 1.63213 0.110616 -0.684342 -0.488634 1.02888 0.0323346 0.78224 -0.360961 0.207366 -1.12296 0.994288 1.2558 -1.02134 0.298493 0.737006 1.43189 -0.235306 -1.25733 -0.711519 -0.350401 0.0336851 1.28812 -0.790606 0.587385 1.22625 -1.40233 1.22336 1.69298 0.550733 0.0481028 1.10063 0.280317 -1.14368 -1.31994 0.884548 -0.0748154 0.673501 0.159403 0.632535 0.873091 -0.336815 -0.811046 -0.0636382 0.0154543 -0.869246 -1.31584 0.9257 0.0924547 0.819034 -0.210918 -0.253954 1.56839 -0.418995 -1.31252 -0.261902 -0.550307 0.360375 1.71141 0.963277 0.71472 -0.647025 0.712517 0.600071 0.571759 -1.25286 0.236916 -0.465637 1.05236 0.137455 1.24529 0.102507 -0.609432 0.423155 0.504789 -0.0821853 -0.19739 -0.462279 -1.40549 -1.02881 1.12027 -0.209498 0.86642 -0.125531 -0.483241 1.69077 -1.03041 -1.09215 0.241489 -1.98132 0.967108 0.358828 -1.16819 0.00656157 0.723016 1.52903 0.526559 -0.285214 2.44573 -1.28843 0.175977 -0.610304 -1.76176 0.758684 0.632106 0.65204 2.4741 0.0816785 1.02245 -0.22447 1.40392 -2.90468 -0.0743353 0.332566 0.321377 0.789606 0.506661 0.240551 0.526437 -1.33527 1.01648 -0.725432 -0.879214 -1.76319 -1.57603 
1.24185 -0.237051 -0.44982 0.716115 0.799024 0.986126 -1.23247 -0.385075 0.14004 -0.292457 -0.529651 0.584535 -0.507744 -2.39701 1.06764 -0.290486 -0.477244 -0.14236 -1.28724 -1.85881 -1.17691 -0.133005 -0.85934 1.15691 -0.662253 -0.538689 -2.12245 0.762788 0.322878 -1.5274 0.780326 -0.265413 -0.13611 0.501159 -0.116209 -0.00868586 0.57801 -0.758082 -0.438307 -0.142201 1.04948 0.253957 -0.607968 1.99442 -1.21845 -0.664293 -0.519549 -1.61191 0.111729 -0.0385818 -1.61054 -0.514953 0.293268 0.804507 0.919909 1.4837 -1.19359 -0.381636 -1.46222 -1.56506 -0.956444 1.83147 0.283561 1.08321 1.69937 -0.207373 -0.0392447 0.555819 -1.40409 1.93115 0.266771 -1.35689 1.09094 -0.0112796 -0.705512 0.190713 -0.126411 -0.0331905 -0.599828 -0.253091 0.563684 -0.0900164 -0.149472 2.86733 0.764948 -0.139209 2.1619 -0.672211 0.750155 0.377438 0.191116 -0.789844 0.319314 -1.35929 0.468432 1.20092 -0.553974 -2.00399 0.637767 -0.273476 0.614182 1.47341 -1.29131 -0.760965 -0.748352 1.0413 -0.445025 1.89633 -0.676253 2.2542 -0.784894 0.797694 -1.13788 0.469754 -0.733218 -1.04196 -0.772773 -0.627409 0.745464 -1.1099 0.252281 1.94929 0.0430671 0.38087 1.18897 0.136934 -0.139223 0.0874292 -0.736162 1.84823 -0.477626 -1.70585 -1.89289 -1.10494 -0.528621 1.37037 -1.25348 0.344821 0.802195 0.399891 -0.893786 -1.11717 0.110378 -1.80441 -1.0494 0.73509 0.181575 -0.435203 -0.68369 -0.474056 -0.488419 0.669797 0.23892 0.488726 -0.165064 0.587413 -0.108316 -0.325785 0.345056 -1.49324 0.32742 -0.849585 -0.333513 0.832883 -0.746051 -1.63627 1.05801 0.0982382 -0.823969 0.612913 -0.374522 0.796278 -2.17983 0.609521 2.07869 -0.485408 -0.775329 -1.70401 -0.260664 0.935457 0.195273 -0.425717 -0.296246 -0.236891 0.232184 -0.528719 0.320305 0.136466 -0.269861 -0.624186 0.81976 -0.587306 -0.820334 1.31462 -0.536471 0.410753 -0.506821 0.135176 -1.19712 -0.889935 0.392256 0.740026 0.164253 -0.586561 0.730764 -0.606108 0.739443 0.568656 -1.34214 -0.162947 0.131804 -1.11546 -0.116197 -0.718894 -0.133635 -0.298863 -1.66697 -0.581251 0.810105 0.764292 -0.602648 -1.87007 -0.0855621 -0.265399 0.621196 0.393012 -0.707862 0.578673 -0.475193 -0.392509 0.742948 0.422824 1.52706 -0.506286 0.347139 -0.772959 -0.339378 -0.654332 1.06959 0.789987 -2.58563 -0.431017 0.995195 -1.69291 1.1125 0.509819 -0.37687 -1.47497 -0.746003 -0.614161 0.999143 -0.31395 -1.32634 -1.34862 0.805766 -0.429052 0.232178 0.277686 0.887628 1.95316 0.483804 -1.524 -1.50576 -1.21757 -1.45766 -1.35257 -1.86129 -0.541338 0.193429 -1.09201 -0.60101 -0.312682 -1.98492 -0.586235 -1.29483 -1.15934 0.934348 -0.501237 0.672326 0.518584 0.579451 0.556853 0.795743 -0.0782174 -0.736018 -1.11311 0.251402 -0.045694 0.591563 -0.565882 -1.04504 1.37677 -0.928998 3.39786 -0.0491516 1.17494 0.448935 -0.734664 -0.657468 -0.0575283 -0.791343 -0.571488 -0.743448 -1.5065 0.996278 0.422405 1.73451 -0.747427 1.54213 -0.0273694 -1.13573 0.639161 -0.0115024 -1.2734 0.720767 -1.17402 0.673691 0.713525 0.111015 0.745597 0.153397 -2.15887 -1.18373 -0.850048 -1.3397 1.87163 -0.237482 -0.392793 -1.05637 -0.683947 0.027243 1.17785 1.12312 0.296192 1.22489 -0.0851591 1.11499 0.45259 1.45991 -0.78751 -0.182991 -1.18483 2.16096 0.219366 1.05625 1.27202 0.510908 -0.574966 -0.0914715 1.32973 -1.19558 -0.623576 -2.09895 0.428156 0.366212 0.38594 0.615916 0.355346 -2.46572 0.290756 0.548591 -0.892216 -0.564171 0.166294 0.677759 0.954581 0.269819 -0.54631 -0.94034 2.07573 2.71694 -0.0153768 -0.448421 1.89262 1.51146 1.71946 0.690497 0.700982 0.673685 -0.801655 1.46979 -0.288074 -1.74651 1.161 0.39747 0.0671263 1.54867 0.0853503 -0.219554 -0.379672 -1.3972 -0.171457 -0.381717 -0.181881 -0.629514 -1.32758 1.86811 1.00349 -0.882391 -1.11633 -1.34639 0.757297 0.319151 0.871199 -0.747845 -0.199962 0.829034 -0.870158 -0.134649 0.654296 0.402014 0.693701 -1.88981 0.403052 -0.380446 0.38275 -0.8214 -0.247373 -1.03939 -0.274019 -0.438641 1.76852 -0.114603 0.522048 0.432329 1.17257 0.11233 1.0027 1.91615 -0.653634 0.0454374 -0.498227 -0.269433 -0.246228 -0.641769 -0.323536 -0.909235 0.210893 -0.372449 0.96594 1.39409 0.877537 0.844188 1.00957 -0.371305 -1.23929 1.43211 -1.25317 -0.159689 0.0119302 1.75599 -0.919523 -1.36108 -1.97971 0.694531 0.711042 1.18627 -0.336315 0.779701 0.849732 0.841085 -0.0433233 1.36939 -0.0262673 0.669561 -1.25281 1.05996 1.10771 -0.860277 0.820658 -0.364198 0.479955 -1.03189 -2.04325 3.09115 1.32455 -1.96917 -0.273249 0.352209 0.953974 -0.108624 -0.352982 1.85623 -1.9745 -0.224536 0.333684 -0.831499 1.03693 -0.404169 -0.913395 1.29995 -0.0352047 -0.735957 2.67048 -0.186062 -0.293697 0.143368 -1.07502 -0.374503 0.646288 -0.230129 -0.968266 -1.14563 0.194093 0.681524 0.250803 -0.195302 -2.74099 0.165278 -0.820497 0.257265 0.88886 -1.05608 0.234992 0.712611 -1.6835 -1.17971 0.589484 -0.0893873 1.13358 -1.0397 1.05256 0.33918 0.338188 -0.69988 0.197569 -0.528259 1.69326 -1.31928 1.29823 -0.177 0.979669 -0.0832533 0.787987 1.76375 -1.20351 -3.02869 0.974391 0.0591524 0.86986 -1.39 -1.62273 0.216171 -0.110908 1.09494 1.03928 -1.52278 0.0487904 -2.01555 0.827482 1.01545 -0.0895288 0.0803144 -2.8273 1.14788 0.637147 -0.0896878 0.91887 -0.350727 0.610274 0.757244 -0.610032 2.04373 1.08998 -0.339401 0.871107 -0.0694715 0.182141 -0.84005 -1.41624 0.151204 -0.0128046 -0.880763 -0.107974 1.23095 0.50976 0.383496 -0.800236 -1.0541 1.22453 -0.264294 -1.0501 -1.30371 -0.413564 1.36593 -1.38763 -0.173616 -1.5793 0.0518024 0.444892 -0.228895 -2.03909 -1.059 1.80688 0.948968 2.55007 1.08271 1.59214 -1.2973 -0.324171 0.83979 -0.214935 1.96584 -0.873472 -0.679211 -0.692989 -0.254213 -0.529528 -0.876399 -0.285604 0.554012 -0.265127 -0.119675 1.86749 0.561678 0.71278 -0.084675 -0.997414 0.0181574 2.00147 -0.692907 0.207801 -1.14072 -0.862894 -0.46162 -1.30658 0.731923 -2.02922 0.90317 -0.756048 -0.937077 -0.72682 -1.12309 1.40979 0.878096 1.29558 0.02023 -0.106405 0.227048 0.332018 0.95178 -0.586055 -0.824625 0.971718 -0.410548 0.939752 0.635032 0.469151 0.834101 0.665599 -1.56298 0.41804 0.920746 -0.904341 0.124579 0.932742 -0.726043 0.360534 1.48805 -0.434109 0.615188 1.21024 -0.0722319 -0.715683 -0.901039 1.99144 -0.359278 1.99091 0.112933 1.17518 -0.61904 -0.205759 1.02859 -1.12848 -0.250659 1.22572 1.13375 0.709231 -1.00491 -0.0517369 1.61727 -0.00238261 -0.468894 -0.598405 -1.45089 -1.31295 0.541813 -0.404409 -1.31763 1.23239 0.48219 1.76027 -1.05108 -0.668436 0.929667 -0.253951 0.752636 0.671539 -0.157934 -1.23246 0.030588 -0.820844 0.381884 -0.0424902 -1.3397 -2.00664 1.10462 -0.542899 0.150543 -1.85706 0.190421 -0.513597 -1.07469 1.84306 -0.360728 -1.04704 -0.120628 0.486743 0.338124 0.0779434 0.469407 1.86258 -1.79296 -0.795286 -0.731944 -0.978809 -0.319764 -1.41796 -1.24261 -1.03318 -0.501425 -0.742127 -1.26768 -0.780538 1.70326 0.861973 0.489263 -0.610594 2.06796 -1.84941 -0.870435 0.514408 0.116396 1.62127 -0.93398 -0.653066 -0.728785 -0.280273 -0.0139491 -0.831907 -0.437993 -0.618514 -1.08769 -1.53718 -1.6967 -0.440764 -1.63701 -0.0675495 -0.708093 0.605586 0.824961 -0.0679571 0.589402 -0.790593 0.119478 0.140943 -2.61334 1.00444 0.491626 0.945561 -0.240796 1.05552 1.86453 -0.188078 -0.862989 0.954186 1.47496 0.288301 1.7586 -0.693558 -1.08812 0.301346 0.398176 0.303596 


0.452734 -2.31306 2.45847 0.591788 1.21406 1.11823 -0.660717 -0.388277 1.16287 -0.887994 1.43041 0.666072 -0.138723 -0.616445 0.594069 -1.75635 
-1.61803 -0.982178 1.79732 1.02125 0.151313 1.11461 1.23257 -1.18169 2.32732 0.537943 -0.936423 1.47269 -1.57827 -1.80894 0.15017 0.548519 
-0.479596 -0.0171716 0.968022 -0.133122 -1.6191 0.391708 -1.46025 -0.0583225 -1.43389 0.645222 -1.16481 0.487985 -0.0549822 -0.516248 -1.38395 2.25185 
1.03966 1.15685 0.109887 0.0123448 0.683138 1.79339 0.354329 -0.30326 -0.689671 -1.08241 -1.12733 -0.154088 -0.398106 1.68812 1.9371 -0.608632 
-0.826224 -0.365633 -1.15191 1.03624 -0.0581584 -0.37269 1.4332 -1.10051 -0.0352406 0.410059 -0.568129 0.765231 -0.638664 -1.35112 -0.832189 -0.505895 
2.36768 0.568763 0.696257 -0.545959 -0.621289 -0.651474 0.416276 -1.34214 0.439085 -0.0571104 1.38615 0.434085 1.77597 1.0065 -0.6977 0.775249 
-0.197797 0.226407 0.054264 -0.77434 0.392408 -1.75865 -0.390914 -0.281086 -0.19833 -1.96204 -1.19008 -1.87358 -2.37895 0.17486 -0.965861 0.56704 
0.784834 -0.387213 -0.0430678 0.607874 -1.40218 -0.23282 0.948468 -1.09142 0.163441 -0.670527 -1.06203 0.881323 -0.707381 -0.531004 -0.169533 -0.480467 
-1.3999 -0.353277 0.451418 0.23489 -1.1747 -1.80924 0.81304 -2.20778 -0.606518 -0.933912 0.210787 0.411367 0.544929 0.0819205 0.499605 0.398595 
-0.77113 -0.152146 -0.548274 1.1978 -0.252042 0.406296 0.085573 -0.617676 -0.340709 -0.514901 0.356928 1.11924 0.106901 -0.28515 1.06523 -1.97628 
0.971831 -1.61929 1.93937 -0.534274 -0.747288 0.300602 -0.145667 -0.681073 0.239366 -1.01602 0.792662 1.6937 0.617612 -0.637859 -0.641327 1.82394 
0.710971 2.25079 0.0389573 -0.71179 -0.689249 -0.500197 0.0565709 0.253403 0.12513 -0.61845 -0.245554 0.192989 0.180223 0.323259 -0.435611 -0.240578 
-1.32752 -2.01402 1.34141 0.896237 -0.298019 -0.456974 -0.979904 1.96355 0.653858 0.330818 -1.03599 1.69793 -0.774356 -1.45207 -0.929013 1.37546 
1.82493 -1.44385 -2.43638 -0.302154 -1.21452 0.318873 -0.236735 0.909021 0.11765 0.589765 1.31168 -0.69178 1.06963 -0.806634 0.277651 -0.437677 
-0.453476 -0.607825 0.750779 0.656191 -0.931143 -1.11838 0.105539 0.735143 -0.999429 -1.52398 -0.899865 -0.459039 -0.0174019 0.474421 1.31314 1.68819 
-1.1121 1.14786 -0.642485 0.0847513 0.153898 0.103874 0.543576 1.12733 0.218897 1.46583 -0.957137 -1.54938 -1.46572 -0.278392 -1.11427 0.63858 


-1.60602 0.174387 0.916965 -1.16747 0.554335 0.328315 2.06199 0.664756 1.09191 -0.279868 -1.76715 1.90843 -0.23185 -0.266049 -1.84816 1.16953 
-1.12017 -0.525091 0.84886 -0.916837 -0.986002 -0.969327 -0.370235 1.11616 -0.272212 0.888245 -0.237742 -0.416267 1.37862 0.417391 -0.276193 -1.64408 
0.505517 -0.808512 -0.352716 -0.471483 -0.482095 -0.30721 0.901948 0.344844 0.0506731 -0.232033 -1.61653 -0.27418 0.716977 -0.664097 -0.13418 -0.0243697 
0.0282017 0.854273 -2.1008 -1.63714 -1.65902 0.830741 -0.863923 0.427305 -0.749759 -0.543536 -1.51353 0.425852 -1.24697 -0.312249 -1.3653 0.532588 
-1.00772 -0.405984 0.809391 1.18629 1.1272 -0.543599 -1.31431 0.00684989 1.04101 -1.35948 -0.192366 -1.84474 0.454812 -0.535447 -0.347859 -0.123337 
-0.324097 -0.446744 0.593651 0.583195 -1.23304 -0.792187 0.0522573 -0.144007 -0.268033 -0.0804396 -0.742083 2.5437 0.621821 -0.647219 -0.0149995 0.502737 
-0.763386 -0.326708 0.199032 -0.130836 -0.404681 -1.07075 1.12447 -1.22399 1.15644 -0.709578 2.49436 -0.0879307 0.59104 0.254351 -0.0136719 -0.421993 
0.0036432 -1.94782 -0.630507 1.25481 1.28874 -1.48516 -1.56153 0.570961 0.17985 -0.242823 -1.73738 -1.91813 0.83904 1.78662 0.478612 -0.444125 
-0.257184 -0.227041 -0.0196651 0.449979 0.297765 -0.457044 1.06079 -1.83379 -1.45851 -1.98606 -1.72843 0.143488 0.504685 -1.00615 -0.249479 0.525537 
0.786124 -0.517044 -0.556167 -1.14865 -1.68105 0.866343 0.25054 -0.907338 -1.97352 0.48977 -1.62786 -1.23107 0.42121 -0.701283 0.0260319 -1.18936 



