0.1


0.868389 0.113881 0.222517 0.670782 0.940811 0.9973 0.0410849 3.54642e-08 0.0326183 0.997187 0.999241 0.321214 0.858649 0.99859 0.000802708 6.95851e-09 
0.145833 0.811745 0.804108 0.999684 0.999572 0.0331007 0.993008 0.71133 0.543812 0.771263 0.0299565 0.980178 0.996577 0.756582 0.00490429 0.242964 
0.0945041 0.111686 0.0947995 0.095307 0.104402 0.0987163 0.104801 0.106481 0.0972876 0.0920153 


-0.278275 -0.897203 0.0942302 -0.813714 -0.664709 -0.511654 -0.0840447 -0.812515 -0.217447 -0.286435 0.511201 0.959766 0.39127 -0.766368 -0.160121 -0.404525 
0.721297 0.426791 -0.215036 -0.526275 -0.334662 0.529032 0.567552 0.0567771 0.677294 0.0375083 -0.157927 -0.274289 1.50608 -0.554375 -0.37185 -0.866202 
0.198172 -0.903959 -0.167702 0.303811 -0.523257 -0.952719 -0.266854 -0.627058 0.781472 0.0418807 


0.177586 0.985801 0.197409 0.4398 -0.862103 0.149459 -0.589084 -0.0450679 -0.612153 0.320743 -0.448267 1.18693 -0.342489 0.241179 0.398266 -0.87101 0.271739 -0.807308 -0.461866 0.533548 -0.699053 0.806337 -0.611479 -0.123675 1.7296 -0.198458 1.34129 0.785397 -0.304829 0.666491 -1.39913 0.397968 0.403733 0.00719706 0.583074 1.14485 -1.2142 -0.494496 0.830042 -0.812012 1.02209 -2.19112 0.251396 1.17818 1.86264 -1.36695 0.567071 0.16243 0.882738 -0.969832 -0.130595 0.780283 0.778008 -1.28452 0.526771 1.02835 1.24204 -1.89832 1.74574 0.261541 0.0501602 0.805817 0.416058 -0.487709 0.160114 -0.536186 -1.30514 -0.2251 1.05361 -0.81226 0.15715 0.322684 0.307929 -0.0419825 0.291097 -0.843606 0.247168 0.812693 -0.272315 -0.156004 -0.0147658 -0.773489 -0.219737 1.0849 -0.918555 1.3232 -1.40079 -0.511275 0.154909 0.750741 0.533487 -1.71571 0.708469 -0.735483 1.05415 1.64704 0.0557157 -1.27262 1.33947 0.30789 -0.388283 1.03899 0.0281329 0.357569 -1.2062 -0.682859 -0.500655 -0.312845 -0.0281016 1.01575 -1.58397 -0.379034 -0.5936 1.31581 0.989943 0.115653 1.35879 0.818644 -0.509939 0.522814 1.37349 -1.43011 2.01912 -0.911634 1.88087 -0.571793 -0.127858 0.360409 -0.742855 -0.775945 -1.40977 -0.165412 0.224291 -0.727346 -1.15853 0.155579 0.880002 0.564207 0.773703 -0.243706 -1.38865 0.259327 -0.505789 -0.193243 -0.357672 -0.0154613 0.37843 0.291697 -1.13847 0.892151 0.13991 0.579243 -0.928162 -0.804757 -0.268666 -1.30269 1.09566 -0.141196 0.67167 1.10241 1.04885 0.478763 0.299397 0.749203 0.422739 1.14521 -0.282325 -0.134253 1.28569 -1.93299 0.611364 -1.91978 -0.710768 0.969762 0.897483 0.79489 -0.247884 -0.120631 1.44312 -0.874723 -0.279167 -0.00117386 0.176422 -0.656328 -0.658903 0.290415 0.673353 1.28156 0.54523 1.15447 0.704508 1.15189 -0.511181 0.134012 -0.637521 -0.349728 0.430996 0.560007 -1.64819 -0.230752 -2.13718 1.6053 1.34628 1.1482 1.02867 -0.762008 -0.446773 -0.411468 -0.709443 -1.215 -1.79374 0.568984 0.103275 -0.193848 0.163788 -1.63142 0.769813 1.84967 -0.963855 -1.93801 -1.05995 1.52539 -3.13246 2.14044 0.512487 -2.64724 -0.189448 -0.466147 0.643987 -1.3073 0.315773 -1.54429 0.870524 -0.744504 -1.76431 1.05807 0.646059 1.60194 1.29385 -0.557588 -0.186519 -1.96271 -0.569513 -0.581095 1.00481 -1.38404 -0.318976 0.0817145 -0.0974385 -0.901096 0.728276 0.49385 0.0224797 0.0282522 0.640639 0.0953916 0.0628419 1.81892 0.967935 -0.592759 0.498904 -0.897438 -1.10514 0.201373 0.743706 1.10855 -0.752439 -0.238208 0.214287 0.866604 0.830353 0.948207 0.518834 0.159263 0.0743051 0.939378 0.903458 1.47729 0.240263 0.523488 -1.54327 -0.0430603 0.39844 -1.46305 -1.89148 -0.857648 -0.996217 0.616889 -1.36595 0.403512 0.935589 2.43822 -0.333043 -0.777953 -0.358775 1.71119 1.58782 -0.618958 -1.03509 1.60793 0.740721 -2.11708 1.5679 -1.01243 1.42997 0.945565 -1.09457 -0.260299 -0.0175005 1.54702 0.296863 -0.430647 0.314676 -1.21119 -1.65631 0.355768 0.141881 -0.819908 0.929092 1.45212 0.116503 -0.895099 -0.128625 0.879905 -0.275958 0.450853 -1.5127 -0.556696 0.074301 0.892225 -3.33914 0.379881 -0.614829 0.103286 -0.207545 -0.32022 -0.752719 -1.44242 -0.180074 -0.985357 0.905704 1.11776 -0.592754 -0.417156 1.43919 0.477201 0.662371 -1.30703 0.498028 -0.693201 1.55206 -0.641896 1.03095 -0.755857 2.07604 1.86053 2.19962 -0.654615 -0.0449202 -0.582988 -0.784188 0.39782 -1.35675 1.40165 1.36938 0.93313 -1.78244 0.0047246 0.0751709 1.51772 -0.570008 -0.999565 -0.448187 -1.25864 -0.0292407 0.925693 -0.319661 0.188773 0.416609 -0.731928 0.480561 -1.08026 -0.512753 -0.317842 -1.31187 1.26776 0.558152 -0.304673 0.19244 0.516394 -0.41315 0.323104 1.09126 0.342228 -0.30095 0.826881 -0.0490672 -0.256643 0.298356 0.00892537 0.682187 -1.86995 -0.00564602 -0.457659 -0.326047 -0.346792 0.0513762 0.293054 -1.01734 -0.984133 -0.467627 -1.13466 -1.50856 1.96355 -0.500788 0.772399 0.343762 -0.146913 -0.140601 -0.777491 -0.0854671 0.367744 0.586673 -0.248798 0.0891338 0.852047 0.794486 -0.531147 0.76903 -0.103063 0.321202 -0.274119 -0.0317003 1.18043 -0.377855 -0.860374 1.69229 -1.10476 -0.248421 0.981815 1.51933 2.79296 0.78233 0.641684 0.161524 1.01203 -0.333593 0.351743 1.76525 -0.465848 0.543576 0.0353836 -0.499661 -0.935352 0.575339 -0.93249 0.175309 0.739512 0.489004 0.571179 1.61033 -0.86323 1.17764 0.212759 -1.22638 2.0015 0.40569 -0.170147 0.350226 0.971674 0.16085 0.879074 -1.74735 0.452415 0.556741 -1.0095 -0.126399 -0.302458 1.06982 0.874624 -1.28767 -1.14813 -0.150969 -0.625539 0.644887 -0.967046 1.39877 -0.837763 1.11907 0.285248 0.112902 -1.37667 -0.205318 -0.12356 0.887935 -0.633163 1.00584 -1.28387 1.25805 0.0601882 -0.878536 0.129482 -2.76587 -1.71835 -0.980027 0.526923 0.0191765 -0.727098 -1.47735 -1.36942 -1.28518 0.920317 -0.873053 -0.859771 -0.255561 -0.929449 1.30834 0.459136 0.859612 0.66733 0.929462 -0.807732 -1.02451 2.12719 2.42848 0.159351 0.361165 -0.0357192 -0.653156 0.0708102 -0.259239 -0.031472 -0.521249 0.472644 -1.25221 -0.416292 -0.25171 -0.454651 1.16996 1.66393 -0.587065 0.802931 0.0467545 -0.220182 -1.72219 0.700777 -0.443038 -0.400775 0.197282 0.480605 -0.562001 -0.785019 -1.2964 -0.375618 0.0611655 2.3436 -0.341221 -0.319663 -0.555923 -0.334591 -1.4598 -0.882163 -0.0239214 0.0114885 0.616881 -1.45776 -1.01083 1.54693 1.68111 -1.15816 0.797945 -0.444408 0.949807 -0.295194 0.344801 -0.21156 1.01278 -0.575611 -0.84927 0.967192 0.36098 1.26301 0.317646 0.455423 0.316933 -1.49131 0.846212 -0.00610321 0.0343938 1.52744 -1.16029 1.72127 -0.392547 0.180221 -0.732566 0.517198 0.919235 -0.693991 0.456904 -0.494104 0.556866 0.735935 0.167939 -0.995213 -1.59704 0.317026 0.58948 0.16482 -0.0798519 -0.744996 -0.486875 1.03965 2.02929 -0.439103 -1.75235 -0.0208597 -0.609681 0.320573 0.3401 0.698489 1.08958 -0.151603 0.777218 -1.20057 -0.155096 0.227211 0.695621 0.144209 1.00499 1.19337 -1.48156 2.16781 -1.14934 -0.584921 1.27448 0.282878 1.63134 1.94822 0.230389 0.182105 1.54515 -0.944669 -0.665948 -0.0935481 -0.710216 0.941072 -0.047418 -0.746677 1.32422 -0.755905 -1.47911 1.876 2.23097 0.767626 1.80456 1.81025 -0.684832 1.46115 -1.1092 0.568782 0.143622 1.06363 1.01191 -0.647423 0.316688 -0.449507 -1.31325 0.261338 -0.159729 -1.96673 -1.4497 -2.03352 -0.0352823 0.655185 -0.320387 0.236233 -1.58009 0.081049 0.552441 -0.797923 1.24915 2.35016 0.0195749 -1.93073 0.375594 1.06036 -1.72933 1.51336 0.656739 -0.641821 0.451999 -0.0311623 0.354961 0.307637 -1.60733 0.186882 -0.500398 0.373247 0.0593229 -0.228052 0.116101 0.767747 -0.568687 0.587107 -1.2915 2.46977 -1.44231 1.09526 -0.80791 0.33244 -0.345082 0.803219 1.18672 1.4901 -0.023984 -0.740635 -0.890514 0.598647 -1.08777 0.0797384 0.182086 0.134137 -2.64795 0.358231 0.395444 0.0418815 0.156399 -0.625266 0.631472 1.27043 -0.0283606 -0.797407 0.965508 -0.38275 -0.711836 -0.838102 0.0346221 -2.16964 -0.641014 -0.00163991 0.0531148 0.688064 -0.741991 1.52953 1.75145 -0.491997 0.0970755 -0.0302706 -1.7802 -0.790294 0.990751 2.50935 -1.13603 1.36014 -0.561816 -1.03218 0.182735 -0.107534 0.202737 -0.0950676 -1.55029 0.572454 -1.09304 0.0735891 -0.691827 0.116618 -1.57821 -0.841125 -0.659758 -0.736191 -0.389431 0.472836 -0.608513 -0.490172 1.07664 1.10912 -0.535349 0.511987 2.01575 1.08757 0.254023 -0.384106 -2.71988 -0.624517 
0.257214 -0.751825 -0.93265 -0.259266 -0.183415 0.46006 0.50817 1.39916 0.436118 -0.412956 -1.71041 -0.528672 0.662948 -0.235656 -0.72599 0.00636864 0.0972075 0.182428 1.25038 0.283966 -0.49131 1.37599 -0.48281 -2.25891 -0.700673 -0.604425 -0.794912 -0.416981 0.0659928 -2.49677 0.379842 0.831403 1.08946 -0.723344 0.204261 -2.1881 0.513073 -0.328883 -1.78495 0.600841 -1.90648 -2.12268 1.78487 -0.0733881 -1.69824 1.38655 0.705125 -0.832509 -0.355469 0.285122 0.792943 0.0215839 -0.127229 -1.41835 -1.86888 0.211707 -1.33526 0.0830719 -1.56934 -0.461392 -0.306315 -1.64496 0.617813 -1.4086 -0.271263 -0.738636 -0.067193 -0.287334 -0.245214 -0.120489 0.93632 0.383128 -0.880297 -0.838456 -1.52776 1.11957 -0.0452426 0.863681 -2.68751 -2.38151 1.13926 -1.49714 0.246931 -2.18163 -0.228151 -0.765872 0.145807 0.720172 0.254894 1.19837 1.1345 0.376226 -0.149002 -0.593394 1.26817 1.18992 -0.324571 0.754889 1.27831 -0.494089 0.104021 0.680204 2.00086 0.236234 0.391888 -0.0668144 1.92058 0.297649 0.484055 1.54631 -0.029668 -2.35309 -1.17835 -0.607254 -0.291702 -0.776798 -0.113027 0.824871 0.818605 1.3023 0.0639046 -1.98645 -0.613914 -1.1141 -0.26473 0.653352 0.537125 0.190904 0.688471 0.331334 0.464785 -0.766196 -0.149351 -1.55739 -0.308533 0.335263 -1.10195 -1.72777 0.609503 1.48244 1.00851 -0.894116 -0.752958 -0.857033 -1.93265 -0.636047 0.587933 -0.365803 -0.243207 -0.555394 -0.549306 0.0831097 -0.803708 0.765895 -0.0213071 0.139799 1.51785 -0.881109 0.413259 -0.811621 -2.58835 0.27228 -0.0697476 0.625916 0.13175 0.0816708 -0.329812 -2.79648 1.08569 -0.604683 0.728838 0.728038 0.372471 0.880418 -1.21262 1.22583 -0.484801 -1.02959 0.0367147 -0.491179 -1.62072 -0.457478 -1.09787 -0.925246 0.828612 -1.29073 1.35066 -1.93649 -0.445592 0.529653 -0.172713 0.79413 -0.225954 1.51132 0.897363 -0.995234 0.409803 -1.11245 -1.72066 -1.18068 -1.25972 1.24434 1.61546 0.263557 -0.776771 -0.444709 -0.279889 0.652389 -1.0873 -0.277381 0.0933497 0.419599 0.276564 1.03116 1.78578 0.614368 0.321502 -1.12371 0.133979 1.055 1.70682 0.319414 0.459229 2.15222 0.365207 -0.18943 1.0507 -0.303262 -0.897685 -0.423953 0.023437 0.422781 1.6781 -1.68967 0.0199483 -0.431028 0.48309 0.819164 1.55293 1.23417 0.0208322 0.50701 -0.249984 -1.95728 -0.11641 -0.0444545 -0.293473 0.196074 -1.31146 -0.310671 -0.758964 -0.598215 1.89396 0.208946 1.3006 -0.0691643 -1.64175 -0.451538 -0.646007 -1.49893 -0.00738142 -0.0995296 -1.7288 1.5025 0.124366 -0.385662 -0.0108352 0.74339 -0.632733 1.71627 0.0292756 -0.323022 -0.165847 1.64049 0.870868 -0.540899 0.231205 0.481758 0.112568 0.0953107 -1.22481 0.0173521 -0.00909362 0.421569 -1.06176 1.00289 -0.889936 -2.41723 -0.0290127 -0.862723 0.125222 1.15429 -0.824785 0.0289552 -0.394755 1.6634 0.605973 -0.423404 -0.234336 -0.333685 -0.449383 0.95431 0.245813 1.86726 1.57854 -0.354662 0.998819 -1.00882 1.08366 1.83907 -0.0380868 -0.176076 -0.298019 -1.90296 -1.18137 1.47298 -0.220357 -0.59927 1.6142 -0.533045 -0.233364 -1.59456 -0.208219 1.03053 -0.322263 0.597868 1.50152 0.0507743 0.963473 1.92635 0.472753 1.40956 -0.498529 1.1268 -1.05192 1.11062 0.0487287 -1.44391 0.733442 -0.15535 -0.979891 -1.06627 -0.502198 -0.294176 0.261993 -1.58788 -0.690347 -1.29175 -0.632983 0.0686279 0.128557 0.271699 0.115805 0.327422 0.403764 -1.01084 0.276295 1.08759 1.7249 -0.154137 0.920741 0.512547 -1.44813 1.52737 -0.70716 0.340959 0.134632 -1.67766 -1.64426 -0.45976 -1.87523 -0.965829 -0.576851 -0.723488 -0.79516 -0.41757 -1.34272 -0.903377 0.0577845 0.115356 1.11716 0.404309 -0.0690929 -0.357923 -0.242317 0.24018 0.181736 0.815672 -0.376517 -0.905573 0.51404 -0.95093 -0.854673 -0.998572 -0.803146 0.211576 -0.504683 -0.342659 -1.57234 1.77946 0.557927 0.849207 -1.49417 -1.08035 0.380436 -0.673552 0.260164 -1.66748 -0.931158 0.317038 0.251282 -2.03738 0.642071 -0.428836 1.05895 -0.724104 -0.916756 -2.35449 -0.284343 0.57876 -1.11758 0.415965 0.985722 -0.367841 0.322051 1.42001 0.364541 1.20682 0.979535 -1.13064 0.269685 0.303584 -1.39152 -0.119936 0.0132143 0.559191 -0.226317 0.971405 0.509752 0.358416 0.910172 -0.290129 0.0310222 -0.831454 0.998265 0.152797 -0.369004 -2.64424 -0.584831 -1.041 -0.0122368 0.0190628 -0.0577739 0.497271 -0.0774339 -0.190479 -0.561197 -0.444057 0.644405 -0.259434 0.478315 -0.139846 -1.05881 -0.0363991 1.45843 -0.514739 -0.423274 -1.35717 1.26916 -0.355228 1.55878 0.395304 -0.188785 -0.945188 0.415423 0.0526137 0.960685 0.100194 -0.0782867 -1.72073 -1.21948 -0.263014 1.45389 -0.0428715 -0.0975029 -1.03408 -0.238538 -0.370786 1.25309 0.624969 -0.191934 0.74008 1.22789 -0.0503772 2.70191 0.555997 -2.1989 -0.256787 0.52234 -1.48321 -0.418288 -0.162299 0.944156 -1.72727 -0.0625001 0.256379 -0.273396 -2.05103 -0.466984 -1.35655 0.408835 0.967666 1.08678 0.208732 0.173661 -0.0179913 1.56334 1.54389 0.886451 1.7819 -1.14918 -0.479717 -0.199713 -0.674673 -2.14658 0.667434 0.382208 -0.454733 -0.4205 0.368775 -1.44812 -1.00029 -2.03578 -0.600867 0.306135 0.598279 -0.115353 -0.537997 0.403246 -1.03778 -0.936652 0.380101 -0.713735 -0.0182156 -0.581962 0.554301 0.261512 -0.543626 0.648243 -0.623169 -0.899881 -1.176 0.692519 -0.450236 -0.746297 -0.528795 0.69513 -1.34791 0.384021 1.15186 -0.990863 -1.96368 -2.00003 -0.0779104 1.23919 0.452102 0.809872 -0.140093 -0.123489 1.21781 -1.90141 1.78062 -0.00920264 0.850362 -0.587966 -0.0146943 -0.121021 -0.490052 0.72025 1.19629 0.842727 -0.457282 -2.72581 -1.0606 0.23091 1.44714 0.988572 -0.353869 0.414788 -1.6883 0.933837 -0.360928 0.0541331 1.18807 -0.371787 1.33047 0.520366 -0.285574 0.00429382 -1.73561 -1.39252 -0.714411 1.13268 -1.87101 0.277819 1.81027 -0.550346 0.377 0.548836 -2.01224 -0.571261 0.782665 0.849469 -0.136935 1.18279 0.590773 -1.83772 -0.369505 1.62863 1.62319 1.40987 0.540297 0.81257 0.40371 -2.54627 -0.174319 0.835605 -0.0203982 -0.823464 0.741728 1.51601 0.918016 -1.44511 -0.901985 1.02694 0.477211 -1.21933 2.5924 0.139813 -0.407139 -1.82612 0.802224 0.612747 -0.219742 1.69991 -0.147153 -0.77123 1.00622 0.156421 -0.688527 0.257433 -1.7492 -0.551967 0.152003 0.666283 -0.0942055 0.185544 1.02347 0.801934 -0.0428963 0.916981 1.37704 -0.162181 -0.151024 -0.437227 -0.442885 1.80677 -0.522768 -0.508121 -0.133132 -0.723173 -1.6378 1.32639 0.360023 -1.99363 -0.0665084 0.633021 0.545296 0.993876 -0.317106 0.594572 -0.123061 -0.587815 0.419847 0.50232 -0.864298 1.98675 -1.07943 0.666459 1.0253 1.15013 1.81134 -0.919832 1.17164 1.50533 0.888152 0.513564 1.19276 0.358395 -2.0089 -0.576662 -1.61878 1.07863 1.73512 -0.384408 -0.036148 -1.69187 -0.373141 -1.10956 0.24873 -0.53708 -0.0264218 -0.355576 -1.41153 -1.59046 -0.396048 -0.286678 -0.22938 0.130382 1.31193 -1.45401 0.115849 -1.33351 -0.491657 0.948844 -1.39129 -1.3717 -1.74128 -1.4471 -0.479449 2.50133 1.25809 0.124472 -0.502093 -2.03497 -0.755458 -1.12125 -0.59063 2.73616 0.0953348 0.534136 -0.142508 1.31085 0.193689 0.699038 -0.7751 -0.842457 1.20182 0.752718 -0.152756 -0.308895 -0.41126 0.139942 1.28947 0.064068 0.0801161 0.94373 0.694275 -0.751492 0.825831 -0.279942 -0.477173 0.490625 -2.73104 0.173906 -1.32531 -1.52011 -1.55336 -0.115458 -1.01211 -1.20074 -0.0910346 -1.70465 1.04778 0.340027 1.6328 0.957304 0.868835 -1.01701 -0.207832 2.59099 0.944839 0.60811 -0.335953 
1.19989 -0.64004 -1.48837 0.337498 -1.01586 2.19993 -0.244533 -0.296358 -0.723787 -1.14382 -0.868198 1.98151 -1.10299 -0.507644 -0.178569 -0.313279 1.10135 -0.839932 -0.194917 0.699502 -0.840047 -1.22733 -0.948163 -1.40249 0.731425 -0.943718 -0.249381 -0.862859 1.00911 0.64813 -1.51488 0.647065 -1.58765 0.134983 -0.180496 0.874457 -0.0194512 0.500352 -1.46721 0.923292 -0.877776 -0.522801 -0.662761 0.607683 -0.518176 0.667973 -0.619141 0.574696 -1.04851 0.459434 -1.22436 -0.278845 1.84219 -0.881925 0.413358 0.908557 1.59248 -1.49426 0.161774 -0.726029 1.34608 1.25074 -0.875885 0.412067 -1.77118 -2.01984 -0.375391 -0.283588 1.30107 0.437808 -0.340867 1.29193 -1.3391 0.756149 0.971817 -0.227481 1.85684 0.0132172 1.14896 0.492571 0.730771 -0.910269 1.01438 -0.707904 -1.08298 1.54208 0.311503 -1.19987 1.5717 0.140869 1.26107 -0.666115 0.179216 0.00139135 -1.06812 -0.925754 -0.837555 0.956707 0.0542353 0.0552233 1.10245 -0.424355 -1.02759 0.547572 -0.191367 1.8068 -1.46891 0.90719 0.164296 -0.571953 -0.654945 -1.10574 0.010669 -0.937564 0.738998 1.68579 1.33364 1.20135 0.261992 -1.13463 -2.08536 1.87257 0.315921 -1.19402 0.660635 -0.0376896 0.425261 -1.92682 -0.74388 -0.280347 1.12469 -0.479512 0.325298 2.69653 0.0476367 1.19413 -1.14696 0.164488 1.23276 -0.0998701 1.00009 -0.206128 1.73734 -0.168508 0.0183534 1.26506 -0.33322 -0.800249 -1.11643 1.12258 -1.42505 -0.994216 1.12512 0.894219 1.36287 -0.091958 0.125774 -2.2924 0.0456849 -1.36277 -0.261292 -0.00890416 -1.2436 -0.787965 -1.15133 -0.933693 0.963107 0.345988 -1.5249 2.46672 -0.902683 0.102259 0.107087 -0.0255035 1.72732 -0.188827 1.53126 0.302889 -1.08838 -1.17586 0.141796 -0.757431 0.443173 -1.33767 0.131123 0.870876 -0.699034 0.101773 -0.810682 -1.67243 -0.82693 -0.133813 -1.57033 0.389983 0.860861 -1.61242 -1.06365 0.351058 -0.485679 -2.29351 -0.893316 -0.842433 0.569173 0.169376 0.651826 -0.881958 -1.28648 -0.00227532 1.10827 0.443267 0.0891565 -1.85789 -1.63082 1.57643 0.0546534 -1.28014 1.04535 -0.0446622 -0.501457 -1.08134 0.222255 0.717331 -1.48437 -0.662865 0.9742 0.851456 -0.453342 -0.403619 0.840874 0.833127 0.525571 0.564811 -0.501736 -1.96364 0.821728 0.522688 -1.06609 -0.381702 -2.22278 1.22079 -0.105071 -1.15298 0.0679692 -0.36774 0.755291 -1.07194 -1.64334 1.42686 1.14947 -0.181293 -1.09197 0.872118 0.0667606 1.47388 -0.511879 -1.22931 -0.172499 -1.10719 0.271376 -0.6116 0.258939 -0.639273 0.0948708 0.445882 0.00408628 -2.15924 -0.26439 0.297856 0.971532 -0.527312 1.67968 -1.09291 0.255468 -0.493537 0.691814 -0.791877 0.120566 0.0466151 -1.94246 1.65254 -0.719927 -0.530176 -0.150254 2.70415 -0.0145488 0.245743 -0.662062 -0.231143 1.53517 -0.33526 -0.806357 0.460707 0.0544157 0.00352746 0.742821 1.50123 -1.15298 -0.394126 -0.336889 0.00865041 1.13571 -1.00895 0.266784 0.28331 0.32699 -0.276739 -0.0673731 0.727054 -1.64852 -1.22832 -1.43257 -0.773348 0.0592877 0.471258 0.204922 2.62425 0.424847 -0.0785553 0.118163 -0.107623 0.221759 -0.239351 -1.70393 1.2494 -1.32497 2.91802 -1.17027 -1.27953 -0.0888112 -0.653885 -0.0590949 -2.14653 -0.489879 0.226038 -0.506331 -0.445027 -1.61297 0.281424 -1.35692 -0.0471909 0.935941 -0.537173 -0.496504 -1.13233 0.177765 -0.628027 -0.308871 0.875139 0.981402 0.579431 -1.67481 0.851929 -0.58248 0.424676 0.219023 -0.598441 0.55852 0.308534 0.625948 -0.326975 -0.452374 -0.603261 0.27892 -1.1317 0.348363 -0.359638 -1.07954 -1.27902 0.252877 -0.338352 0.510151 0.0294898 -1.85521 -0.496988 0.0512294 -0.702214 -0.0964973 -0.513813 1.05253 1.50144 -1.18304 1.92614 1.20396 1.65477 0.469548 -0.572083 0.944377 -0.415793 -0.374224 2.14132 -2.30258 0.607391 0.379469 -0.470729 1.00558 0.578238 -0.245941 -0.747867 0.415108 0.952166 -0.49742 -1.95569 -0.793882 -0.68305 -1.8186 0.210331 1.13923 -0.473845 0.684526 1.52112 1.88768 0.829841 0.892082 0.589365 0.0254039 -1.66389 1.68819 -0.843148 -1.06194 -0.766026 -1.1482 -0.816543 -0.474238 1.16521 -0.065169 1.18032 0.410744 0.527552 2.06902 -0.731934 0.372816 1.28631 0.419606 -0.78775 0.509545 0.658907 0.859123 -0.663558 -0.656393 1.8768 0.377085 -1.30777 1.30869 -0.0548899 1.47516 1.14744 0.720698 0.343649 0.872541 -0.277101 -2.01668 -0.311133 0.686741 -0.224598 -0.30877 0.603114 0.771453 -0.568082 1.2401 0.179664 0.598773 -0.0167192 0.100302 -0.403623 -0.19534 -0.220984 -0.408127 -1.86693 0.477303 -0.788616 -1.46154 0.182611 0.812152 1.14502 0.745896 -0.453007 0.558128 -2.59864 -0.486265 1.26757 -0.441871 0.052048 0.569113 -0.164649 0.623763 1.15548 -1.26398 0.926671 0.63162 -2.08919 1.02219 0.110019 0.0581845 0.377367 0.219132 -0.796569 -0.0235795 -0.889817 -0.681334 1.4363 1.23776 -0.0143403 -0.125459 0.55181 -0.159773 -0.347176 -0.566692 -0.0330145 1.38993 0.00215357 1.16742 -1.06817 0.200544 -0.108774 1.09037 0.130026 -0.848767 0.460509 -0.896086 0.242087 0.728379 1.24285 -0.587697 -0.395508 0.212297 0.139164 -0.00209328 1.71588 0.780644 -0.232428 -1.06604 0.918053 -1.60255 0.333411 -0.129347 1.70282 0.53034 -1.61768 -0.126732 0.397821 -1.6495 -1.70884 -0.300235 -1.11581 0.585463 -2.63328 -0.262879 0.832826 1.03617 1.2327 -0.144724 -2.71102 0.452404 0.301364 -0.188317 0.59334 -0.34639 -0.67013 0.601854 1.2244 -1.07872 -0.216683 0.880835 0.466981 -0.823241 0.158562 -0.894744 -0.681398 0.823571 0.675371 0.750018 0.631686 -0.824294 1.37004 -2.70647 -1.05328 -1.18723 -0.247974 -0.33229 0.923042 -2.08723 -1.41334 -0.678488 0.498394 1.89493 -0.248537 -1.34684 0.327748 0.716543 0.253492 0.175479 -0.804876 1.30232 0.222589 -0.408507 -0.391226 -0.880072 -0.559688 0.717629 -1.75329 -0.894977 0.629865 -0.948931 -0.541196 -0.500768 1.09394 -0.777538 -0.713284 -0.968437 -2.57582 -1.51511 -0.837291 -0.89225 0.870554 -0.239411 0.601384 0.361899 2.07312 0.577466 -0.206072 2.27867 1.49264 -0.485605 0.594145 0.682842 0.846878 0.511304 0.790199 1.05791 2.35634 0.11039 -0.795314 -0.259844 -1.51319 0.673961 -1.09301 0.925353 0.0495807 0.175473 0.00536324 -2.20464 0.598461 -0.0636723 0.351626 -0.25065 -1.86542 -1.94718 -0.161735 -0.647023 1.6251 0.93354 -0.316869 -0.706974 -0.461988 -0.303588 -0.967178 -0.413614 -0.228384 -0.0510052 1.3182 0.722988 -0.543017 -0.744752 0.29638 1.07737 0.0508501 0.791682 -1.94069 -0.717692 0.928517 1.26032 0.980512 0.693159 -1.50822 -0.50689 -0.00645803 -0.841247 0.634705 -0.835029 -0.757782 -0.373568 -0.377264 0.410033 0.861779 0.407201 -1.01099 0.229507 0.493265 -0.141146 -0.4451 1.03931 -0.786308 1.50767 -0.555644 -0.132602 0.0740397 1.44634 -1.20355 -0.0748138 0.714452 -0.133755 0.916423 -0.475155 0.478646 0.749517 2.32656 -0.187165 -1.13486 -0.718859 0.144339 0.0317223 0.223389 -0.331276 0.415197 0.292799 -0.440489 1.35276 -1.2819 0.511613 -2.41651 -0.71101 0.566918 -0.388072 -0.116719 -1.40187 1.12907 -1.34541 0.325818 -0.622053 -0.33685 0.202164 0.210011 1.4848 0.27325 0.213353 0.00113968 0.252842 1.79573 -0.0961876 -0.0440507 1.02093 -2.13432 1.47242 -0.430081 -1.1969 -0.170961 -0.50184 1.10235 -2.15962 1.89184 -0.898658 -0.607276 0.695436 -1.71322 -1.16873 -1.3002 0.745793 -2.0921 -0.657223 1.59968 -1.25392 0.311545 1.02829 0.511522 0.118125 0.740194 -2.67168 1.14965 -0.763846 -0.396458 -0.852416 0.926923 0.906448 0.636207 0.444674 -0.518015 0.722014 -0.349365 -1.29307 -0.164004 -1.13291 -0.572898 1.44942 0.874106 
-0.305562 0.031347 0.144514 -0.229364 -1.2093 -0.687574 0.377306 -0.351658 0.23303 1.65356 0.311787 0.687062 -0.325905 -0.295232 0.117489 -0.823718 1.26846 1.87228 0.790126 0.284253 0.368627 -0.741767 0.435519 -0.830131 0.608248 -1.48643 1.58834 -0.831709 0.304899 0.384641 1.08542 -0.0485096 0.687768 -1.19167 -1.21263 1.27997 0.771493 -2.10207 0.421058 -0.64457 -0.287493 -1.24616 -0.325102 0.884764 -0.350599 1.25509 0.0749348 -0.161709 0.31084 -0.666859 0.146734 -0.550733 -0.622958 -0.683491 -2.02714 -1.213 2.97973 0.164026 0.690401 -1.30425 0.946891 0.857562 1.01846 -0.691561 0.198718 0.786147 0.357511 0.160513 -0.447877 -2.21988 -2.28163 1.28456 0.611671 0.395869 0.408997 -1.71354 0.00732089 -0.818376 0.530785 1.0331 -0.399964 -1.15877 1.15453 0.0541787 0.416628 -0.492433 0.0351414 -0.724037 -0.944766 -1.4945 -1.69394 -0.931905 -1.06442 0.0805899 0.145164 0.0377106 -1.28768 -0.544463 -0.344839 -1.20286 0.885939 0.850436 -0.641638 0.547787 0.389112 0.46501 -0.108147 -1.0567 -0.783307 0.877707 -0.521788 0.317907 -1.30759 0.0577914 -0.561863 -0.974905 -1.24474 -2.48329 -0.175703 0.00779985 0.389922 -0.995496 -0.248432 0.71585 -0.113843 1.08229 0.930768 0.0661687 0.942967 0.305258 0.705105 -3.34915 0.273941 0.74293 -0.0931494 -2.54592 1.25188 1.44909 -1.25949 0.564416 0.0471079 -1.14478 -0.423996 0.581024 -0.219617 -0.201264 0.413872 1.74945 -0.0561262 -0.802986 -0.59161 -0.652894 0.146314 0.47735 -0.626096 0.0161034 0.734952 1.34621 -0.175536 -0.84953 0.0584585 1.96351 -0.473988 0.27015 -0.394913 1.997 -0.0689241 -0.136801 0.179856 -0.175021 -1.71238 1.30005 0.276701 -0.491123 0.97834 -1.08603 0.588635 -0.72835 1.05588 -0.470533 -0.21597 0.237398 0.0639081 0.168149 -1.7664 0.319367 -0.32847 -1.13281 0.975873 0.989834 0.59355 -0.422967 -0.881248 0.817858 0.623447 1.47871 -0.0878848 -0.0475999 -0.261219 1.97505 0.187255 0.220436 1.21215 -0.51283 0.173906 -1.94386 0.207317 0.0533433 0.731312 1.23951 0.528586 -0.100154 -0.0798668 0.559974 -0.54776 0.0374825 1.13838 -1.96803 -0.270262 -1.07366 0.293304 0.700022 0.0900656 -1.6811 1.38207 -1.07789 0.930754 -1.18233 0.258831 0.458678 -0.364272 -1.01511 0.621288 -1.8346 0.308995 0.15775 -0.527415 -0.478863 0.526814 -0.200423 -1.30136 0.169154 0.755953 -1.04865 1.83142 -1.14557 -0.0393925 -0.764168 0.000717274 0.45458 0.519149 0.137638 1.0688 1.03443 1.19669 -0.270007 -0.463276 -0.132161 -0.260334 0.604201 -0.693767 0.778058 0.345973 1.54575 -0.399024 0.248602 1.78805 0.498153 -0.0974265 -0.276289 0.362751 -1.23894 0.0979883 0.710041 0.793166 -1.2552 0.433226 1.49548 -1.05263 1.92367 1.39207 -0.62543 -0.126453 1.69624 -1.61857 0.858544 1.42111 -0.752639 0.310423 0.748092 -0.236459 -0.271684 -0.964287 -1.17675 0.262814 -2.03731 -0.578531 1.30443 0.169295 0.111613 -0.49421 -0.159299 -1.59821 -0.315102 0.290313 -0.731914 0.239852 0.793879 -0.767053 0.161436 0.10471 1.1667 -1.44946 0.234401 -0.801103 0.704174 -0.544836 -0.438944 -0.398374 -1.15528 -0.50453 -0.732296 0.448021 0.94928 -2.24786 0.360995 -0.580161 -0.440657 1.46386 0.540911 0.535578 -1.51302 -1.11127 1.64338 0.474706 -0.609551 -0.172676 -0.50429 0.422231 -1.14412 -0.120926 -0.553611 -0.105142 2.43293 0.910062 -1.8814 1.67397 -0.0360211 -0.215554 1.26084 0.016781 -0.443546 1.59461 2.70306 1.69902 0.131977 -0.317353 -0.0148757 0.877206 0.734872 -0.330488 0.388259 -1.67201 0.425704 2.24341 0.560758 2.04011 0.454461 -2.05834 -1.1508 -0.17869 0.390237 -0.263746 -0.0876 0.143374 -0.523746 0.742431 -1.28526 0.585275 0.830925 0.732724 0.426162 2.77588 -1.19417 -0.372602 -0.26112 1.01387 0.676666 1.38452 -0.294586 0.602712 1.00433 1.91491 -0.104543 -0.153357 -0.651398 0.514302 -1.31043 -0.330496 -0.862085 -0.618291 -0.828856 -2.57179 -0.244086 -1.51959 -0.0288613 -0.877431 -0.0560363 0.272216 0.3624 0.820333 -1.37486 -0.700426 -1.47861 1.57549 2.88405 1.95816 -0.864306 0.520785 -0.458084 -1.84382 0.333642 -0.580523 -0.611074 1.1526 -0.717313 -0.589052 -1.50399 0.312611 -0.753831 -0.45408 0.74157 -0.57084 2.65503 -0.172526 -1.72575 -0.534915 -0.848749 -2.01937 -1.06115 -0.244973 -1.7024 0.232896 -0.954082 -1.83089 1.62352 -2.98336 -0.706531 -1.12926 -1.21338 -0.332091 -0.364723 0.378198 -0.428998 -0.282253 0.887119 -1.73555 0.613482 -0.195204 0.74091 0.313681 -0.734338 -2.05749 1.89081 -1.93398 -1.17607 0.427778 -0.780493 -1.01743 0.422017 -0.0983751 -0.876355 -0.429627 -0.326066 -0.615997 0.587633 -0.320384 -0.341594 1.06352 0.441166 -0.872799 0.94685 0.0924241 -0.313388 -0.842002 -0.687713 1.12502 0.441513 1.11141 1.10539 0.722277 -0.483722 -0.131731 0.987242 1.28726 -1.21658 -0.17197 -0.10649 -1.09086 1.30807 0.135411 -0.415209 -0.508408 -0.925771 -0.274093 -0.100911 1.59967 0.354615 -0.460547 1.69864 -0.428561 0.28172 0.0899184 0.0521021 -0.133836 -0.00829153 -0.00166988 1.01678 -0.401513 0.0900948 0.336457 0.225976 -0.818946 -1.00601 0.0463755 -0.509125 1.01177 -1.42449 -1.52597 1.18582 0.401982 -1.22874 1.32898 -0.311028 1.54887 -0.153258 -1.38856 -0.700561 -1.39843 -1.21661 0.580714 0.525219 -0.714726 0.640171 -0.983722 -0.947634 0.411732 -1.60757 -1.39593 -0.220076 1.66539 -0.815824 0.449802 0.0663051 -1.01335 -0.209866 0.384298 -2.71641 0.872088 0.733333 0.919318 0.690178 -0.0208049 1.32549 0.107266 -0.694239 0.918926 1.64545 -0.743707 -0.428738 0.390067 -0.175459 0.940403 -2.22501 1.05359 0.680905 -0.741723 -0.256143 -0.155085 0.601827 0.388359 -0.156036 0.847228 -0.983545 0.238772 0.586925 0.304094 -0.391334 1.1079 -0.739043 -0.239199 0.20899 -1.73558 0.0807747 -2.39224 -1.09746 1.17111 -0.279655 -0.06111 0.468341 0.500652 0.754064 -0.286716 0.845874 -0.698545 -0.649773 0.475579 0.224967 0.818904 0.0507217 -0.603588 1.10795 0.102984 -0.125528 -1.40438 -0.629765 0.726993 0.235995 -0.816107 0.201837 2.08039 0.445367 -1.4006 -0.471278 0.0159912 -0.377463 0.787357 -0.775917 0.351155 1.15522 1.04088 1.65056 -0.968338 -0.269453 -0.537878 0.882558 1.48119 -0.164078 0.131152 0.892741 1.00485 -0.604278 0.883071 -0.33995 0.986196 0.787036 -2.03071 -0.262093 -2.23816 -0.354822 0.686323 -0.807087 -0.037769 2.19718 0.100121 1.1368 -0.111582 -0.318639 1.92093 -0.122917 0.905058 -0.439022 1.02802 -0.388875 -0.340121 -0.797826 0.0599144 -0.810516 0.891807 0.185367 0.881184 -1.44279 -1.35534 0.307011 -0.100393 -0.401356 0.23207 -0.557396 -0.701768 -0.820846 -0.309453 -1.46525 -0.0869205 0.773327 -0.114955 1.86219 -0.145362 0.551342 0.463043 -0.945401 -0.791646 -0.278276 0.819375 0.896155 -0.200021 0.00290163 -0.285481 0.250104 -0.35136 0.106099 -0.166183 -1.73341 0.989708 0.160077 -0.0944795 1.21533 0.824137 0.07517 0.786997 1.51156 -1.44235 -0.494837 2.19569 0.163783 0.174732 1.13607 -0.754563 0.883869 1.19732 -0.343104 -1.15508 -0.647933 -0.394859 -1.17125 0.796236 -0.0446614 0.329119 -0.727044 0.202885 1.04532 -0.0295497 1.39435 -1.41496 1.58606 -1.68275 -0.0359021 -0.116733 -0.401118 0.884556 0.655505 2.11853 -0.016054 0.256999 0.424405 2.22285 0.784401 2.08751 -0.919629 0.122953 -0.473323 0.436954 0.646832 1.81603 -1.70715 -1.08229 1.77285 0.422486 -0.0432496 -1.77996 0.335671 -0.427616 -0.254717 -0.885147 -1.3549 -0.447042 1.60915 0.867613 -0.365474 -0.387653 -0.30211 -0.401107 1.67624 -2.04769 0.304908 -0.592325 -2.0596 -1.11949 -0.766525 0.959485 0.440531 -0.00117885 0.0829471 -2.49334 1.42542 
-0.196421 2.20583 -1.1964 1.05918 -0.207433 1.17 0.560266 -2.20757 -0.70186 -2.49669 0.255915 -1.088 0.064528 1.6652 -0.341935 -0.672074 -0.339753 1.10383 -1.56577 0.144178 -1.61368 1.60383 -0.479921 -0.545053 -0.616922 1.06405 0.560237 -1.10699 -0.294238 -0.641444 -0.0740803 -0.584514 0.0766881 0.0404411 -1.32888 0.175846 1.33323 1.12892 -0.442753 -0.338702 -1.41182 -0.973565 1.21515 -0.218171 0.819838 -0.631842 -0.632307 0.21728 -0.811572 -0.396498 0.20978 1.25357 -0.69041 1.20061 -0.207185 -0.674218 2.30408 0.453807 -2.65082 0.672946 -2.1537 -0.904311 -0.215441 0.643865 -1.02647 0.550656 -0.914135 0.733644 -1.34489 -0.19543 0.014777 -0.584837 -0.558769 -0.505996 0.269109 -0.149339 -1.45434 1.44641 -1.59283 -0.188195 -0.140289 -1.0779 0.65457 0.287576 0.266848 1.06103 0.171739 -1.85928 -0.951456 1.75852 -0.0569849 -0.688293 0.573684 -0.881358 0.276449 0.344997 0.42548 -0.895643 -0.695278 0.423946 0.412947 1.94414 -2.40206 -1.27706 1.45989 2.01169 -1.27626 -1.1807 -1.65717 -0.1883 0.086051 -0.0611907 -0.259705 0.117517 -1.17582 1.6974 -1.96627 -0.400644 0.363253 -1.03825 -0.945694 -2.56006 0.391591 -0.174311 -0.368793 -1.06246 -1.0208 0.118507 0.791318 1.19953 -1.06574 -0.415849 1.0154 -1.52846 -1.76822 0.292821 0.836062 -0.0481048 1.16919 -0.997636 -0.655745 0.481559 0.734678 0.0999024 1.60004 0.882232 0.480576 0.43194 0.848308 0.94612 0.457911 1.35121 0.0971402 -0.236619 1.41719 1.02989 0.468666 -0.216152 -1.04301 0.210201 -0.922429 0.588071 0.835141 0.79446 1.5086 0.182526 -1.66009 -0.241265 -0.353267 0.342334 -0.52712 -1.15734 -0.66093 1.01328 -1.6335 0.817688 0.929857 0.357045 -0.793614 -0.0352849 1.29109 0.680015 -0.107688 -1.1027 -0.201274 0.576392 1.13383 1.16154 0.875687 -1.76406 0.998471 1.06102 -0.823679 2.35923 0.806151 0.440253 -0.673479 -0.975556 -0.135821 -0.257352 -0.734539 -0.228107 -0.544856 0.0729103 2.32297 0.905255 -0.689443 -0.403174 1.82421 -0.465139 0.614211 1.57558 0.704643 0.547226 0.223507 1.04436 0.448554 0.683066 1.35477 0.921579 -0.338243 0.304079 0.509275 1.01915 0.227406 -1.57287 -1.17279 -0.876021 0.641451 -0.634499 0.0645194 1.44881 2.13098 -0.955954 1.83153 -0.241093 1.23245 -0.265459 0.106127 -1.55985 -0.902869 0.823817 -0.329291 0.595906 0.0622042 -0.418554 -1.10372 0.748747 -0.913314 0.988903 1.57871 -0.478115 0.553677 2.7632 0.708328 -0.668306 -0.705249 -0.106488 -0.940944 0.52192 0.90243 0.0445594 -0.194647 0.162154 0.0785076 -0.550353 -0.124472 -0.706184 1.02398 0.151286 -0.186235 0.752481 -1.2192 -1.30329 0.238121 -1.39485 0.0913217 0.0784837 -0.561419 -0.823213 0.352468 -0.350576 -0.656604 0.38496 -0.675991 -0.900591 1.09183 -0.323954 1.61917 -1.3022 -1.30592 -0.0501226 0.55576 0.951922 -0.399496 -1.32375 -1.59529 0.832038 -1.42971 0.700509 -0.363128 0.168491 -0.122122 -0.75805 0.415126 -0.855759 1.59966 0.621345 0.678373 0.988541 0.41005 0.938234 0.211237 0.220341 -0.304676 0.964364 -0.341044 1.1368 -0.0350817 1.17412 0.260617 1.33878 -1.78123 0.262263 0.315938 2.34727 0.63274 0.285349 -0.802607 -0.352745 0.652677 -0.886862 -0.623461 -0.381365 0.967207 0.0729226 -0.219004 0.115412 -0.692647 -0.532283 -0.0790432 -1.21031 -0.34784 -0.338432 -0.0138925 -1.01564 0.63666 -0.547682 -0.952502 0.929873 -0.315655 0.973143 1.1052 2.0018 -1.20149 0.304343 1.45142 -0.0211191 -0.0264198 -0.294198 -0.355299 0.592945 -1.19823 -0.526107 -0.077395 0.837906 -1.53859 0.65511 -0.766571 -0.586648 1.67249 2.33465 0.58206 -1.47189 2.53855 0.873387 1.53928 0.276754 0.238621 -0.121584 -0.544268 1.30767 0.178325 1.53574 1.65251 0.250664 -0.153863 -0.732543 -1.84982 -0.826405 1.44313 -1.26136 -0.109389 -0.792338 -0.744585 0.771697 -0.255635 0.593633 0.155262 -0.157928 1.37682 0.447781 0.387428 -1.22709 -0.144281 -0.626363 2.73695 -1.05366 1.16614 0.753847 -0.0327093 -1.5221 2.62525 0.708151 -0.391443 -1.45636 -0.984009 0.296162 0.711831 -0.664284 1.23986 0.222914 -0.567767 -0.243784 1.07723 0.743747 -1.01954 0.382586 2.30829 -0.151228 2.46122 -0.621347 0.131687 -0.662726 0.933161 0.462104 0.171968 0.775003 0.787984 -1.30615 -0.743932 1.46585 -0.234493 -1.96064 -0.81599 0.617629 2.34676 2.43946 1.57365 0.681782 1.51648 -0.171226 0.500534 0.37839 0.448315 -0.072482 -0.714977 -0.525734 0.0435232 -0.541608 0.836695 1.19979 -0.255272 -0.921076 -1.86277 0.137895 0.565653 1.72685 -0.559238 0.75796 0.10678 1.05204 1.15463 1.11873 -0.124356 0.194444 2.44932 0.700575 -0.0315265 0.486348 -0.0477087 -0.293271 0.437861 -0.367807 -0.625741 -0.674026 -2.14091 0.0265639 0.168444 0.836034 -0.0578705 0.501331 1.38109 0.716501 -1.64635 -0.143909 -0.277136 -1.21625 -1.14267 -0.55277 -1.41944 1.07873 2.21198 0.0521289 0.420714 -1.3399 -2.35694 2.28385 1.12118 -0.886891 -0.643229 -0.237897 -2.36116 -0.714258 1.13573 0.587162 -0.527763 1.3827 -0.751307 0.652177 -0.959228 0.499393 -0.578059 0.281721 -0.841912 1.16207 -0.221659 -0.388899 -0.121412 -0.294232 -0.635436 0.724787 0.766231 0.34988 -0.532272 2.29231 -3.25648 0.649563 0.70063 -0.0792344 -1.33617 -0.801088 -1.89405 -0.777789 -0.0563825 -0.38466 -0.990475 0.136468 -0.0338484 -0.368318 0.187333 1.68876 1.33312 0.261832 -0.0936714 -1.73022 -0.643847 -2.15349 -1.36762 -0.721803 -1.57342 -0.445399 1.25913 -1.4845 0.319302 -1.02355 -2.24569 1.40278 -1.21276 -0.141549 1.85778 -0.188719 -2.66117 -0.808414 1.14914 0.559655 -0.638438 0.357852 -0.145053 -1.294 -0.68123 0.570024 -1.11729 0.923316 0.0248919 0.289883 1.65788 1.17213 0.500523 -0.319704 -0.331853 0.383146 0.305754 -1.6005 0.395251 -0.952489 -0.890242 0.737198 -0.79626 1.05107 -0.222833 -1.54435 1.33981 1.2619 1.53727 0.0871188 0.634096 0.7748 -2.3146 -0.116575 -0.592818 -0.798317 -0.579383 1.39527 0.940331 -0.621659 0.746766 -0.210013 1.7418 0.890166 0.106301 0.3575 1.83122 0.301409 1.39985 -0.809376 1.21722 -0.235931 -0.804399 -0.78158 1.60827 0.443665 -1.01476 -0.778844 -0.204453 -1.39938 -0.193077 2.02564 2.07846 0.0261265 0.758563 0.631907 -0.0202612 1.34416 0.0628453 1.30251 -0.584641 0.377631 -0.673527 1.3059 1.42088 0.164279 -0.647248 0.143438 -0.684437 2.64912 -2.12359 0.197827 -0.218459 -0.0569735 -0.284473 2.17683 -0.484735 -1.52752 1.7291 -2.8942 -0.0613141 -0.879983 1.42895 -1.05228 -0.00823827 1.2189 0.925622 -0.791157 0.744883 -1.06415 1.45524 -0.493991 0.187679 -0.762489 -0.136343 0.714775 -0.0862527 0.732684 -0.574626 0.501811 -0.448369 -1.27635 0.315193 -0.985591 1.71757 -0.42926 -1.37112 0.963326 0.174087 0.407253 -0.100455 2.20478 0.0054232 -0.363889 2.11456 -0.634738 -0.597518 -0.243058 1.48046 -0.448685 1.14732 -0.398811 0.751356 0.898497 0.22216 0.0913553 -0.600774 0.231152 -0.488088 1.11039 0.84087 -2.08506 1.06396 0.733353 0.692934 -0.165167 -0.0993525 1.81144 1.72917 -0.681928 -2.80233 0.401794 -0.602614 0.081566 -0.907229 0.0703744 -0.679504 -1.20745 0.649204 -0.922617 0.0832754 -0.398231 0.815215 -1.9679 -0.473156 0.414355 -0.012909 -1.43681 -0.719275 -0.816323 0.0957964 0.508911 0.98999 -1.81997 -1.15751 0.773509 2.36336 -2.95056 1.9955 1.46429 0.395762 -0.0206259 -1.31887 -1.29012 -0.518168 0.12095 -0.710566 -0.54468 1.6507 -0.622963 -0.910845 -0.253238 0.268775 0.40072 0.341092 -1.1472 0.975076 3.30398 1.08658 1.65012 1.36985 -0.880825 2.00705 0.122632 1.32502 -0.352657 1.02435 -0.0476476 
-0.989141 0.0888923 -0.820879 0.979092 0.015451 1.99737 -1.34327 -0.516785 -1.274 -0.00980838 0.161271 0.491365 0.845309 1.63283 -0.77484 0.819438 0.595532 -0.323239 -1.2623 1.73444 -1.7876 0.196905 -1.43126 -1.42521 -1.53054 -0.0254202 -0.172382 -0.330698 -1.14296 0.343559 -0.21617 1.36394 -1.49751 -2.29927 0.245405 -1.30464 0.352176 0.277537 0.390465 0.793252 -0.784347 1.17075 -1.40394 0.324921 -1.54747 -0.422297 -0.876864 -0.632305 1.51626 1.49919 1.92753 -0.559625 -1.51111 1.44499 -0.117844 2.57192 0.104918 -0.541868 0.24488 0.0078757 -0.150879 0.102781 0.861601 -2.18818 -0.750302 1.03174 0.899447 0.273601 -0.24387 1.6761 1.65761 -0.468837 -0.958501 -1.92057 -1.57174 0.325663 1.78626 -0.406113 0.232487 -0.58436 -1.79556 2.00193 -1.31087 -0.907989 -0.103716 -1.06265 -1.56339 0.142456 0.774493 0.00728004 0.297317 0.419347 -0.0390836 0.363675 -0.443132 -0.714897 -0.70375 -0.360225 0.417013 1.7134 -1.46541 -1.14948 0.375076 0.291923 -1.70417 -0.511765 0.758809 -0.19988 -0.969566 0.720082 -1.30624 0.884825 0.673923 -1.31547 0.0699675 0.542859 -0.866414 -0.216263 2.1773 -0.45565 0.0100565 -0.589329 -0.915684 0.246696 0.869911 -0.769558 -0.649348 0.187639 -1.31721 0.904975 0.882584 0.535905 0.555891 -1.61514 0.435253 -0.364473 1.17851 1.69882 -0.900035 0.102711 0.549938 -0.874325 0.637365 -1.6407 -0.372939 -0.253084 1.18501 -0.560871 -2.05634 -0.454999 0.217784 -0.111492 -0.325748 0.204557 -0.404656 -0.544298 -0.359834 1.26771 -1.82108 1.0941 0.729412 0.270036 0.538136 -0.23128 1.22588 0.0812505 -0.529902 -0.934171 -0.115403 -0.397465 0.627549 0.914174 0.461441 1.08784 -0.173372 -1.96735 -0.0872309 0.0198905 -0.270081 -1.28645 2.06845 -1.15185 0.204917 0.917968 -0.832154 -0.31983 1.20127 -1.49881 0.276875 -0.606698 -0.0897074 0.53361 -0.688205 1.25667 0.528542 -0.615537 -0.195389 2.07613 -0.488363 0.302092 -1.0106 2.33691 -0.720666 -0.59211 0.639212 -0.739276 -1.99544 -0.0657825 -0.970603 -1.54289 -0.837426 -0.00310791 0.668048 1.17627 -0.725512 -0.778659 0.45981 -0.105979 0.373204 0.786374 0.137384 0.176859 2.00359 0.384223 -2.29152 0.863293 1.33038 -0.658361 -0.710329 0.245034 0.560263 -0.3036 -0.686618 -1.41471 0.528551 -0.331534 0.477899 -0.382843 -0.0214748 1.58502 0.645706 1.14626 1.00304 0.0167531 -0.0256925 0.650925 -0.129578 0.272907 -0.562876 1.53105 -0.599336 -1.77491 0.865458 -0.1365 0.0506248 1.37668 -0.153371 -0.327958 -0.53774 0.381486 0.448624 -1.82952 -0.944111 0.3491 -0.491679 -0.165988 1.30128 0.165451 0.51072 -2.00589 -0.602651 -0.0894894 -1.20981 0.136322 -0.324371 0.278626 0.903343 0.0912387 -1.89603 0.336371 -1.48542 0.415821 -1.38427 0.793445 2.06926 -0.490404 1.40243 -0.00471529 -0.331408 -0.966873 0.361574 1.73693 0.295598 0.444712 -0.28169 1.69057 0.0127056 0.152544 0.411702 0.888905 -0.60041 1.12124 -1.40524 1.50798 0.977716 -0.931147 -0.511168 0.316179 0.549612 0.0742134 -0.126453 0.909569 0.991308 0.492126 0.42963 0.802724 0.770751 -0.105866 0.0860898 -0.0546335 -0.0720004 -0.477889 1.03193 -0.884868 0.915513 0.749859 -0.899576 0.674951 -1.57396 -1.23987 -0.501018 -1.15278 0.260685 0.142971 -0.97985 0.488234 -0.741626 0.628877 0.602674 -1.27749 -0.113546 -1.125 -0.421143 0.297904 -0.142528 1.15828 -0.897441 0.241484 -1.01373 1.33578 1.1043 -0.641656 1.24493 -0.307146 -0.175078 1.25409 -0.177318 -0.364085 0.50489 -0.66153 -1.50896 1.24467 -0.141522 -0.519128 -1.12897 1.73677 0.66146 -0.0430504 0.171674 -1.44463 -0.832095 -0.123996 -0.470876 -0.599955 0.105705 0.977156 0.806783 -0.863734 0.11574 0.490541 0.472053 0.404379 -2.52337 0.231572 -0.628959 0.0564845 -0.997194 -0.471653 -1.49307 -1.36381 0.0445511 0.191856 0.953929 -0.605173 -0.636577 -0.29334 0.108064 -0.166397 0.415692 -1.30852 0.0429058 1.16268 -0.406802 -0.272905 0.623898 1.05279 -1.1229 0.581203 0.22385 1.70898 -0.360126 0.00863619 0.808967 0.340943 0.0907738 -0.819143 0.692153 -0.110134 1.53957 -0.788264 2.75648 -1.20403 0.765068 0.596477 -0.865002 0.258202 2.41182 1.12166 0.967914 0.466097 0.0587526 2.06395 -1.80249 -0.105721 2.81263 -1.85813 0.648587 0.443803 2.19984 -0.0470211 1.04317 -0.125924 2.18617 -0.747062 0.261651 1.60858 1.55649 -0.422176 -2.0384 0.277689 -0.14456 0.0543332 -0.559209 0.188445 -0.0104933 0.0496381 -1.97113 -1.96124 -0.200588 -1.50521 -0.868596 -1.58898 -0.0231927 0.150763 -0.340726 2.70973 0.837235 -1.418 0.632771 1.49951 2.50818 0.101784 -0.238054 1.36946 -0.112914 -1.90573 -2.43638 0.0515475 0.671739 -1.49141 -0.00143219 0.238247 -2.04292 0.515959 0.952653 -0.381762 1.0885 -0.0122484 -0.594685 -0.385035 0.121546 1.45367 0.462981 1.568 0.612165 -1.16657 -0.405906 0.937093 0.233649 0.575791 0.957253 0.0158239 -1.75934 -0.343584 1.06899 0.595845 -1.03631 0.698977 -2.6658 -1.6666 -0.126129 0.18332 0.433336 -0.881222 0.0670303 2.0786 -0.19303 1.16693 0.522723 -0.104828 1.0036 0.191239 -0.3381 0.626819 0.611403 -0.679658 0.872365 0.638502 0.861445 -0.2567 2.15182 0.537097 -0.999556 0.0825531 -0.22594 -0.361868 0.00233866 -0.354372 0.931912 1.98149 -1.34559 -0.361865 -1.27917 -0.301348 1.0715 -0.3613 2.39767 -0.0309008 0.117673 1.31602 -0.815432 -1.50635 -0.596571 0.847925 0.619374 0.131695 1.61721 -0.12182 -0.197443 0.486644 -0.4917 0.862242 -1.74359 1.10114 -0.489216 -1.83383 -2.64053 -0.684306 -0.324024 0.406316 -0.0925388 0.434869 1.22703 0.29026 -1.63232 1.01544 -0.156545 0.0869378 1.12137 0.709606 -0.354782 -1.47893 1.30862 3.33033 -0.245104 0.745044 0.466969 -2.04091 0.461248 0.0234679 -0.205739 -1.72532 1.16159 -0.263799 -0.021588 -0.873585 0.674519 -1.01139 0.00846357 -0.0882696 0.609744 1.12946 0.46201 -0.258631 0.0720521 1.21287 0.467172 0.0129723 1.64457 -0.400066 -1.19696 -0.441298 -0.216786 -0.325552 -0.150157 0.208398 1.76637 0.362914 0.897633 0.85551 -1.52977 0.76213 -0.671444 0.728221 -1.14585 -2.14589 0.803858 -1.85863 -2.05812 -0.487176 -1.23669 -0.34908 -1.10363 0.0368692 -1.53593 -0.131901 0.340524 -0.854693 1.46969 -0.823932 1.17967 0.847435 1.43749 -0.769144 -0.650565 0.105092 -0.272509 -0.552726 0.316961 1.3533 0.298371 -0.970578 -1.03143 0.211956 -0.532615 -1.38564 -2.80256 -0.611282 1.03269 -1.98767 0.774367 0.185187 1.58963 0.408735 0.116239 -1.44911 0.811973 0.0142558 -0.756364 -0.678816 -0.744522 1.64199 1.35671 0.691537 -0.110275 0.451664 1.35987 1.68496 -0.121967 0.376857 1.57697 0.546478 -0.057241 -0.204268 1.69615 -0.37622 -0.400303 -1.82452 0.333062 -0.296514 1.44212 1.61129 -0.951499 -0.579989 0.555627 -0.204231 0.883714 1.18753 -1.14471 0.696326 0.307552 1.29261 1.55315 1.15365 -0.361704 -0.0333852 1.52719 0.263996 0.257964 -1.36529 1.01902 -0.0892977 2.26397 0.168826 0.33747 1.30054 1.03424 0.156393 -1.87826 -0.755171 0.0557601 -0.14027 0.383559 -1.77747 -0.583232 -0.316419 0.772838 0.398793 0.655042 -1.32478 1.53379 -0.138747 -2.25342 -1.47629 -0.631359 -1.3198 0.0619366 -0.0482035 1.11544 1.52708 -0.492758 -0.23776 -0.172141 -1.52926 -1.65244 -0.516384 0.151572 0.580639 -0.0743279 -0.469564 0.672331 -0.119751 1.03265 0.0131127 -0.624103 -2.05145 -0.660223 0.76339 0.0692083 0.657467 -0.0443509 1.08092 -0.764344 -0.519079 1.46705 1.08999 -0.735871 0.179358 -0.54761 0.971619 0.255611 -0.0861739 0.749459 0.733004 0.563493 0.37271 -2.47826 0.134386 1.72343 -0.503359 0.677792 1.82478 1.74467 -0.553711 
0.00646841 0.811918 -0.345526 -1.15334 0.0743618 -1.06848 1.94513 -1.33818 -0.478537 -1.47344 -0.985747 0.0623917 -0.936216 0.573921 -1.13214 0.545359 -0.331285 -0.983535 -0.448169 -0.0515759 -0.771407 -0.905792 -0.831543 -0.328827 -0.888134 1.66438 -0.240014 0.599044 -0.903032 -0.82439 0.836903 -1.05397 1.05273 0.499639 0.712904 0.00559266 0.944417 1.75945 -0.773317 0.633874 -0.897838 -1.53951 0.461616 0.814211 0.574847 0.781912 -0.200066 -1.38657 0.0356579 -0.774223 1.30458 1.17863 0.443438 -0.0786446 0.0293319 0.472589 0.0131434 0.919127 -0.188186 -1.61006 -1.85411 -0.0175247 0.0964731 0.109832 -0.295026 0.714063 0.284549 0.225467 -0.119144 0.448148 2.0292 0.2829 0.444435 -0.429953 1.62051 -0.968968 -0.0867182 0.346543 0.134475 -0.814637 0.338423 -1.07204 -0.368723 0.367785 -1.2911 -0.118068 -0.384322 0.991276 0.162531 0.876528 -0.915872 1.03917 0.149755 0.211451 0.520628 -0.154891 0.645017 -0.572724 0.00351349 0.155337 0.281764 -0.331173 0.75644 -1.1704 -0.848465 0.421578 0.0628335 -0.436729 -1.12714 -0.384384 -1.01167 -0.724654 0.325284 0.132137 -0.226991 2.01364 -1.02654 -0.637298 1.04554 0.983816 -0.284074 -0.337972 1.67214 0.377204 0.656685 0.081626 0.491115 0.649084 0.727429 -0.493195 0.437922 1.27371 -0.458603 -1.48218 0.742592 -0.956022 -0.105434 -0.840223 -1.70261 -1.80961 0.0565591 -0.644803 -0.330385 0.290228 -0.527715 -0.0351387 0.146215 -1.1552 -0.653937 -1.44346 -1.66896 -1.48962 -0.792504 -1.30852 -1.07715 -1.44502 -0.127456 0.217159 0.669135 -1.51113 -0.427543 0.697334 1.29585 -2.80299 -0.276896 0.971771 1.32458 -0.57656 -0.762986 1.18812 0.887878 1.13298 -0.820044 0.311168 0.0476035 -1.11148 -1.55108 0.832022 -0.938638 -0.204208 1.02128 -0.362874 -0.539286 -1.00497 -1.3842 -1.59293 -0.154772 -0.827445 0.309463 -0.876163 1.26724 1.52291 -1.66272 0.826252 0.636685 -0.00316528 1.32123 0.81234 0.848009 2.38245 -0.480572 0.539774 0.531842 -0.00754774 0.443968 1.90151 -1.16885 -1.13448 -0.438061 -0.505427 0.24167 -0.56491 0.244475 -0.674942 0.744856 -0.273016 1.13563 -1.87791 -0.372577 1.17322 -1.37895 -0.936166 0.194826 1.37256 -0.673967 0.280153 0.329318 1.92005 -0.662952 -0.0777728 0.934455 -0.847139 1.22787 0.309555 -1.04617 0.269456 -1.10186 -0.403252 0.0979751 -1.1881 -0.131578 -0.759812 2.4605 -0.59375 -1.38248 -1.05073 -0.0806673 -1.53871 0.992563 0.551525 1.83991 -1.93391 1.10026 0.385037 0.847161 -0.899641 -0.00568657 0.575291 0.875841 0.0956419 -1.32955 -0.76703 1.58909 -0.334992 -2.61174 -0.538187 -2.05661 -1.41479 0.808814 -0.310702 -0.892465 1.25548 -0.433008 -1.30917 -0.101756 -0.198024 0.633524 1.95521 0.137567 -0.00411548 -0.374972 -0.0470577 -1.18396 -0.641567 1.25779 -0.215411 -0.229221 -0.422116 -0.750398 -1.18055 -1.00691 -0.20079 -0.132832 2.82558 0.523642 -0.893821 -0.331661 1.29198 -0.510695 0.927066 -0.390137 0.0180023 -0.288679 -0.170945 2.1439 -0.598333 -0.464011 -0.0318807 -0.308768 0.309517 1.71031 -0.620869 -0.731385 -2.4693 0.582473 -0.743859 0.231497 -0.295318 -0.562569 1.11789 0.31496 1.36665 -0.260853 -0.525035 -1.10048 -0.599528 -0.00726714 0.280685 0.78447 -0.388644 0.776743 0.388642 3.41923 -0.125705 -1.87132 0.883183 2.67571 1.00726 1.05647 1.29664 -1.54615 0.220997 0.613114 1.05742 1.60262 0.156539 1.19668 0.110329 0.357708 -1.90568 -0.533476 -0.558101 0.844998 -2.43878 0.539481 -1.93147 0.122611 1.03548 -0.52132 0.2632 -0.528966 -0.0600618 -0.258439 2.12964 -0.249281 -2.05622 1.8515 -0.466231 0.627085 -0.535455 1.35438 -0.881906 0.0696265 0.527498 -1.29299 1.4439 -1.8576 0.948895 -2.28899 -0.488453 -0.269294 0.851144 0.350613 -0.987247 1.66065 -0.651886 -0.151917 -1.39275 -0.92172 -0.880365 -1.20411 1.34901 -1.45724 0.266297 -0.545401 0.133077 -0.588696 0.77718 -0.0180908 0.399403 -0.526636 -1.08701 -0.553408 -3.21148 0.748251 -2.26055 -0.0105702 1.78187 -0.731767 0.516958 0.179334 -0.748108 -0.148142 -1.5802 0.252533 -0.446802 -0.802692 -0.791196 1.32134 -0.172404 0.217685 1.71366 1.62162 0.104366 1.94437 0.155828 1.67611 -0.259341 -0.692054 -0.918896 0.963209 1.2248 0.0388533 -0.101296 -0.294543 -0.113258 1.46728 -1.34361 0.7292 1.26151 -0.87013 0.807377 -0.0262606 -0.463474 1.26962 -1.46629 -2.59595 0.232996 -0.0237816 0.209785 0.35723 0.977777 -1.11751 0.616152 0.407856 -0.614763 -0.992315 1.09535 -0.123808 0.290115 -0.929801 -0.424256 0.107244 0.244026 2.25284 0.363757 -1.1611 0.386384 -0.359514 0.559202 -0.946378 -0.0839928 2.53838 -0.927642 -0.178713 -0.144149 -1.92658 1.90504 -1.53913 -1.97846 0.666632 1.00128 -0.123724 0.314503 -0.0514707 1.03576 -1.04927 1.83584 0.297285 -0.080816 0.261393 -0.460967 -0.179164 -1.02877 -0.413147 -0.718018 -1.84629 0.0181525 0.863973 -0.0915907 0.490821 -0.282133 -1.4583 -0.0992329 -0.0109498 -0.642848 1.9062 0.307928 -0.931246 0.884187 0.741478 0.194623 0.929916 -2.00053 -0.24091 -1.13215 0.450962 0.530431 0.93342 0.669815 -0.666625 -2.0765 1.29038 -0.741936 -0.0979995 -0.523042 1.17333 0.484873 -0.403812 0.789282 -0.262205 0.348301 1.97932 2.04876 1.8562 -0.781765 -1.56779 -0.49935 -1.65945 -0.555118 -0.622025 -0.663139 1.49309 -1.05137 0.467404 2.5977 0.0311096 0.0180331 -1.53549 0.564 0.0514331 -1.00186 0.225585 0.302249 0.451352 2.37669 2.1637 -1.32069 -1.01097 -0.345485 0.0915617 -0.697589 0.699623 -0.128553 1.09576 -0.300319 0.321209 1.39519 -0.300155 -1.97799 0.850336 0.0489406 -1.025 -0.765062 0.195086 0.156925 -0.135814 0.120182 1.06924 0.16717 -0.692991 -0.59775 0.56756 0.47587 -0.215104 -0.954203 -1.4421 0.781468 1.86578 0.661044 -2.02279 -1.7329 0.482278 0.363948 -0.451367 -1.83566 -0.605753 1.77619 -0.475254 0.105382 -1.3032 0.217607 -0.834845 1.03181 0.123386 0.253585 1.775 0.0453679 0.316525 1.40647 -1.23724 -0.504288 1.12558 1.01884 0.366675 0.170209 -1.22814 0.526686 0.710648 0.595396 1.25442 0.0854287 0.447542 -0.984138 0.319875 0.140696 -0.0550153 -1.34259 -0.0327267 2.25651 0.0821648 0.838123 -0.221403 0.153102 0.923794 -0.89115 0.265161 0.217069 0.448667 -1.71871 -0.0956246 -0.231891 0.133274 0.279906 -0.834044 -1.28964 -0.183619 -0.276286 1.2335 0.591562 0.172325 0.0123563 -0.398937 0.612367 0.0447854 0.423273 1.37129 -0.423459 0.153901 1.77322 0.990538 -2.04894 -0.906027 -0.096566 -0.659934 0.357833 -0.532598 -1.70881 1.16166 -0.144913 0.793819 -0.216867 -0.262093 0.927684 0.152294 -0.23853 0.12585 0.692051 -0.679716 0.318539 0.0340107 0.399243 0.843118 -1.53759 0.139499 -0.266767 -0.560823 1.00127 1.70115 -0.838789 -0.719668 0.460966 0.631786 2.30826 -0.128645 -0.61154 0.952593 2.33132 -0.670004 -1.88838 -1.0468 -0.598815 -1.03359 -2.0007 -0.424206 0.30647 -0.419453 -0.972226 0.196471 -0.060901 -1.02011 -0.0887184 0.0733983 0.00682344 0.423182 -0.172019 -0.981565 1.47297 -0.508619 -0.452443 0.807156 -1.41171 0.858156 -0.568814 0.981989 0.186124 -0.0735623 -0.763719 -0.437519 0.459197 -0.0804482 1.24179 0.607775 -0.685066 -0.426998 0.0093495 1.00776 1.00315 0.586268 0.00232655 0.529613 -0.612265 -0.215611 1.02538 2.15065 -2.22243 0.765719 1.01723 0.259126 0.874016 1.03664 1.78186 0.203161 -0.228356 -0.654352 -1.41863 0.245835 -0.396851 1.06177 0.384307 -1.43619 0.520966 0.462353 0.667137 1.14843 -0.471921 -1.06515 -1.1739 0.179099 -0.0523243 -0.0124751 -1.4941 1.35216 -1.2152 0.318147 0.610525 -1.79054 0.133352 -0.70468 1.84045 0.979954 -0.5585 -0.658028 0.196892 
-2.36056 -0.678877 -0.0705903 0.078635 -1.68846 0.704363 0.290484 0.983454 -0.0711266 -1.85815 0.990306 -0.0997423 -0.453946 1.45476 -1.14431 0.905179 0.865162 1.77953 0.649054 0.348862 -0.357648 0.627961 -0.887893 -1.62956 0.341782 -0.376844 0.289696 -1.47508 0.27655 -1.10764 0.424368 -1.44952 -1.22908 0.407545 0.316432 0.111436 1.23816 0.227148 -1.36003 -0.491629 1.74562 1.66299 0.523562 0.340561 -1.52 -1.27797 -2.39574 1.5313 -0.229972 -0.292741 -1.12587 -1.05999 -1.46949 0.473489 -0.595706 0.814179 -1.05133 0.631821 -0.117679 0.345577 1.49317 -0.333005 1.01031 0.189698 -0.40337 2.48314 0.980016 -2.13688 -1.63501 0.830621 -0.277919 0.759765 1.28709 0.184832 0.940321 -0.446679 -0.210746 1.23065 -1.51742 -0.862973 0.226229 -0.491809 0.208674 1.47532 2.26369 -1.1897 -2.11932 -0.363256 -0.21461 -2.18678 -1.12901 -0.401724 0.622637 -0.623321 -1.23944 -2.22851 2.11545 -0.136716 -0.286509 -0.632828 -0.287665 -0.184691 -0.318415 -1.48525 -1.43823 0.50721 0.136475 0.196459 1.47465 1.60925 -0.915063 0.462824 -0.911895 0.192062 -0.641604 0.326641 0.94973 -1.0679 0.00729688 -1.61871 0.539487 -0.972778 -0.299922 -0.482813 2.08761 0.660537 -1.23192 -0.11149 1.13069 0.414386 -0.904731 -0.436779 -0.147985 -0.316443 -0.76424 1.69984 1.97389 1.82195 0.64261 -1.25192 1.70229 -2.34563 -0.152383 0.343642 -0.852361 0.782265 -1.18304 0.28816 0.0174384 1.57333 0.713916 1.84 1.09646 1.59426 -0.495219 -0.963249 0.421309 -1.28111 0.346446 1.67633 0.288227 -0.217644 0.18325 -1.13317 0.596621 1.74499 -0.857152 0.456624 -1.02159 0.117956 0.595979 -0.938337 -1.20718 0.339265 0.983573 0.406254 0.774717 0.414368 0.571562 0.429839 0.633977 -0.859344 -1.20237 -1.95986 -1.0466 0.443806 0.318398 0.861266 -0.443186 -1.99685 -1.56298 1.85025 0.00405275 0.0445759 0.452386 -0.669244 1.1777 -2.3457 -0.240245 -0.429748 -0.236737 -0.392791 0.110262 2.01524 0.0805984 0.455136 -0.468834 -0.528622 -0.385723 0.842829 -1.59195 -1.2619 0.523383 -1.31488 -0.495361 0.16427 -0.268643 1.101 0.416756 0.4991 0.326317 -0.00759053 1.63273 -1.81861 0.773624 1.33252 -0.546938 -1.70508 -0.0342075 1.0954 1.18634 0.444569 0.329557 1.52144 -0.657631 0.391132 1.44209 1.58696 -0.333859 0.0931653 -2.31071 -0.50865 -0.247992 0.269348 -0.174141 1.24237 0.782615 0.808865 0.128902 -0.559043 1.2891 1.67261 -0.208605 0.299708 2.93546 0.694671 0.00265384 -1.13258 0.605808 0.722047 0.122674 1.48305 -0.796699 0.292183 -0.912444 -0.457379 0.145722 2.77191 1.42409 -0.0940454 0.971248 -0.321692 0.919618 -0.833175 0.457667 -0.923185 1.08892 0.838174 1.13166 0.114322 1.39057 -0.485198 0.375615 1.52355 -0.41359 -1.41614 0.375915 -1.13374 0.310313 -1.91193 -0.553086 0.847359 -0.288604 -0.910629 -0.31991 -1.40763 0.543501 -0.616292 -0.613935 0.639217 -0.792054 -1.51728 0.535928 -0.0643739 -1.26562 0.347145 -0.765411 -0.721258 -0.990493 -1.74404 1.94734 -0.141531 0.400819 -1.04055 -1.55266 -0.534027 -0.640393 -0.221073 0.691046 1.00819 0.760294 1.19079 -0.547009 0.445962 -0.752336 0.697293 0.463101 0.916055 1.42159 0.434793 0.281433 0.0272937 1.07777 1.40867 2.66602 2.12588 -0.571159 -0.203178 2.08575 0.00401321 1.7829 0.438184 -0.886294 -1.24548 0.206617 -0.378144 -0.0392852 1.09137 -0.860807 -0.0268527 -0.0546808 -0.818668 -0.467419 -1.27528 0.66858 -0.285073 -0.334471 -0.597348 -0.850781 0.816595 1.39859 1.46932 1.10241 0.0204252 0.0376773 -0.952802 -0.347446 0.27639 -0.794551 1.41909 -1.34382 -1.32157 -1.38899 -0.115079 2.06347 -0.146512 -0.562122 0.802174 1.83943 -0.201179 -3.23567 -0.0201104 -1.01044 0.808293 -0.873897 -0.787483 0.736606 -1.8419 -0.130803 -0.330865 0.477776 1.35239 -1.47942 0.84983 -0.0860905 1.90391 0.214945 -1.01214 -0.148061 1.37454 -0.239665 0.585338 -0.220372 0.196688 -0.302078 0.0783175 -0.9749 1.87052 -1.72231 1.86389 0.320742 1.14977 -0.124829 0.631886 1.28348 0.165198 -2.01312 0.185189 -0.108373 0.399823 0.0629674 -0.141609 0.397582 -0.262628 -0.666122 -0.831263 -0.319511 -1.64465 -0.391888 0.286535 -0.35393 -2.26472 -0.875761 0.312562 2.07411 -0.677464 -0.242256 -0.635764 1.51112 -1.05998 1.31381 -1.88975 0.891253 1.48151 0.0415911 -0.0354573 1.56984 0.174591 -1.83269 -0.48964 0.900547 -0.919029 0.83769 -1.49057 0.621057 -0.36591 -1.85956 -0.699458 -0.860706 -0.588457 -0.395125 0.259692 1.0585 -0.65896 0.0927624 -1.00723 -0.637482 -0.218802 -1.22574 -0.405627 -0.408064 0.975971 -0.191286 -0.464466 0.681786 -0.549255 0.844772 1.3165 -1.45405 -0.483422 1.06772 0.468088 -0.0706195 0.215712 -0.8118 -0.782138 0.551409 -2.28446 -0.496831 -3.0906 -1.32105 0.574986 1.581 0.926036 -1.5599 -1.17698 -0.953198 -3.49956 -0.356107 -0.649509 0.172674 0.0785789 -0.26482 -0.832234 -0.587035 1.9627 -0.64535 -0.0143377 0.222914 -0.813077 0.474939 -1.02718 -0.229838 -0.555482 0.468594 -0.492148 0.231102 -1.42725 0.113969 1.80097 0.145887 -1.62105 0.459408 -0.013035 -3.03227 0.231541 -0.519205 -1.06517 0.695622 0.48287 0.0742567 -0.0493128 -0.504705 -1.31823 -0.931022 0.965035 0.340329 0.889966 -1.01806 -1.75283 1.86994 -1.58546 -1.651 -1.15538 0.926082 0.209795 -1.56617 -1.54766 -0.0449465 0.184042 0.846024 -0.0728695 1.84982 -0.130117 -0.43505 0.138983 0.406279 -0.0508082 -0.104268 -0.126227 -0.15668 -0.937509 0.762719 -0.704092 -0.241406 0.0966861 1.45965 0.951568 -1.02939 -1.76312 -0.374641 -2.25852 -2.46995 -0.610986 -0.105972 0.966736 -0.15333 0.36056 1.78462 -1.35279 -1.59242 0.770756 -0.197538 1.02318 0.772051 -0.49767 -0.204724 -1.88335 -1.08845 1.00983 -0.449769 1.28751 0.403047 -1.01188 0.431732 -0.852667 0.162745 -2.70995 -0.230118 0.215762 -0.266694 -0.869952 -0.982911 -0.576125 0.40613 -0.431628 -2.09376 0.351546 0.840793 1.37943 -0.950186 0.760379 -0.141498 -1.4196 0.964506 0.276271 -0.785034 -1.45913 -1.86169 1.66065 0.378922 0.0560937 0.930445 1.35332 0.213803 -0.924417 -0.0323075 0.656546 -1.03101 0.719103 0.325891 -0.0146288 -1.34595 -0.018568 1.59154 0.607415 -2.09788 -2.35485 2.27442 0.0905416 -1.6949 1.32571 -0.115178 0.334249 -0.704227 -0.924077 0.451144 -0.532821 1.72957 2.39992 0.161136 0.355005 -0.575208 -0.118049 0.377606 0.0722168 1.05011 -0.43655 -1.52349 -1.1056 -0.272255 -0.0936058 -1.04124 1.16109 -0.95163 -0.991228 -0.205372 1.20104 -0.657052 1.19001 -0.439318 1.23347 0.793059 -0.227855 -0.109334 0.262127 -1.22267 0.229823 0.0428294 -1.07986 0.0519805 -1.36156 0.0720337 -0.488412 -2.09963 0.612832 -1.74144 -1.74232 -1.34276 0.669047 0.211437 -1.10716 0.582642 0.30758 -0.0225706 -0.610509 -0.163158 -2.92455 -1.89957 -0.183554 0.0573995 -0.822378 -1.44001 -0.20467 -0.831236 0.840352 0.735681 0.834311 1.15306 1.22964 -0.47044 0.184225 0.54958 -1.64745 2.57762 -0.813588 -0.0781468 0.563103 -0.0594218 -0.824661 1.05947 -1.45746 -0.556486 0.75626 -1.02622 -0.0449436 1.32437 -0.469289 0.255698 0.896522 -0.128179 1.06747 -0.0743313 0.0334508 1.44158 0.848867 -1.21293 0.302436 -1.02352 0.227436 0.781437 -1.03578 -0.125787 0.136513 -0.959084 2.56599 -1.40878 0.657542 0.202881 0.0113689 0.679203 0.511889 -0.286487 0.172583 0.256093 0.992798 1.19392 -0.843412 -0.202629 1.91029 0.479722 -1.22621 -0.314971 -0.189288 1.64372 -0.704058 -0.262005 0.506796 -1.82292 -0.883888 0.746354 2.13766 -1.38828 1.84169 -0.42119 -0.352234 0.314105 0.496274 -0.638885 -0.235078 -0.696807 1.0647 -1.1779 1.21767 
-0.0440184 0.864561 0.0936111 -2.12514 -0.559669 -1.5744 -0.243969 -1.09213 -0.658954 0.470086 -0.332114 0.416427 0.656215 -1.44898 -0.0215772 -0.986807 1.62714 1.62563 -2.23187 0.742394 1.09481 1.62558 -1.77316 -0.0955815 -0.952823 1.67395 -0.850718 1.01837 0.306709 1.01371 -0.389363 0.230452 -0.489909 0.944636 1.25597 0.0169235 0.727319 -0.976267 1.29613 -0.113984 -0.156591 0.652841 0.39669 -0.084438 0.807296 2.06119 -0.327424 -2.7665 -1.08538 -0.122606 -0.0173515 -2.07703 -0.690156 0.899416 1.9379 -0.566516 0.853893 -0.846516 0.687115 -0.786623 -0.394319 0.298082 0.722843 1.57079 0.25519 -0.643163 -0.956673 0.160374 -0.170104 0.597706 -1.19453 -0.491203 1.18702 1.03334 0.196265 -1.15751 0.786784 0.536789 0.112376 0.126778 0.980918 0.459838 -0.579821 0.95333 2.2329 0.471878 0.467602 -0.142428 -1.05811 1.12104 -0.356945 -1.78871 0.697611 0.890174 1.32506 0.261221 -1.23878 1.37816 0.437867 -1.29893 0.792837 -0.440545 0.691162 0.52615 -0.399892 -0.332507 0.316785 0.815453 1.43066 -0.045932 1.55612 0.180986 1.69261 -1.04552 -0.49203 -0.359372 0.0393503 -0.520115 -0.0117608 0.529662 -0.567251 0.539439 -0.831053 0.0314078 -1.9828 -1.03359 1.28759 -0.707852 0.00111513 -0.321183 0.0867506 -0.437197 1.23951 -1.67378 -2.63921 -1.29942 0.764783 -1.23511 0.861932 -0.36165 1.3465 -2.33365 0.313565 -0.327044 0.186075 -0.298636 -0.178 -0.172803 -0.959156 -0.874833 -0.641044 -0.0453111 0.864212 1.40956 -0.494372 -0.303187 0.0482385 -0.649447 1.25167 0.728765 -0.526315 -1.0372 1.11681 -0.051398 0.0919811 -0.668746 -0.422873 -1.04285 -0.0945043 0.0823177 0.295053 -2.00726 1.20075 -0.504035 -0.0850576 -0.773625 0.317616 -0.689036 0.0483168 0.50698 -0.17884 -0.00912491 0.92124 -2.30467 -0.516233 1.4747 -1.13529 0.395009 -0.53547 -1.1785 0.255826 0.55927 0.65461 0.390694 -0.960915 -1.20329 1.3694 0.467969 -0.108682 0.612447 1.38102 0.635252 0.775154 0.343507 -0.738878 -0.707346 -0.75759 -0.564448 -0.219652 -0.714163 -0.093126 1.11774 1.28367 -2.14994 -0.792112 -0.729104 -1.03469 0.0840164 -0.461517 0.106103 -0.763289 -0.15266 0.129491 1.05909 -0.439082 -1.09606 -0.397887 -2.30644 3.21676 1.60902 0.381887 -1.00145 1.30143 -0.277293 1.11759 -0.215246 -1.03463 -0.767164 1.81531 0.887403 -1.09597 0.616934 0.834502 1.36 -0.0991045 -0.320285 -0.535771 0.385802 -0.655973 -0.308099 0.935574 -0.171572 0.679245 0.490659 0.927142 -0.310739 1.58162 1.5759 -1.76079 -0.333464 -0.343209 0.429001 0.0517408 -1.26837 0.476671 -0.775679 -1.88758 1.46189 0.530813 -0.401779 0.856025 -0.253528 0.667134 -1.83362 0.47533 0.078909 -0.0494301 0.634435 -0.142493 -1.18013 -0.102966 -0.389972 0.618199 0.142917 0.232441 -0.183256 0.455582 -0.312582 1.39525 0.0471738 -0.754297 -0.272892 -1.57019 0.95099 -0.493482 -0.65898 1.88908 1.38758 0.271368 2.39441 -1.87872 0.363907 2.96064 -0.148194 0.511645 -0.737382 0.582902 1.49763 0.275559 -1.1807 -1.13871 -0.42082 0.283548 0.378846 -1.5789 0.120359 -0.748238 -0.212156 1.90326 1.73888 1.34727 -0.808559 -0.712422 -0.655313 -0.106988 -0.471517 1.16939 0.831276 0.590015 -0.638503 -0.767077 -0.233099 1.51434 0.415428 1.88185 0.10374 -1.6194 0.0826853 -0.439755 0.930023 1.19229 -0.711468 2.06677 -1.01147 -0.279368 2.3446 -0.0118201 1.67881 0.370881 -0.191979 0.0208991 -0.0090457 -0.563278 1.22348 -0.812816 1.75161 -0.233292 -1.89856 1.12683 0.145306 -0.819141 1.35889 -0.546433 0.0765914 0.785502 -0.338778 -0.0516818 1.29144 0.0718625 0.0858552 -0.0509494 0.395585 -0.387033 -1.40172 0.00363474 -0.861663 0.511086 0.986878 -0.715323 -0.805603 1.53251 -0.859051 -1.30648 0.576717 -0.221006 -0.527461 -0.123404 -0.326439 0.297086 -0.301651 2.12728 0.834336 0.0204134 -1.10844 -1.59064 -0.701975 0.895471 -1.78132 0.197339 -0.488996 1.61954 1.09962 0.821718 0.48827 0.367857 -1.64594 0.562421 1.24065 0.298344 -0.505402 0.297578 -0.170705 0.295514 -0.921678 0.935047 0.79361 0.637891 0.00941153 -0.557169 0.664653 1.77348 -0.475487 -0.53124 -0.690861 0.616435 -0.392979 -1.33052 -1.20142 -1.20205 -0.542387 -0.171421 -0.956188 0.730599 -0.925681 0.0467414 -0.177617 -0.757424 2.86322 -0.706651 -0.263714 1.32979 1.08085 -0.797036 -1.66157 -0.56196 0.381496 0.70459 -0.465569 -0.875217 0.225371 -0.127828 0.330225 0.757994 0.42898 -0.738742 -0.169623 0.749269 0.161389 -3.1099 -0.0534253 -0.964343 1.07672 0.514934 0.28524 -0.301961 -0.424546 -1.15366 0.289969 0.459138 -2.13456 -0.214124 0.392882 -1.63822 -0.259482 1.62611 -0.412565 0.813037 0.279899 -2.09449 -0.740928 -0.670726 -1.15192 -0.382043 -0.803625 0.47263 -0.612933 -1.53099 0.0896697 -0.645015 -0.700427 -0.992525 -0.867302 -1.56875 0.0692374 0.404157 -1.57599 0.602319 2.24532 -0.121536 -0.879452 -1.06448 0.832834 -1.0531 0.51385 0.334508 0.802137 -0.0699287 0.6697 0.463057 1.18427 -1.36636 0.290624 0.952296 0.207586 0.440754 -0.757452 -0.244411 -0.0124592 1.34178 -0.0570664 -0.027706 -0.912544 0.964417 -0.381996 -1.00095 -0.696564 -0.17765 2.37727 0.370024 -0.276345 1.41814 0.139375 -0.910504 0.164094 -0.374854 -1.72642 0.299263 0.349786 0.146751 -2.59563 0.414885 -2.26376 -2.59575 -1.10779 1.40803 -0.654815 1.12914 -0.771401 0.104837 -0.600532 1.59623 1.94117 0.20363 0.763694 -0.786747 -0.696369 0.0681313 0.686291 1.14162 -1.52294 -1.15296 -0.387905 0.240351 -0.946485 -1.23396 0.268641 1.12679 2.7084 1.31767 1.6273 0.661343 0.458581 -1.40616 1.45809 -0.474448 -1.40617 -0.217619 -0.0252488 -0.0594068 2.18197 -0.588191 1.0679 -1.56779 1.01148 -0.280317 -1.99435 0.587777 -1.26208 0.927324 -1.24439 -1.06444 0.780914 0.367459 -2.27129 0.100947 2.0317 -0.216614 0.780901 -0.00223843 0.630035 1.22226 -1.02605 -0.574732 -1.23176 0.667464 -1.06429 1.12432 0.293854 -0.711304 0.480306 -0.744183 -1.31004 1.56621 -0.357561 -0.570001 -0.304579 0.681204 1.34831 0.290019 -0.329508 -0.730348 0.181506 0.910248 -0.41865 -0.407848 -0.335103 1.23096 0.441049 -0.398835 0.79742 0.449499 -0.882611 -1.5514 0.0587137 0.934058 0.935325 -1.27751 0.508779 0.281538 -0.346388 0.32924 0.221648 -0.178077 0.977977 0.691095 -1.08262 0.590535 -0.492143 0.235679 -0.9487 1.78283 1.95521 -0.680274 0.382535 0.0226892 0.123037 0.955726 -0.88601 1.96341 0.47202 0.391767 0.618179 -0.510949 1.63669 -0.326442 2.82956 0.743946 -1.23953 0.0204861 -0.546332 -0.546098 0.14056 -0.434803 -1.09638 0.278356 0.521627 -0.678728 -0.654441 -0.0764641 -0.547209 1.18116 0.0666232 1.29718 0.19864 0.0923002 0.401151 -1.32108 0.537744 0.788957 -0.0621145 -1.42303 -1.36008 -2.36108 -1.27106 0.367866 0.885205 0.971479 -0.734072 0.470557 -0.617971 0.428217 -0.355787 -0.383334 0.477739 0.284077 -0.296833 0.915863 1.46063 0.781143 -0.0802561 -0.434397 -0.527798 -0.98752 -1.23988 0.566977 0.471506 0.118865 0.0166961 -0.799614 0.0856596 -0.244552 3.82726 -2.3003 0.595655 0.0255185 -1.30159 -1.1915 0.998313 0.342377 -1.24678 0.171665 1.18791 -0.565809 -0.441452 0.717403 -1.94599 0.947072 -0.0599988 1.18361 0.68604 -1.21158 -0.578127 0.157677 0.421037 -0.445488 0.329715 3.33021 -1.91035 -0.627441 -1.93044 0.0287356 0.788555 0.67323 -0.264948 -2.29826 -1.58893 0.887612 1.30004 0.0951153 0.0775688 -1.16093 -0.205706 2.92473 -0.897699 -0.0511716 -0.972217 -2.88334 0.700993 0.687882 -1.11562 0.0623911 -1.41069 -1.84502 0.0577308 -0.231704 0.143523 -0.875834 -0.0800861 0.330294 -0.0664575 1.37077 0.155336 0.542652 -0.0593167 
1.5439 2.11168 -0.00777334 1.27134 -0.673847 1.10586 1.09758 -0.41507 -0.302769 0.230189 -0.374101 0.899467 0.316026 0.0423771 0.50837 0.125197 1.85392 0.242471 -0.625293 -1.62638 -0.921891 -1.6159 0.287325 1.62496 2.32613 -0.686198 -0.896839 0.328932 -0.379634 -1.84625 0.015953 1.08564 -1.9855 1.00061 -0.170121 1.83678 1.13807 -1.68358 -0.791359 -1.01678 -0.363595 1.09754 -0.731061 0.368535 -0.462428 1.52627 -0.0503388 0.241663 0.198519 -0.601812 0.1929 -2.17245 -0.0206555 0.862894 -1.5482 0.612045 1.00156 -1.35495 -1.87486 -0.533721 0.650617 -1.05678 -0.330285 0.494736 2.28698 0.0776055 0.862325 -0.4213 -1.13225 0.0366492 -0.466984 0.255761 -0.845519 0.381946 -0.368539 0.108725 0.82743 -0.430721 -0.0835584 -0.445278 0.589519 0.0453722 -0.647008 1.25704 -2.16492 1.72332 0.434657 0.837042 -2.03154 -0.547882 0.766858 0.768819 1.1571 -1.09124 -1.53598 0.376371 1.02026 -0.520954 -0.161665 0.728978 0.317444 -1.75098 -0.180232 -1.61923 -0.02807 0.340779 -0.0653907 0.623097 -0.803798 -0.473847 0.331109 0.847256 0.562443 -0.99696 1.30432 0.0380605 -0.582573 -2.06364 0.0770239 -2.61274 0.811781 0.552241 -1.12258 1.19144 -1.3468 -0.720716 0.799961 0.00852454 -1.13466 0.851052 -0.946902 -0.539855 0.739161 -0.861174 1.87672 -1.19469 -0.386189 -0.634565 -0.253307 -1.63795 1.50127 2.09815 -1.6291 -0.689777 1.69809 0.857383 0.460797 -0.308353 0.176294 1.27723 -0.962227 0.301416 -1.18085 -0.309252 0.150184 1.18718 -0.690618 -0.00563079 0.755453 0.431929 1.86886 1.43954 -0.710929 -0.823658 1.07306 -1.30948 -0.0315102 0.124183 -0.687638 0.90811 -0.543985 -1.08647 1.46734 0.512336 2.69737 0.616172 0.039948 -0.695247 1.44888 -0.344804 -0.786495 -1.7125 -0.328434 -0.658902 1.29664 0.257239 -1.01287 -0.909686 1.61436 -0.297028 0.526344 0.908514 1.05189 -0.551344 2.78897 -0.101959 1.48835 -1.04833 1.96161 -0.249235 0.0661867 -1.23192 -0.0259087 -1.10307 0.19575 -1.12502 0.134786 -1.68277 1.72687 0.244305 -0.661731 1.31988 -0.244784 -0.255397 0.237456 -0.46724 0.531228 1.06895 0.407244 -0.310892 -0.790217 0.402143 0.0436629 -1.45339 -0.889928 1.54712 1.70682 0.421489 2.04722 -0.0749471 0.661519 -0.799119 -1.07599 0.433286 -0.383209 -1.17111 -0.0352822 2.20902 0.0565381 1.2026 -0.0734085 1.3954 0.830893 -0.0705377 -0.622885 0.644875 -0.612284 1.13882 0.66731 0.875073 1.09767 0.380537 0.230723 -1.21826 -0.164221 -0.613118 0.590494 0.472428 0.779841 1.60191 -0.441716 -0.730667 0.441717 -0.183147 1.69469 1.25807 0.970179 1.05187 1.17409 -0.780336 -0.119013 -1.72707 0.812601 0.559716 0.502135 0.93899 -0.492801 0.868626 -0.974082 -2.08401 0.583297 -0.863335 1.34599 -0.463637 0.427226 0.300661 2.18277 -0.225501 -0.217144 0.487429 -1.16346 0.395722 0.281192 -1.8664 0.0474609 -0.0231527 1.25548 -1.84485 0.00776271 -1.18848 -0.892631 -0.358251 -0.213222 0.49353 -0.523547 -0.0140664 -0.61583 1.16118 0.170368 -0.387291 2.73373 0.774463 1.19575 -0.259845 -0.0573175 0.563281 -1.40379 0.655294 1.66321 1.26592 0.409976 0.789257 -0.526349 1.15883 1.65854 0.0472254 -0.863464 0.07321 -0.593816 -1.27415 -0.0858394 0.0367398 -0.555245 0.396329 0.338809 0.318783 -0.146247 0.0659781 1.79876 -0.429704 0.407849 -0.441171 0.331936 -0.641115 -0.310482 -1.6393 -0.169012 0.894434 0.879569 -2.05187 -1.53946 -0.507824 -0.3193 0.985694 -0.637868 -1.4424 0.203763 -0.114594 1.68278 0.643648 1.1773 1.10743 -1.11144 1.12863 -0.379874 0.775805 -0.271692 -0.415837 0.771602 0.390637 -0.957971 -1.18804 -0.358116 1.14354 0.518128 0.824258 -1.72139 -0.171482 -0.313475 -0.944674 0.516623 0.627128 0.876701 -0.786099 0.72769 0.0576526 -0.82007 -1.33409 2.12948 -0.7006 0.664098 0.349102 0.883712 -1.10656 -0.793352 -0.471088 -0.452955 -0.130411 0.89194 0.0504613 1.16398 -0.441761 -0.5563 -0.388105 1.06999 -1.73518 0.367804 -0.981551 -0.0332812 -0.194883 0.77588 1.15121 0.125725 -0.323145 0.417267 1.6334 -1.595 -0.222374 0.91911 0.352361 -0.856152 0.965056 -1.30777 1.60463 0.916176 -1.02832 1.192 -1.06972 -0.998731 -1.3926 -2.26119 0.680643 2.27535 0.986934 1.17938 0.117216 0.451211 -0.674084 0.134096 0.834846 0.115499 1.95951 0.0805462 -0.496027 -1.60099 1.45806 2.23359 -1.48907 -1.11405 0.217248 1.39699 2.71788 -1.81012 0.247789 -0.472563 2.14737 0.880589 -0.0737373 -0.875222 0.863305 -1.3926 2.05135 0.436841 1.32631 -0.838226 2.13593 -0.738496 1.08337 0.895552 -0.941043 -0.605371 -2.05959 -0.806791 -0.6077 -0.700278 1.67132 -1.60325 0.31075 0.483938 -0.20458 1.59126 -0.23942 -1.33194 1.29629 0.859263 -1.89153 -0.784734 -0.404447 0.490585 0.0940783 0.209305 0.723659 0.027926 0.605941 0.206735 1.3281 0.348038 -0.601468 -0.152421 0.541426 -0.91278 0.61051 -0.787303 -1.03526 0.284727 0.680167 0.449346 -1.10932 0.859557 -0.499806 0.562382 0.740549 0.418713 -0.0135091 0.79887 0.027481 -0.481358 1.67574 0.419365 1.47159 -0.0843555 0.527723 0.657175 1.17567 -0.0682873 -1.28724 -0.401604 0.910748 0.241733 -0.784782 1.03457 -0.177807 -0.417054 -0.511987 0.740862 -0.87808 -0.225576 1.70103 -1.20105 1.0879 0.856946 -1.60379 -0.850712 0.715502 0.300113 -1.70869 1.38512 -1.74779 -0.675257 0.967779 0.00614315 0.834754 2.12535 -0.141428 0.795606 -1.63248 0.580501 -0.669497 -0.391475 0.481747 1.00589 3.39919 0.968015 2.26588 -1.07954 -2.41445 0.0350645 0.481085 0.384539 -0.558717 -0.76453 -0.556329 -0.530558 -0.0322837 -0.316747 -1.42051 1.07985 0.0435109 0.899861 0.248983 1.25415 0.318857 -0.762674 0.488276 -0.801303 1.87644 0.488166 0.221726 0.0429315 -0.504641 0.949556 0.565514 -1.11084 -1.69167 -0.0949088 0.793533 -0.190642 0.93878 -0.0365818 0.167915 -2.1683 -0.348273 -2.37519 1.37092 0.840089 -0.325503 0.341232 0.97921 0.159246 1.55222 -0.0629005 -0.30287 -2.06874 -1.00781 -1.20386 1.63256 1.28089 1.6072 -0.721501 -0.502014 -0.474745 0.603518 -0.0251598 1.52746 -2.56716 -0.933281 0.870597 -1.17132 1.21919 -0.679126 0.837529 -0.0308041 -1.06468 -2.06517 1.48335 0.401763 -0.440765 -0.468287 -0.768016 0.417016 1.40288 0.943464 1.97434 0.0160154 -0.772164 -1.08774 0.335212 0.381596 -0.173038 0.816486 -0.56258 -1.73645 -1.67617 0.464824 0.621098 0.9453 -0.518956 0.0540885 0.341106 0.916375 -1.87147 0.0212597 2.38397 2.38842 -0.830488 -0.608761 -0.307405 0.718261 -0.96072 1.0533 0.575093 2.78575 -0.0216674 -1.21917 -0.00335623 0.642273 -0.0920044 0.314843 0.285872 0.394188 -0.324304 -0.457086 -1.61078 0.455091 1.11861 0.4229 -0.741036 0.0377919 1.41848 0.401128 -0.29308 -0.609318 2.69032 -0.513161 -0.960375 -0.376157 -0.348679 1.70745 1.58697 -0.877442 0.534766 1.37646 -0.326725 2.12824 0.277418 -0.655615 -0.746559 -0.207231 0.919858 1.17925 0.210022 0.637526 0.153631 -1.45046 1.26518 -1.58706 -1.22437 1.1858 -0.729582 0.401098 -0.992444 0.804047 0.583873 -2.93704 1.45491 0.83353 1.03839 1.10773 0.30863 -0.508841 1.80761 -0.491629 0.186831 0.431309 0.158897 2.44395 -0.363283 -0.281098 0.501307 0.00673061 0.83395 0.973471 -0.843949 -0.494881 0.509864 -1.04588 0.602113 1.66568 0.582959 -1.21477 0.117227 0.331113 -0.367959 -1.63289 -0.903227 -1.37596 -0.857937 -1.33765 -1.85214 -0.726514 0.128358 1.27881 0.624445 0.777117 -0.277776 1.68241 0.818648 0.183697 0.658978 -1.19053 -0.819132 0.715336 0.0716967 -0.556427 -0.622596 -0.844188 0.923831 -0.86253 0.0785041 -0.736142 -0.257222 -1.71171 -0.825782 -0.579407 
-0.113763 -1.90834 0.558496 -0.356139 -0.711533 -0.427624 0.705908 -0.92884 0.599812 0.203242 -0.524466 -1.6042 0.192179 -0.81646 -0.573862 1.57038 0.0999774 1.15254 0.717579 -0.614632 0.853517 0.536902 0.111376 -0.0545028 0.414131 0.525246 1.18309 0.0992694 1.6435 -0.235099 -0.660161 0.918736 0.471289 0.219819 -0.154915 -0.454821 0.165811 1.90601 0.368833 0.983829 -0.254779 -1.11443 1.11014 0.618199 2.36337 -1.20546 0.13057 -0.129826 0.342691 0.537723 0.794989 -0.923637 0.577311 -0.784185 1.60205 0.000641404 1.62072 1.57925 0.794221 0.425382 0.625834 0.487763 0.879406 -0.909516 0.232961 0.555629 -0.856111 -1.89031 0.846359 1.23939 0.159313 1.02746 -1.36189 -0.0373748 -1.87829 0.826095 0.857412 0.381371 -0.270017 -1.02102 -1.62108 1.53919 -0.381336 0.539824 0.685968 -0.438863 -0.202315 0.817258 0.658474 1.04489 0.0267972 -2.32242 -0.212149 1.82528 -0.502711 -1.62621 -1.38034 -0.465758 -0.952893 1.28233 -0.643353 0.466002 0.478633 -0.715949 -0.498523 -0.466939 -1.11359 0.913534 -1.13399 -0.663361 -0.513791 -1.64751 -0.295888 -0.410099 0.401832 -0.322737 0.346966 -1.20582 -0.439091 1.21996 -0.53695 -0.819135 -0.350338 0.711316 -0.916387 1.25854 0.639777 -0.802741 -0.549816 -0.221544 0.492218 -0.161926 2.06569 1.53888 1.3854 0.530147 0.538211 -0.494165 -1.95464 1.17678 -1.34165 0.150031 -1.49395 -0.62134 -0.0319126 0.421062 -0.567494 -0.888085 0.37127 0.197479 -0.202267 -0.116335 -0.58801 0.941404 -0.355198 -1.65486 -1.1362 1.97442 -1.06262 3.17297 0.528665 -0.242923 0.328103 1.44382 0.931481 0.0500249 0.999247 -0.026084 0.193072 -0.414771 0.615612 0.991812 0.351636 0.134852 0.562566 0.270676 -1.49781 -0.0494774 1.19876 -1.65047 0.770899 1.70875 0.476685 -0.487025 0.0847745 -0.667512 -1.40619 0.21886 0.287532 0.492084 0.896 -0.717914 -0.881218 1.09391 0.486581 2.03594 0.564577 0.803708 -0.448276 0.0798133 0.517161 -1.56113 1.25374 -0.533347 0.353796 -0.682471 -0.610216 -1.08064 -1.27451 0.980997 0.0931217 -0.990223 -0.922229 -0.377002 0.395786 0.579944 1.51255 -0.803397 -0.140361 0.679791 0.155956 0.456286 -0.224365 2.04224 -1.19465 -0.210108 -0.0743328 -0.113278 2.25069 -0.599048 -0.480433 0.364749 -0.324695 1.04289 0.139781 2.0321 -0.0386774 0.41028 -1.18122 -0.0789112 0.114524 -0.386528 -0.059832 -2.04484 -1.26619 0.0518365 1.70876 -0.630564 1.59588 0.159176 -0.959029 0.460939 -1.20751 0.66539 -1.4569 0.00278933 1.10738 0.481082 1.20065 0.521111 -0.719385 1.04771 -2.03587 1.20686 0.852372 -0.54718 1.94492 -1.27918 2.44404 0.010918 1.24355 0.649745 -0.0741728 -0.0176464 1.11369 1.22944 0.933328 0.608334 -1.64072 -0.424215 -1.63423 0.267398 0.210718 1.31398 0.305641 -2.88212 -0.281024 -0.141905 -1.21836 -1.05262 -0.301633 -0.618244 0.0100675 -1.74349 1.64077 0.691622 0.0875609 0.65662 0.157779 -0.156767 0.130918 -0.933728 0.80033 1.1849 -1.90381 -1.48746 1.07498 1.84149 0.798646 -0.100363 1.45384 0.470153 1.0968 0.978137 -0.334001 -0.600884 0.138428 -0.440622 -1.03372 -0.888766 2.06419 -1.24832 -1.10322 0.988894 -1.73251 1.68486 1.37618 0.180732 0.796791 0.0930654 -0.648463 1.55837 -1.47023 0.174774 2.70759 0.424618 -0.150819 0.661065 0.860882 -1.09126 -0.545721 0.705491 -0.489241 -1.31228 0.139174 0.87479 -0.651312 0.179006 -0.814006 1.69017 -1.28415 -0.117925 -0.271645 1.68657 1.09532 -1.80322 -0.569642 0.707744 1.19476 1.37837 0.645701 -0.213956 0.55973 1.87197 1.00979 0.404256 0.986944 -0.765681 -0.663631 -0.446079 -0.834261 0.908028 -0.592471 -0.42866 1.16504 -0.0766903 -0.238334 2.09812 0.506019 -1.82458 1.0762 1.98075 1.47784 1.77691 -0.745177 -0.484547 -1.7114 0.418013 -0.0262138 -2.77602 0.472467 -1.04449 1.41447 0.217473 -0.0717415 0.0228869 0.0345699 0.867596 -0.299221 -0.586816 -1.01702 2.32088 -0.136852 0.252627 0.476274 -0.357192 -0.0683169 -0.0659194 -0.851516 0.232191 -1.24517 -1.54016 -0.346178 -0.776731 0.21694 -3.13779 0.615968 0.509537 1.131 1.09854 -0.906132 -0.525492 -0.161228 0.822207 -0.269589 -1.52667 2.71502 1.0887 0.344607 1.67161 -0.320265 -0.355892 0.36526 -1.74185 0.978201 1.17499 -0.474929 0.315412 -0.982395 1.46436 0.214423 0.0445125 -0.637405 0.132997 1.45619 -0.531844 1.35592 -1.6557 0.752726 -0.201969 -0.157921 -0.125452 1.0439 -0.545175 0.382274 0.353602 -1.20708 0.22627 0.305461 0.250438 0.678364 0.431248 1.49393 -0.0613328 2.20933 0.331077 1.48603 0.17222 -0.144362 0.229376 0.402542 0.12407 0.381363 1.99684 0.338624 -1.37015 0.499895 0.179562 0.828653 0.340418 -1.75062 -2.5997 -0.8999 -1.38684 0.841341 2.00744 -0.705477 1.74435 0.106378 -0.511492 -2.13968 0.335813 0.796524 0.537008 1.1461 0.753429 0.178669 0.569497 -0.791264 -0.527841 0.0189441 -1.56277 0.552005 1.01346 0.0702163 2.4322 0.56737 1.07102 -0.426472 -0.542389 0.0316181 -1.22833 0.299701 0.811923 0.204088 0.20741 1.28376 0.813253 0.650039 -0.0214586 0.193129 0.129311 1.37731 -0.870074 -0.441318 -0.154738 -1.84374 -1.38105 0.412787 1.06879 -0.491542 -0.895236 -1.35084 -1.10755 0.0195996 0.740442 0.281027 0.223089 1.96382 -1.79828 -0.137692 0.618608 0.0146532 -0.268819 -0.471622 0.221832 0.703869 0.417212 -0.208679 0.0373076 -0.574357 -1.68872 -1.27662 -0.906748 -1.60946 -0.0384833 -1.34942 -0.881731 -0.616456 -0.199791 -0.734446 0.3306 0.676459 1.38548 1.22393 2.1486 -1.70702 -0.767991 -0.145169 0.802909 -1.0331 0.762092 1.65404 1.2422 -0.601116 0.162359 1.42277 1.7711 -1.51467 0.132989 -0.771129 -1.08606 -1.43942 0.609386 0.268994 0.802043 1.16355 -0.011477 1.13704 0.291293 0.44898 -0.073494 1.53876 1.17429 -0.150867 0.0550927 -0.4725 0.330729 -1.35027 -1.00885 -0.779471 1.78898 -0.556273 0.764177 -0.761152 0.633597 0.412467 0.116343 -0.131223 -0.126406 0.553484 0.866402 -0.996443 -0.716976 0.343272 -1.21023 -0.432958 -1.88144 0.899377 1.53409 -0.962293 -0.944954 -0.30128 -0.335498 0.853852 -2.05193 2.65215 0.863015 0.312192 0.0770517 1.60416 -1.14353 -0.620608 1.85567 -0.879384 0.945562 -2.85078 0.221944 1.42965 -0.813653 0.693215 0.114426 -0.163389 -2.33833 0.919459 -0.918144 0.631407 -0.733236 0.45695 0.569383 0.256369 0.982601 -0.287629 -1.68215 0.370139 1.61809 0.702418 -0.715599 0.772823 0.224559 0.762696 0.32415 -0.645821 1.42338 0.0779988 -0.110811 -1.81436 2.32644 -0.892893 -0.709539 1.62889 -1.19602 -1.67906 -0.75206 1.00739 1.87423 -0.644995 -2.26327 -1.25356 0.51792 -0.367955 0.336569 -0.367389 -1.08277 -0.0770267 0.242491 0.352023 -0.865143 0.711177 0.667881 0.661999 0.675121 0.875745 -0.916694 0.317535 -0.806914 -0.410352 -0.380934 -0.868878 0.70782 1.72425 -0.0436468 -0.993489 0.0538061 -0.550608 0.993135 1.37122 -1.26596 -1.94395 -0.445149 0.887618 1.56262 -0.748697 1.01569 2.88895 -0.252945 -1.60981 0.916025 -0.546042 -0.930994 -1.57859 2.17465 -0.322747 1.26624 0.487741 -0.956271 -0.223141 -0.809265 -0.633439 -0.681021 0.988923 0.0840936 1.40637 -2.76892 0.575715 0.878572 -0.144123 0.0696409 -1.46096 -0.308575 -2.34353 -1.13801 0.0638899 -0.130864 -1.36416 -0.620339 -0.284441 1.34374 -0.0759379 -1.54441 -0.3869 -1.71757 0.861568 -1.40897 0.73427 -0.433428 -1.67605 -1.41391 0.844997 -0.622145 0.973032 0.972135 0.4795 0.976872 -1.4499 1.53803 -0.145167 1.02056 0.827568 0.611541 0.0556151 0.83129 -0.345182 0.884909 -0.465032 1.05042 0.151417 1.04447 0.48248 -1.02297 0.557065 -2.30636 0.627224 -1.81061 
-0.0164492 -0.35477 -1.7252 1.34032 2.06077 0.443715 0.767454 0.677571 1.60234 2.30397 -0.874438 0.787526 -1.19536 -0.347322 1.24348 0.27336 0.167314 -0.254113 1.49599 1.14992 1.09825 0.966077 -1.75304 -0.510642 0.391993 0.722312 -0.270783 -2.26815 0.422703 -1.04121 -1.96729 -1.66656 0.774343 1.08368 0.393757 -0.206956 0.586062 0.326716 1.51728 -0.335122 -0.522625 -1.86153 0.550408 -1.52163 0.493276 0.0218144 0.841497 -1.03105 -0.0951086 0.144541 -0.782487 -1.26954 -0.0515706 -0.328329 1.07502 -0.0898168 0.76873 -0.772883 -0.428571 0.349008 -1.06232 -0.772885 -1.22683 1.77259 -0.995675 0.700596 -0.649005 -0.993276 0.183489 0.862294 -0.574086 0.18118 -0.387426 -0.308953 0.788811 1.20341 -1.37464 0.289873 -0.169323 0.0947687 -0.879776 0.563724 -1.15484 -0.715874 1.32518 1.53452 0.429082 -2.3271 -0.258022 1.29038 -0.0355893 0.903914 -0.729888 0.613814 -0.290874 1.0817 -0.947814 0.950411 0.431722 -1.50841 0.530681 -0.710897 -1.9739 0.305773 -0.514667 -0.218689 0.814623 0.258943 0.207166 0.126324 -0.355586 0.685361 -0.116474 -0.139626 -0.896841 1.20179 0.0615309 -1.0051 -0.908337 1.16395 0.97837 0.278363 -2.67281 2.39531 0.236184 2.78394 -1.26857 1.17911 -0.446446 -0.980941 0.424676 0.827083 -0.579356 0.348571 -0.0391784 0.294115 -0.445817 0.0703335 0.00605051 0.402522 -1.72881 -2.76342 -1.16201 -0.172621 1.09965 0.14851 2.79334 1.49579 -1.22855 -0.00649941 -0.783402 -0.0557106 -1.81229 -2.00757 -0.660864 0.95186 0.73397 0.105157 1.41988 -1.32444 -2.31379 0.0284135 1.80437 0.220112 0.783659 0.892589 -0.247825 -0.416361 0.786172 -0.115456 0.682668 -0.618725 -0.54193 0.880602 -0.344873 -0.385052 -1.01551 -1.46107 -0.610042 -0.804157 -1.66101 0.856194 0.445309 0.390753 -1.30262 -0.885756 -1.33602 1.18594 -0.536887 0.216933 -1.112 -2.14067 -0.590789 1.39136 1.90266 0.063044 -0.432061 -1.91558 1.47982 0.677434 0.626971 0.810638 0.790463 -1.77006 0.850267 -1.32381 -1.1995 -0.774728 1.5499 0.35968 1.36548 -0.491587 0.71214 -0.323917 -1.13944 -2.3255 1.42385 -0.483022 -0.430145 1.85807 0.963174 0.424259 0.229299 0.506462 -0.0235893 1.02044 -2.20921 -0.0104099 -0.600987 0.664587 0.521234 1.69965 0.18827 -0.707393 -0.83675 0.273154 0.577671 -0.0323287 -0.930847 -0.63021 0.983864 -0.156803 -0.184861 -0.620756 2.17223 0.31173 0.290721 0.0157444 -0.141155 -1.35881 0.827772 1.32699 -0.370054 -0.973708 -0.0723382 0.190327 -0.323396 0.781234 -1.65521 -0.057551 0.168733 -2.35459 1.29819 0.528433 -0.236296 -0.205936 0.718507 -0.402212 -0.373435 -1.16271 1.33122 0.150987 1.27127 0.267369 -0.261996 0.507736 -0.851461 0.534559 0.115514 -0.00476564 -0.373543 0.171644 1.09436 1.47132 0.890058 -1.34495 -0.657671 0.282307 -0.563407 0.853688 0.419654 1.25829 0.117013 -0.357694 0.560353 0.146152 1.6202 0.471288 0.406712 0.749672 0.0355974 -1.40715 0.32136 1.64491 -1.11072 -0.824291 0.219382 -0.691051 -1.15228 -0.0330659 -0.808935 0.0520809 -1.14655 0.771477 -1.34996 -1.50512 -1.34392 -1.54158 -0.225674 -0.756234 1.80425 -0.632511 0.115918 1.91941 -0.502103 -0.0846695 1.07053 -0.232146 0.35446 0.981845 -0.653166 -0.712574 -0.659255 0.453734 -0.44912 -0.189663 0.646745 -0.11446 0.818972 0.662839 -0.85467 1.37014 -2.20189 0.0751117 -0.069032 0.774358 -0.822193 -1.37415 0.77815 1.18307 -1.50894 0.754387 -0.959667 -0.874247 0.892093 0.0521026 -1.28348 0.642855 1.03583 -0.2727 1.31607 0.431754 0.69156 -0.502804 1.52411 -0.668101 0.0113355 0.962633 -1.17151 1.13068 -0.792903 -1.04871 -0.975183 -0.957595 -0.180914 1.41503 1.47789 0.224158 -0.687993 2.629 -0.0843569 -1.15404 1.30137 -0.872375 2.05687 0.566186 -0.211741 -1.10112 1.02277 0.0511845 2.4574 -1.1824 -0.867877 1.68031 -1.18015 0.943237 -0.221884 -0.79278 0.128291 -0.00638184 -0.798085 0.662674 -1.89002 1.01278 0.0431538 0.234049 -0.146891 0.235341 0.780016 -0.204902 -0.105238 0.191995 -0.559478 1.06437 0.377829 0.887298 -1.11629 -0.362852 -0.0656318 0.843611 0.313042 -0.118543 2.22999 -0.424599 -0.352014 0.150569 -1.1236 0.489553 0.848292 -0.0404127 0.819915 -0.452968 1.91652 -1.01526 -0.389811 0.761961 -0.267941 -0.552295 0.187832 0.114029 1.29096 0.294182 -0.0173152 0.748739 -0.098586 -0.979652 -1.30289 -0.654594 -0.695231 0.637349 0.443203 0.502233 0.251374 3.14582 1.17344 -0.916689 -0.274633 0.50638 0.438032 0.686116 -1.27347 -0.216728 1.40844 0.188577 1.73283 -1.5759 0.0594081 1.86744 0.975857 0.532678 1.45923 -0.326319 -1.01018 -0.486697 -0.543153 -0.603693 -0.307939 0.290429 -0.47344 0.492562 -0.752717 -0.939459 0.212189 -0.16538 2.18979 -1.33823 0.217762 -0.589088 1.22027 -0.982545 0.417331 0.336594 -1.13403 -0.134518 1.08653 1.99565 1.47817 -0.888236 -0.40312 1.3533 -1.0108 -1.34176 0.511723 0.194757 -0.952491 -0.0478026 0.629036 0.502277 -2.53338 -0.339169 -1.3824 -2.14019 0.354755 -1.15148 -1.04351 0.789417 -0.986246 -0.886711 0.121603 -1.76622 -0.659866 -1.29604 0.295585 0.264916 0.690687 0.0488754 -1.10916 0.391544 0.359316 1.7033 -0.819651 0.339651 0.658607 -0.146266 0.53874 0.627026 0.893047 0.863792 -0.528999 0.215038 -0.492427 -1.27357 -1.26154 -0.0156464 0.639592 0.208114 -1.0656 0.0991135 -1.56566 0.618033 -1.25522 -0.996186 -0.0245181 -0.200067 -0.0782087 1.1638 -0.58056 1.70459 0.630383 1.11369 1.16978 0.795881 -0.606438 2.5253 -0.0618246 -0.358385 -0.0814829 -0.325809 0.880131 0.50505 0.0677913 1.05066 0.103198 0.780919 0.980903 0.39046 0.633194 -0.136611 0.510046 -0.342146 0.934988 0.694674 -0.0227914 1.16134 -0.617916 0.106809 0.552884 0.0623657 -0.283155 0.383526 0.303226 -1.42608 1.10937 0.704199 -0.935409 0.146941 -0.231301 0.221086 0.454912 -0.695503 -0.852415 -0.734107 -0.761057 0.572079 -0.82027 -0.369654 -0.592094 0.694223 0.42673 -0.626184 0.053485 2.5116 0.825239 0.345144 1.16159 0.277488 -1.62102 -0.27876 -0.0297354 0.396268 0.0292466 -0.592833 -0.712963 -1.56894 0.100744 -1.20775 0.056653 -0.452551 1.20924 -0.330367 -1.17803 2.36873 -0.054914 0.922456 0.025023 0.432742 -0.154222 0.556973 -1.47851 -0.941559 -2.00275 0.0950742 -2.03408 -0.528172 1.98841 0.958058 -1.07488 -0.309574 0.37478 -0.935182 -0.322859 1.85942 1.20643 0.393202 0.0116243 0.325099 -0.0606036 0.201867 0.214772 -0.442132 -0.251469 -0.392057 2.87466 1.12172 0.389689 -1.09514 -0.68771 -0.931544 -0.390951 -0.199589 -0.593676 -0.392335 -0.342602 1.26092 0.950106 -1.48772 1.29532 -0.891573 0.0293586 -1.34016 0.28398 -1.22269 0.612798 -1.68879 1.64707 0.58338 -3.55029 -0.517537 0.564321 -0.317407 -0.753186 0.841187 0.564615 1.96842 -1.96137 -1.1402 0.723068 1.05886 -1.63109 0.0614618 0.684129 1.43599 0.930088 -0.441449 0.502541 0.790433 0.25343 2.29134 -0.408169 0.352633 -0.996506 1.88455 -0.148515 1.26489 -0.490793 -1.20147 -1.74457 -1.00473 -0.87721 0.909777 1.21766 0.366631 -0.557901 1.57306 -1.54701 -1.43242 -0.271766 -0.857635 1.7725 -1.56608 -0.0981795 0.493117 -0.918121 0.863914 0.334921 -0.899063 0.0120687 -1.08251 -1.23241 -0.209312 -1.0914 0.435594 -0.0972216 -0.291387 -1.93033 0.271355 -0.361829 -0.0078844 -0.355341 0.654831 0.523014 -0.224661 0.47458 -2.22877 0.74477 -1.62765 0.492907 -0.172706 -1.32777 1.70884 1.23738 -1.54459 0.698663 -0.359515 0.100059 -1.1712 0.118364 -1.58271 0.842184 -0.729426 -0.520085 -0.153295 -0.477223 -1.17067 -0.507847 0.67212 -0.48508 -1.17412 0.341242 0.975146 -0.484928 -0.588431 0.0518702 0.411543 
1.62757 0.510141 -0.905135 1.04451 -0.572921 -0.396075 1.95214 0.0939684 1.69598 -1.1356 0.343483 -0.30052 0.375877 -0.691457 -0.471766 0.160096 -0.585392 -0.704037 0.652438 1.54007 -0.233203 -0.953578 0.251671 -0.680351 0.0492097 1.22366 -0.0501503 1.89036 -1.3699 -1.12841 -0.644226 -0.608855 -1.64286 0.0555063 -0.291391 0.518117 0.636741 0.337979 1.00181 -0.126231 -0.458164 -0.881675 -0.750355 -0.168916 0.263183 -0.267985 0.15304 0.78638 -0.561491 0.183029 -1.38746 -1.02118 -0.448345 1.19532 0.566947 0.540843 -0.760714 0.84198 0.488108 0.153353 0.608267 -0.083122 -1.86365 -0.599603 -0.623767 0.335836 0.402108 -1.25968 -0.461108 0.417868 1.84139 0.934049 1.61724 -0.180467 -2.02732 0.530591 -1.25187 -0.226449 1.46194 1.06462 0.426846 0.190548 1.62353 -0.742587 -0.900905 1.6397 0.692883 0.550937 -0.479538 -1.38809 0.920858 1.19083 -0.584083 -2.59711 0.855481 0.51151 1.99647 0.157941 0.477503 -0.700856 0.568985 -0.631625 -0.456218 -0.0860401 -0.317018 2.7593 0.456054 -0.658941 -0.614187 1.94369 -1.1635 -0.228413 0.649561 -0.861432 -1.09235 0.731013 0.298146 1.35692 0.478759 1.27903 -1.26574 0.214267 2.06212 1.07434 -0.13025 1.10127 -1.4019 -1.00488 1.79299 1.84102 -1.45294 -2.42109 -2.23654 0.599251 2.68545 1.04688 -0.503462 -1.75282 0.888605 0.296743 0.346636 0.622968 -0.29202 -1.74708 1.11043 -0.636615 -0.0402669 -1.67629 0.227682 1.31915 -0.495321 -0.0878995 -0.665812 -1.57418 0.263301 1.46789 0.0645626 -2.14149 -1.0241 -1.38076 0.6292 -1.49663 -0.705503 -1.17736 -0.627123 0.71866 -0.272225 -0.724236 -0.0241831 -0.532826 0.297969 -0.683182 1.49461 0.958294 0.0279951 -0.626854 -1.19915 -0.476527 -0.744257 0.393453 -0.288719 0.360809 0.684625 -0.815037 1.48226 1.42928 0.309001 -0.647354 1.03075 -1.5406 0.110011 -0.701919 -0.995837 -0.378547 1.48171 -0.21153 -0.595002 -0.993427 0.657137 1.32 -0.215677 0.59793 0.715149 0.107392 2.21995 -0.684114 0.129822 0.83057 -2.75506 0.0430565 1.34835 -0.349567 0.443803 0.00748623 0.465294 -2.88469 -0.252979 1.34408 0.294858 1.04335 0.591131 -1.35235 -0.818341 0.866823 0.349588 -0.735018 -0.552454 0.854943 0.471888 0.919414 0.318499 0.440599 -2.63387 -0.357757 -0.0132016 0.966267 1.31356 -0.943188 0.707908 -0.596944 0.494255 0.743462 -0.0466523 1.33233 0.134534 0.85293 -0.0950398 3.41312 -0.588978 0.797582 -0.988376 -0.603055 -0.470399 0.0929435 0.966759 -1.00191 1.36317 -0.0753419 0.175697 -0.843346 -1.10754 -1.30939 -0.325889 -1.51005 -0.163781 -0.129353 -0.415981 0.653747 0.00831038 0.623855 0.0795351 -0.632332 0.329454 -1.35129 -0.30923 -1.30086 0.437859 -0.335869 -0.773107 -0.0577433 0.899216 -1.0919 1.39269 -1.58299 1.30837 -0.110213 0.971671 -0.825469 0.126877 1.85716 -1.02945 1.20089 -1.61528 -0.715324 1.48993 1.78929 -1.16785 -0.526692 -1.28342 0.532075 -0.244736 -0.517914 0.513118 -0.452612 -0.954514 -0.794955 1.62716 -0.17793 -0.535073 0.344274 0.507102 0.239373 -0.803513 0.425211 0.272654 1.14146 0.132892 1.57863 -0.780128 -1.49674 -0.644477 -0.513377 -0.828671 -0.951426 0.429462 0.911807 1.55166 1.32481 1.35938 2.23299 0.0715708 -0.695204 -1.88496 0.675369 -0.469008 0.539608 -1.1171 0.643447 -1.25318 0.813506 -0.606357 -1.9387 -1.68513 0.316137 0.0531294 -0.133125 -0.76373 -0.0960822 0.364341 -0.349321 -1.49987 -0.44959 -0.171431 0.478526 -0.979094 0.0886023 1.0615 -0.802112 1.22455 2.21739 1.18795 -0.405402 2.35738 0.461225 0.32169 -1.48404 -0.168923 1.44955 1.75162 -1.33915 -1.02414 -0.309384 0.813119 -1.464 -0.580471 3.02543 -0.859779 -0.545267 0.187954 -1.65507 1.17736 1.6043 1.21493 -0.0377652 0.862456 -0.250023 -0.0447497 0.0796298 -0.541278 -0.274617 -0.835344 1.69417 -0.586871 -0.298907 -0.783233 -1.1573 -0.817243 1.63459 -1.65657 -0.966544 -1.49982 -0.551729 0.398671 -0.998925 -0.578184 -0.757861 -0.803928 -0.752866 -0.666702 1.47275 -0.856728 0.696529 -1.69794 -0.211734 -0.00736111 -1.25947 0.383556 0.0183024 1.06363 -0.0252224 1.1028 -0.497664 -1.22119 -0.866597 1.00413 0.209684 0.128685 0.249534 -0.574225 0.393548 -0.12417 1.16589 -0.063314 1.34114 0.693498 0.58607 0.429574 0.0436567 0.72292 -0.710326 0.56457 -0.953066 -0.281123 -0.735314 0.625107 0.330549 0.320347 -0.315821 0.943597 0.429669 2.28255 2.10036 -0.220816 1.04397 -0.0666271 1.04725 -0.266081 0.0756035 -1.44573 -1.03296 -1.26672 2.94052 -1.79442 0.0447479 1.00381 -0.155782 1.89146 1.17498 0.0950883 0.04359 0.732084 0.867179 -0.557159 0.866016 -0.417192 0.180047 -1.71251 -1.40062 0.326732 -0.937793 -0.00980713 0.170409 -1.87545 1.32595 0.426069 -1.43772 1.70405 -0.845662 -1.04196 -1.21254 -1.62866 1.11244 0.234052 1.25899 -0.604403 0.708807 0.36567 -0.866706 1.90276 -0.831593 -0.427844 2.03418 0.464668 0.38221 0.476392 -0.00683356 -0.913179 0.198955 0.441816 -1.64278 -0.0464202 -0.124305 0.690448 -0.014291 -1.35985 -0.98237 0.0999117 -0.614559 0.858918 -0.292232 0.482887 -0.244764 2.03235 -0.291932 -0.118379 -1.30741 1.06835 0.938616 0.165552 0.418644 -0.308667 2.23655 1.71054 0.318024 -0.340659 -1.30048 0.451336 1.25937 1.63809 -0.445428 -0.519808 0.481161 -0.359269 -0.298385 0.175565 -0.709973 -0.749952 -0.0528937 -0.267318 -0.209192 0.812015 0.470796 -0.818177 0.486567 -1.51169 -0.413346 -1.22394 -0.776564 -0.599065 -0.419464 1.43063 -0.733877 -1.9174 0.597741 -0.749747 -0.287904 0.734556 -0.372205 1.46414 -0.0696934 1.96683 -0.58686 0.506734 0.103105 -1.57985 0.204846 -1.93409 -0.910735 -1.81814 -0.271425 0.666877 0.758654 -0.877447 0.0374998 -0.759565 -2.79995 0.876132 1.14178 0.699825 -1.36645 0.879374 -0.474752 0.628681 0.93576 0.0568313 0.0526792 -0.1743 -1.35677 1.70339 -0.718289 0.574619 0.303304 -0.671157 0.0856789 -1.29481 -1.25281 0.570589 0.787266 1.06838 0.172108 1.53033 0.715079 -0.893975 -0.941009 -0.544525 0.248844 -0.226658 0.860851 1.02921 -0.671882 -0.312047 0.621521 -0.940871 -0.509671 0.185429 0.0299953 3.03438 1.3604 0.0511639 0.995708 0.711683 -0.832836 -1.2938 -0.975792 0.494549 -1.88747 -0.499957 -0.177902 0.107327 -0.296923 0.584815 0.391737 -0.00619423 -1.09556 -0.996985 -0.127374 1.14392 -1.48549 -0.430469 0.812231 -0.650014 0.86034 0.361576 1.28887 -1.22809 0.39836 -0.547811 -1.72503 0.291523 0.943263 -1.72448 1.28079 0.981673 0.11494 -0.427298 0.640533 0.478508 -0.528696 1.33476 0.358384 0.730199 1.02539 0.322653 -1.13919 0.54769 1.2339 0.218337 -0.315183 -0.826806 -1.31646 -0.477895 -0.502135 -0.687976 -0.0825411 1.39789 0.629944 -1.12367 -1.48844 -0.00854079 0.0608602 -0.582815 0.245672 -0.365978 0.294551 0.349177 -0.261727 -0.135736 0.205518 -0.702991 0.970817 -0.755962 0.244596 -0.595662 0.477678 -0.752672 -1.02888 1.24891 -0.0484084 -1.217 1.06719 0.139644 0.835485 -0.00912755 1.70904 -0.200011 -0.106362 2.01147 0.11914 0.511335 2.16842 -0.223238 -0.759967 -0.8253 1.11198 -0.109175 -0.56982 -0.509135 -1.09325 -1.13423 1.96689 0.384627 -0.37421 -0.200674 0.358426 0.102313 0.160088 0.0225916 -0.263261 -0.224732 0.483275 -0.38785 -0.503267 0.340194 1.20087 1.01645 0.599949 -2.12345 -0.660574 -0.110633 -0.0392174 -0.635935 0.730613 0.82545 -3.28297 2.00653 0.79332 -1.02826 0.439141 -0.409586 -0.283364 -0.656825 0.323738 1.69814 0.352854 1.73337 -1.63369 -0.502224 -0.788307 -0.148752 -0.917444 0.253573 -0.870701 1.66019 -0.421788 1.10505 0.393205 -0.203944 -0.179633 0.778331 -0.694104 -0.877314 0.682085 0.216942 -1.60192 
-1.98629 -0.241695 0.841735 -0.463925 -1.43329 -0.165161 1.23179 0.829312 -0.288921 -1.13516 -0.22051 0.442736 1.35683 2.41895 0.323402 0.59035 -0.583176 0.435073 -0.571657 0.422776 -0.509219 -0.501337 0.00559204 -2.87264 0.255927 0.111245 -0.527093 -0.433007 -0.413976 -1.74785 -0.110839 1.68907 -0.830289 -1.06191 1.3308 -0.340982 0.66481 0.973663 0.479098 -2.54502 1.66564 -0.0985574 -0.710067 -0.78331 0.902796 0.662786 -1.99995 -0.863893 -0.385689 0.343728 0.356581 0.446487 -1.63543 -0.688634 -1.66633 -1.50884 -0.1944 -2.20029 -0.757594 -0.273945 -0.529248 1.63025 0.145588 -0.272278 0.023325 0.122694 0.223613 0.519674 1.59958 -0.162669 0.221188 0.282281 0.437853 -2.05409 -0.0524019 1.1214 1.67776 -1.26088 0.591047 0.787319 -2.41547 0.0625368 -0.102933 0.0392889 0.647354 0.174753 -1.08342 0.801478 -2.49156 0.541606 1.02046 -1.33572 -0.864429 -1.66424 1.08902 0.550338 -0.545206 0.846734 2.07883 -0.935944 1.52778 0.319663 0.741119 -0.757944 -0.961867 2.1054 -1.45395 1.42685 0.00820215 1.01036 -0.788007 -1.17167 1.29922 -1.81707 -1.78303 -0.973917 0.286755 2.08946 -1.11224 -2.35613 -0.822465 -0.0653797 -0.814561 0.234229 1.15643 0.029993 -1.02791 -1.35291 1.25231 -0.0653384 0.338961 0.0113996 0.665308 1.08123 1.68818 0.731366 0.5296 0.336395 -0.161584 0.182672 -1.49324 0.328595 0.143642 -0.467104 -0.619807 0.509095 0.0335182 -0.371765 -0.832501 0.843067 -0.911937 1.56071 2.37499 -0.249533 -0.444701 1.69595 -0.368374 -1.16159 -1.28541 0.639403 -0.209145 -0.123885 0.681712 -0.617233 -0.364199 1.78528 1.77062 -0.746953 -1.04615 -0.924192 -1.05719 -0.30146 -1.0049 -0.0968821 -0.0442089 -0.0179802 -0.901191 -0.316853 0.25772 0.277492 -0.741869 -0.970508 -0.135465 -0.8982 -0.612525 -2.668 -1.50126 1.30066 0.977382 -1.23402 -1.81298 0.950239 -1.81253 0.378787 -0.281964 0.802125 -2.44658 -0.425309 -0.211791 -0.189492 1.64923 1.22609 -0.289734 0.249773 -1.34955 -0.402584 0.427227 0.208496 -1.20889 -0.860028 -0.252329 1.2991 -2.52525 0.677577 -1.52078 -0.450421 -0.808114 -1.07586 1.06248 1.095 0.841727 0.103762 -1.51051 0.977655 0.201606 -0.480026 1.56976 1.25467 -0.797442 -0.299804 -0.612833 -1.12756 0.710314 0.0488166 -1.56279 -0.806029 0.741406 0.599449 -1.05446 -0.773158 0.285462 -1.06235 0.734621 1.6297 0.0163116 -1.08559 -0.19308 0.773534 -1.49145 -0.2245 -0.607094 1.80863 0.192517 -0.841064 -0.663628 0.47469 0.670074 0.464329 1.7709 -0.975934 -0.129628 0.846528 0.19138 -0.276456 -0.345099 1.53301 -0.518201 1.25381 0.268249 0.517978 1.089 -0.955179 -0.589966 -0.142405 -1.40092 -0.221231 0.775473 0.197055 0.997272 -2.11731 -2.22615 1.71243 0.333754 1.11163 -0.846215 0.391005 -0.549794 -0.28318 1.58535 0.0541357 1.08427 0.171647 -0.858132 0.297397 -1.43285 -0.482226 -1.74622 0.871016 -0.0675558 -0.544199 -0.5366 -0.268774 0.445116 1.19318 -0.536262 -2.39329 0.871147 0.65902 -0.948164 -0.00506639 -2.2287 0.688874 0.269393 0.516056 -0.312938 -0.563326 0.246865 -0.0847087 -0.7472 -0.26518 1.27766 0.096294 0.929302 1.01586 0.869259 -0.140659 0.825049 -1.15146 -1.13339 0.736481 -0.393722 0.0371079 -1.15236 0.555263 -0.0213161 -1.4202 0.244154 0.488039 1.37202 -1.32376 -0.198048 1.65528 0.666376 -0.664379 -0.618115 0.562598 0.839234 0.603568 -0.411036 -1.13753 -1.01434 -2.13755 0.877485 -1.59926 -0.341987 2.19831 0.759473 -1.24529 -0.207061 1.30941 -1.19061 0.845017 -0.533979 -0.40743 0.292265 -0.21568 -1.40088 0.857901 0.675469 -0.201708 1.57897 0.52397 0.316161 1.07603 0.616536 1.17235 0.303247 0.857632 1.2652 -0.177793 -1.74152 0.958607 0.705667 0.756071 -0.659503 -1.39699 -1.0318 -1.3092 -1.94884 -0.00342721 0.376753 -0.864191 0.63589 0.252929 1.76714 -0.0271803 -0.182449 -0.159225 0.325895 0.861848 -0.681218 0.577265 1.83761 -0.400398 0.265262 0.522093 -0.173267 -1.48172 1.32647 1.02665 -1.13726 0.02881 0.0732968 -0.795748 0.401813 -0.00648698 -0.704573 0.906853 0.384014 1.5288 -0.119344 0.645362 -0.487216 -0.276719 1.86225 0.176009 1.73686 0.3064 -0.713873 0.099041 0.803959 -0.705166 0.0440311 -0.224618 -1.20921 -0.216874 0.441079 1.33894 -1.18466 0.0307009 -0.862636 -0.203646 0.432262 -0.0916666 0.384 -0.243793 -2.68312 -0.736098 -0.201146 0.062071 -0.125793 0.822546 -0.566477 0.297021 -0.0214383 0.0953401 -1.38225 0.605034 2.13481 1.40389 0.330927 -0.545849 0.326201 1.77322 -0.00942646 2.24395 2.41205 0.698819 -0.171564 -1.56435 2.34608 0.329723 0.671149 -0.199268 -0.365109 0.153161 0.329311 0.298494 0.0012691 0.208521 0.946422 0.529575 -0.888243 -0.845763 -0.390758 -1.60313 -0.105681 -0.452831 -1.07906 1.46386 1.20259 -0.20854 -0.650633 0.834553 0.177858 -0.0254223 2.02587 0.00391492 -1.59148 -0.54561 1.11093 -0.479369 -0.862883 -0.68549 0.795584 0.240921 -1.39545 1.04155 -1.18955 0.816697 -0.0349926 -0.916181 -1.18228 -0.0522029 0.945139 1.61369 -0.670898 -1.20786 -1.35909 0.421364 0.79699 -0.964746 0.314809 1.95222 0.277667 0.837379 -0.314708 0.180288 -0.88385 0.985342 -0.585026 1.8311 -1.56782 0.173902 -1.73172 1.4544 0.16185 0.109061 0.527576 -1.01764 -0.146346 0.103571 0.238001 -1.6006 -1.79362 0.0410401 -1.11642 -1.85237 1.21173 0.54907 -0.888859 -0.413886 0.41971 0.349863 1.87458 -1.04097 1.09076 1.18617 -0.247962 -0.196592 0.293978 1.26731 -0.243003 0.31616 -0.292208 -0.340684 0.428164 -0.254512 -1.54002 0.00586527 -2.19859 0.700226 -1.21537 -0.30788 0.228486 0.641657 -0.140812 -0.230545 1.22862 -0.241028 0.85488 2.08969 0.20873 -0.855192 1.14895 -0.936812 -2.64708 -1.10228 -0.095 -0.409988 -0.992701 1.76426 0.712121 -0.459054 -1.08844 -0.582521 1.50054 -0.245005 1.85993 1.78588 -0.0654476 1.08619 -0.770245 -0.226071 0.286434 0.966459 0.0309418 -1.83034 0.168451 -2.52075 -0.282832 -0.00681257 -2.26009 0.991481 0.246857 0.432647 -1.07588 0.598522 0.27285 -0.307838 -0.358991 0.768184 1.7626 -1.03107 -2.0877 -0.0806567 0.766133 -0.624194 -0.0216116 -0.351497 0.16767 -0.733486 -0.704498 -0.28514 1.58088 -2.29895 -0.0303684 0.23514 1.49086 -0.278325 -0.555515 -1.42117 1.32184 0.336722 1.70496 0.694577 0.490688 1.2648 0.536003 -0.293556 2.26962 0.488892 -0.183474 0.583395 0.291525 0.0981366 -0.42522 0.749297 -0.658782 1.28617 0.593721 -1.55177 -0.837863 0.12687 1.84354 -0.238452 -1.08467 -0.452458 -1.74589 0.577665 -0.368252 -0.653714 -1.37617 0.974377 -0.195716 1.34133 -0.275287 -0.376301 -0.318933 0.0490028 0.0900605 -1.23454 -0.989016 0.0760395 0.472971 0.346478 1.22232 -0.58676 -0.452453 -0.47724 0.318614 -0.763304 0.362987 -1.47588 2.54619 1.10362 0.186857 1.59396 0.22576 -0.412974 1.35642 -1.01892 -1.1466 0.573377 -0.858628 1.75942 0.148787 0.402845 -0.871798 1.76673 -0.297446 1.68837 -0.0590554 -1.10192 -0.923175 -0.573801 -1.13637 0.177477 -0.754643 -1.16025 0.327658 -0.546711 -1.55586 -0.739087 -0.0953589 -0.177963 -0.0294087 -2.15747 0.930725 -0.690365 1.3651 -0.85674 -0.380743 -1.03009 0.0284577 -1.51496 0.781419 -0.484091 -0.842467 -1.09088 -1.94133 -0.712387 0.0381915 -0.537204 -0.165245 -1.12477 1.28366 0.255072 -0.556849 -1.91643 1.01283 0.0285524 -1.46429 -0.256574 0.827179 -0.416422 1.17571 -0.114688 -0.307311 -1.75154 -1.96429 -0.0112667 -2.37094 -0.384056 0.362922 1.01786 1.34657 1.72335 -1.64993 -0.188797 0.451892 0.808257 -1.75153 0.645651 -2.3019 -0.708621 0.902169 1.0192 0.25446 0.185337 -1.5552 0.172278 -1.60694 -0.268836 
0.205091 0.25691 -0.04759 1.02632 -1.30625 -1.32996 -0.792432 -1.62148 -0.856441 -0.567328 0.918115 -0.472576 -0.141445 0.502874 -1.27125 -2.14559 0.518465 -1.50005 -0.383203 0.41823 -0.505923 -0.233703 0.191911 0.628019 0.0900287 -0.652145 1.56524 -0.173164 1.05324 -0.285251 1.81452 0.418013 -0.749367 -0.517065 0.246321 1.30212 1.95183 0.57608 -0.516303 1.5025 1.98113 -1.93623 0.623853 -0.137647 -1.38969 -0.758706 0.922309 -1.39665 0.168333 -0.240068 -0.278973 0.250713 0.756037 -1.0358 1.76386 -0.427893 -0.626387 -0.229506 -0.398576 -0.439998 -0.11135 -0.249484 0.114822 0.8592 0.649496 -1.13033 -0.553138 -0.168583 -0.756564 -0.876901 1.63786 1.15064 -0.626469 -1.12739 0.665838 0.084883 1.2683 -0.631953 1.32568 1.35054 0.785492 -0.509056 -0.820927 0.68532 -0.601026 1.73736 -1.54596 0.608296 1.09926 0.350214 0.307073 1.20315 -0.258628 1.40617 0.523435 -0.0596962 0.22965 1.66827 -0.615296 -1.20415 1.11997 1.45553 0.887696 -0.640196 -1.98512 0.414051 1.01356 0.541794 -2.1454 0.777253 0.19633 0.440956 0.432777 -2.52955 -1.24831 0.3142 1.15587 -1.08197 0.966022 0.827042 -1.01625 -1.22566 -1.14447 -0.54992 -0.251106 -0.496049 0.470362 2.3728 -0.00678139 -0.669601 -0.489843 1.06056 1.38088 1.45957 -2.60229 -2.1478 -1.25369 -0.805543 -0.268086 0.766977 1.09001 -0.0389354 -0.362984 1.09754 0.17583 -0.197291 -0.106888 -2.14737 0.751903 -0.623773 0.203917 3.68469 -1.9417 0.844542 -0.691463 1.25686 0.565004 0.838938 -1.30623 -0.621318 -0.705673 1.41296 0.648611 0.00227864 -1.2001 -0.562293 0.725134 -0.628463 -0.444831 -1.04058 -0.758801 -0.709975 -0.0137474 1.86463 -0.128401 0.916506 -1.82459 0.130097 0.165058 0.0307243 -0.24255 0.504124 -0.176843 -1.51289 -0.653383 0.397832 -2.07381 -0.0340439 -1.66853 -0.288026 -0.787845 0.39268 1.33652 0.895529 1.0158 -1.20978 0.412147 0.0979687 -2.02946 -0.0989775 -0.727844 -0.806905 0.949751 0.742238 -0.191805 -0.257025 -0.951853 -1.30271 -0.335356 0.386185 -1.43603 -0.145298 -0.469414 -0.667815 1.26692 0.647599 -0.486808 -0.572729 1.57364 -0.980937 0.604963 -2.07693 0.28506 -1.46204 -1.46355 -1.3211 0.142011 0.662405 0.644637 0.142464 -1.95743 1.26331 1.33726 -1.22187 -0.408488 0.786029 -1.4482 -0.783114 -0.96907 0.442371 1.33376 -0.361193 0.0986031 0.0434873 0.064629 -0.970949 1.13244 -0.364987 -1.86231 -1.03447 1.51913 1.86265 1.39762 -1.45862 0.132457 -1.51164 0.273556 -0.253577 -0.147499 -1.00482 -1.26706 -0.240203 0.090435 -2.30065 -0.580419 0.636968 0.814436 -1.95841 -1.23405 -0.187467 0.0835984 0.312363 -0.650062 -0.502837 -0.733811 0.301607 -0.72998 -1.53304 -0.000348133 0.122716 -1.4391 0.0449782 1.09047 -0.0868281 1.39303 0.577005 1.82293 -0.799928 0.115109 0.992148 -0.574233 1.50849 0.302724 -0.29959 0.62394 -1.06956 -0.15856 -1.45515 1.10264 1.47494 -0.84827 0.265694 -0.287892 -1.40621 -0.156315 -1.28478 0.473698 1.58828 -1.84358 -0.382864 -0.0649979 1.60338 -0.427863 -1.12179 -0.95693 0.815471 1.47325 0.720642 0.0347334 -0.319035 -1.33108 0.633326 -0.183615 -1.76646 -0.21785 -0.873224 0.0410569 -0.251519 0.163318 -0.598427 0.733874 0.2397 -0.392117 -0.0111064 0.626104 0.805032 -0.0523156 0.721423 -0.667849 0.533261 -0.26804 -0.393056 -0.217818 -0.0359873 0.951908 1.1457 0.511384 1.42518 0.212733 -0.139165 0.330503 0.293545 -1.32422 -0.712819 -0.968663 0.403444 0.408074 1.39149 1.52145 -0.2416 -0.749098 -1.34845 0.13527 0.112159 -1.64188 -1.39586 1.79808 0.409011 -1.69658 -2.43501 1.48544 0.477531 1.48741 0.638144 -0.205601 -1.22351 -0.138342 -2.37462 0.181834 -1.08399 -0.513891 0.398428 0.726298 1.79514 -0.391349 0.297831 1.57938 -0.232285 -0.0191987 0.235516 0.354077 -0.174678 1.39964 -0.0231774 0.277867 -0.692271 0.381828 -0.00360462 1.20554 1.59402 -1.00789 -0.615688 0.398489 -0.576057 -0.170626 0.438829 0.61692 -0.659965 0.321404 0.283209 0.569435 -0.605379 0.56023 0.759879 -1.18009 -0.763868 1.003 0.133584 1.02217 0.812447 3.41953 0.0450934 0.87657 -1.28506 -0.274331 -1.74645 0.644686 -0.268556 -0.377829 1.78945 -0.113618 -0.301069 2.02407 -1.12607 -0.672322 0.803654 0.453945 -1.47038 -0.111456 0.363463 -0.526762 0.0785498 -0.362236 0.482298 -0.280308 0.932446 -0.628536 -1.40942 -1.15772 0.140565 -0.871868 0.416702 0.179364 -1.72589 0.13379 -1.23575 -0.44658 0.256903 -1.17422 -0.915638 0.210117 -0.680333 -1.30233 0.591375 -0.38699 -0.534806 1.05386 0.37507 -0.85813 -0.223342 0.317441 0.0488079 0.47409 0.982052 -0.504929 1.19657 0.304675 1.05367 0.760677 -1.46913 -0.812906 1.52759 0.533472 1.02518 0.468916 -1.28475 -0.852298 0.0386856 -1.50705 0.9321 -0.521801 -0.696586 -0.0348747 -2.22439 0.477675 -1.4524 0.634523 0.656944 0.775205 -0.744992 -0.922631 -0.868583 -0.0688025 -1.00657 0.0481374 -0.742572 1.96108 0.797112 0.782013 0.153883 -0.123546 0.245079 -0.0334917 1.85214 -1.16489 2.0941 0.0811176 1.21923 -0.75944 -1.2645 0.260017 0.409447 0.48657 1.61259 -0.888776 2.1679 0.764597 -2.27388 0.163687 1.01309 1.70549 0.763827 1.30667 0.137074 0.345984 -1.14696 1.32425 0.217052 1.4869 -0.054606 0.271607 -0.307722 0.472632 -0.0489552 -0.723067 0.687246 -1.98166 0.53894 0.633053 0.934811 -0.865205 0.881175 0.425576 0.677508 1.55258 1.42215 0.809191 0.982613 1.99606 2.1624 -1.26164 -0.380319 -0.522323 -0.0550886 -0.637736 -0.518439 -1.22668 -0.285744 -0.050695 -0.785827 -0.623806 0.230804 2.18354 -0.0343253 1.09243 0.413824 -1.04266 1.07451 -0.700741 0.742092 0.956102 -1.26717 0.575926 0.564645 -0.144488 0.617536 -1.77229 -0.323738 -0.491813 0.975645 1.85993 -0.129196 -0.889 -0.288935 -1.75647 -0.670071 -0.235681 0.0395249 0.888444 -0.0395439 -0.588048 1.3202 2.3611 1.58244 1.32492 -0.23641 -0.982762 -0.151221 -0.682559 0.0169426 -0.563304 -0.667692 0.403599 1.26912 0.072863 0.860263 1.29153 -0.348758 0.18643 0.437318 -1.41834 -0.424818 0.187204 -1.58946 -0.462294 -0.277565 -2.3975 0.214782 0.258453 -0.76767 -0.869624 1.85459 -0.200233 1.01522 -0.351906 0.448005 0.897918 -2.51025 0.946933 -0.0745293 0.381834 0.514318 0.19084 0.338353 0.152162 1.01225 0.264614 -0.785457 1.19308 -1.00105 -1.00931 -0.46453 0.126514 1.47232 -0.0169656 -1.83287 0.313801 -0.514576 0.987726 -1.50562 0.297099 0.53803 0.701294 -1.77657 0.936138 -0.710553 0.867889 -0.290661 -0.769808 -3.32452 -1.13428 2.28618 -1.03324 -0.678804 0.739615 -0.435602 0.158204 -1.21576 1.01404 -1.97926 0.30333 1.3448 0.828685 -0.249623 0.159754 -0.311566 -0.856941 0.809888 0.74679 0.303496 -0.833111 2.38214 0.00605338 -0.28423 -0.200558 0.652347 -0.158492 -0.227137 0.439223 -0.922462 -0.694885 -1.16146 0.138463 0.168452 -1.21312 1.91757 0.386433 -0.66559 -0.252032 -1.73315 0.764075 0.176558 2.10656 1.15288 1.10591 0.488446 -1.85029 0.610455 0.294763 -0.33152 -1.03816 -0.160411 -1.11683 -0.546925 1.23793 0.8612 1.62319 -1.95969 -0.883998 -1.63451 0.543837 0.686557 0.986817 1.06437 1.05199 0.193214 -0.0712768 -1.34591 1.45335 -1.28735 2.12476 -0.749354 0.021481 0.900068 -0.728386 -0.479791 -1.4799 -0.586563 -0.901905 -1.21263 -0.240512 -0.678896 1.87157 0.0477741 -0.315339 0.540833 0.323616 0.612189 -1.40853 -0.470125 -0.234305 0.974824 1.0601 -0.313289 -0.731816 -0.229496 1.19815 0.692619 0.880944 1.11012 -1.16156 0.0730456 -0.205745 0.330525 -0.207984 -0.883859 0.440494 -0.562427 0.239635 -0.185564 -0.798462 -0.951406 -0.562576 -0.338808 
-0.930266 0.151576 -0.203561 1.07835 1.5433 0.773853 1.40172 1.64437 -0.725146 1.05956 -1.03859 0.193652 0.713035 -0.969644 -0.046583 -0.880801 -0.701849 0.291955 0.415312 0.118644 -0.242559 -2.35275 -1.57097 -1.22081 -1.46156 1.88111 -0.560917 0.181038 -0.115286 1.10024 1.0019 2.62962 -0.728029 -0.178731 -1.52326 0.141509 -1.31886 -1.06524 -1.3049 1.25805 -0.486732 0.75456 0.109131 -0.360805 0.460259 -0.573844 -0.178795 0.636626 -2.18216 -0.157051 0.495942 -0.72377 -1.84701 -0.443812 -1.0975 0.251944 0.306193 -0.906522 -0.153782 1.1789 -1.46144 1.49436 -0.3439 -1.83673 0.815951 -0.798616 -0.284394 -1.18711 1.07422 0.69736 1.87052 -1.04377 -0.649371 -1.87107 -0.375976 0.540304 1.46351 1.44924 -0.777966 0.649841 -0.141627 0.454557 1.54992 -0.657348 1.05416 0.277825 1.76013 -0.505389 -0.6791 -0.477317 -0.146549 -0.16655 0.000118491 0.186223 0.221745 1.98269 0.812243 -2.97807 -1.99659 0.931627 -0.448125 -1.47944 0.550331 0.226822 -0.234747 0.569806 1.29313 1.77776 0.520292 0.737627 0.349936 -0.629871 1.45508 0.451995 -0.27048 0.480035 1.87152 0.268461 -0.21551 0.487402 -0.602427 1.15579 -1.0847 -1.57832 -0.136869 -0.490709 1.11089 0.544813 -1.53071 0.711033 -0.10806 -0.614248 1.99427 0.498989 -0.690506 0.407747 2.20867 -0.95481 1.09768 0.068808 -0.705977 0.892463 1.72911 0.0807327 -0.279929 -0.303707 -0.0880932 -2.87137 -0.0337155 -1.11473 -0.132477 -0.708583 0.428253 -0.323876 0.329961 0.925567 -2.66701 1.1087 0.459457 0.437156 -1.47335 0.142909 -0.799658 -0.642123 0.454787 0.166051 1.1067 -1.59794 -0.0138058 -0.743232 0.400728 1.72239 2.32837 0.102387 -0.311956 0.834138 -0.716366 -0.0800316 0.160667 -1.33441 0.440447 1.62155 0.876157 -0.133285 0.14432 0.428267 -0.502735 0.765107 -0.0580886 0.0347926 -0.364539 2.79525 -1.65497 -0.359218 -0.261811 -0.918253 0.573842 1.02989 0.731921 1.5189 0.821341 -1.03879 0.400886 1.24871 0.184332 -0.486601 0.245779 0.350977 1.19971 0.333671 0.665581 1.77764 -1.32172 0.126294 -0.182635 -0.999988 0.045756 -0.354842 2.13956 2.14642 -0.771923 0.184827 0.558272 1.10341 -0.37225 -0.310086 0.0618017 -0.638982 -0.330819 1.08315 0.197308 -0.673157 -0.00259773 0.107111 0.204509 1.9236 -0.484584 1.84004 -0.920648 0.606301 -1.41338 0.802597 -2.27543 -0.141191 -0.592365 -0.810954 -0.000830043 -1.47026 0.551121 -1.04188 1.31997 2.64828 1.53835 1.05001 0.132562 -0.469823 0.61352 1.99505 0.0496702 -0.524698 -0.766388 0.045587 -0.237845 -0.525971 0.780927 -2.03798 -2.0058 0.469633 0.518425 -1.57973 0.690316 0.230415 0.0374952 -1.05911 -0.512681 0.133592 0.451855 -0.982507 0.233841 -0.815354 0.280906 0.418318 1.88168 0.557833 0.607344 -0.949658 0.00299184 -1.219 -0.988648 -0.284601 -0.567563 0.916665 1.70945 -0.488734 1.08508 -1.44692 -0.535565 -1.62367 0.198826 -1.95425 -2.70774 -0.461099 1.56339 0.70711 -1.68916 -0.108535 -0.532228 0.878364 0.893783 -0.578374 0.0737772 0.704373 -0.598873 -0.122342 -0.848024 -0.159304 -0.874033 -0.316567 1.97239 -0.542518 0.0100405 0.234308 -0.268846 -0.0597484 -0.63031 -1.28871 0.303119 -0.542918 -0.664905 0.414358 -1.82912 0.911154 -0.480667 1.12632 -0.359561 -1.72537 -0.808909 1.60983 -0.878839 -1.29169 0.476625 1.28653 1.29535 -0.0384902 -0.148407 1.15202 -0.677262 -0.999639 -1.01434 -1.5059 -0.220783 -0.598942 0.731484 -1.16095 1.08562 1.37736 1.32118 -0.0651212 -1.05444 0.0418002 -0.502341 1.64028 0.768702 0.988611 -1.81846 -0.198773 0.0681942 -0.70252 -0.223112 0.591646 -0.243788 1.7425 -0.11394 -0.981833 0.623827 0.419604 -0.265004 -0.273477 -0.507832 0.663434 1.01381 -1.57338 1.26376 -0.0498322 -0.430153 -0.150628 -1.25754 1.30741 -0.155082 -0.215589 2.01456 -0.801124 1.46905 -0.311856 -2.13345 -0.0891746 0.20544 0.727969 -0.0318171 -0.102652 0.900284 -1.35028 0.477368 -0.513887 0.154628 0.14069 0.198544 -1.29733 -0.345826 1.01488 1.10519 -0.167798 -2.72461 -0.555578 0.245639 0.193828 -1.35496 -1.87441 0.948038 0.609311 -0.221735 -0.359173 0.297774 1.54491 0.335904 -0.624882 0.779141 -1.33892 1.73045 -0.254874 -1.03812 -2.30515 -0.520857 0.450634 1.31914 0.3082 -2.78947 -0.393029 0.500786 1.71641 -0.024837 -0.738106 -1.64605 2.15947 0.234859 0.642003 0.323469 0.395925 0.848215 0.441052 -0.79929 -0.743699 -1.11259 0.522637 0.881075 -0.883196 0.950938 0.679917 2.84109 0.44383 1.26473 -2.46012 -0.1838 -1.07535 -2.09583 -0.197588 1.27413 1.30625 0.281979 -0.406296 1.19724 0.114337 0.668791 0.562641 -1.51918 -0.888179 0.360241 1.14304 0.327642 -0.309395 -1.77907 0.396644 -0.126781 0.535419 2.67837 -0.658244 -0.870028 -0.990884 0.201346 0.277917 1.2053 -0.7512 0.0569017 -0.953655 0.796667 -0.42988 -0.971096 0.650738 -0.561593 -0.220529 0.331765 -0.269289 1.25188 0.0834608 0.511156 0.126042 -1.2445 0.204768 -0.0160929 -0.622982 -0.0121158 1.16108 1.45411 -0.229359 -1.01592 -0.682676 -0.565521 0.719201 -0.553605 1.09963 -0.444566 -0.622332 -0.0998361 -0.523977 0.565968 0.523381 -2.04597 0.332136 -0.314625 0.418897 0.419417 -0.189722 1.20391 -0.835068 -0.930508 -2.34485 -1.62205 -0.391738 0.778314 -1.21349 -0.676323 -2.16928 -1.20212 0.00394289 1.95031 0.0118708 -0.0457766 -0.188849 -2.2581 -1.53725 -0.620969 0.978253 -0.0328444 0.0200253 1.39167 -0.648595 0.243229 -0.710913 0.755288 0.473864 0.0420737 0.213205 -0.0561902 1.63806 1.89518 -0.30768 1.43005 -0.160935 -0.0577103 -0.744097 -0.488363 -1.68985 -1.15801 -0.181844 0.636384 0.539893 1.24866 0.0411058 0.48666 1.42093 -1.4383 2.65604 -1.56632 -0.350137 -0.348112 -0.702569 1.20246 -0.635689 0.32255 -0.0772852 -0.737929 1.11203 -1.30448 0.203631 -0.185301 0.293638 0.894735 0.135739 -0.993224 -0.843453 -0.41949 -0.986873 -0.365866 -0.171973 -0.220347 -0.947396 -0.712977 -0.246056 -0.216109 0.434677 0.44102 1.24132 -0.00943906 -0.781707 0.280186 0.490471 0.719438 0.0437192 -0.929773 -1.19971 -1.26881 1.58993 1.20963 -2.05896 1.47074 -0.255431 0.0218264 -0.274167 -1.64946 0.895 -1.63812 1.02205 -0.134349 -0.169654 2.46801 -1.05376 0.294463 1.86168 1.64058 -0.909735 1.13983 1.3632 -0.298882 0.220743 0.0138229 -1.02752 0.0115192 -1.4468 -1.77801 0.975986 1.66202 -2.625 -0.326043 -0.73644 -0.334196 0.757043 1.00513 0.25562 -0.964844 -0.722888 -0.964863 -0.175143 -1.35162 0.921475 -0.0596348 -2.20299 -1.72788 -0.480366 0.058035 -1.35897 0.471615 -0.957834 0.739536 -1.18908 -1.66431 1.29379 -1.90946 1.57793 -0.388717 -0.250369 0.936903 0.82201 0.663662 -1.11024 -0.154605 -0.0154467 -1.97699 1.26982 1.04644 -0.581199 0.624494 -1.15931 0.103782 0.6603 -0.754486 0.771257 1.62593 0.0838944 0.402043 3.29573 -1.73696 1.35745 0.00279835 0.2671 -0.234298 2.27834 0.189364 2.35404 0.123783 1.25209 0.155562 -0.0527639 0.5222 0.0275975 -0.149608 -0.863447 0.280162 0.473904 0.310841 -1.73464 0.948452 1.02252 0.44697 -1.35267 -0.13393 0.667497 0.792752 0.621465 0.50123 -0.441821 2.85377 1.35316 -0.738988 0.0813779 0.328166 0.950683 -0.0222584 -1.78062 0.441626 1.55349 0.457152 0.586903 0.142229 -1.46323 0.371491 0.11738 0.857556 0.917244 -0.777763 -1.1804 0.990267 -0.90979 0.971253 0.206363 1.32077 -0.671738 -0.177249 -0.0259111 -0.140355 1.96446 1.16087 0.184479 -0.0361352 0.252816 -0.373399 -1.6532 1.11979 -0.0541022 -1.77244 -1.01241 1.51644 -0.819942 -0.535235 0.950886 -0.817862 -0.552334 -0.464352 0.982794 -1.68312 1.28765 0.841894 1.10779 -0.289151 1.13042 


-0.777243 0.635236 1.08797 -1.75285 0.857713 -2.56779 -0.895642 -1.20134 0.350222 -0.896099 0.591569 -0.597776 1.33197 0.178397 -0.933308 0.63294 
-0.947692 -0.0327475 1.12588 -0.0784851 0.170695 1.5174 -0.582382 -0.690851 -0.618977 -0.648497 -0.048799 -0.139172 0.116486 0.674492 0.262068 1.22818 
-0.111813 1.80886 1.01879 0.887793 1.3436 -0.0557932 -0.172039 -0.0185266 1.2595 -0.146739 -0.0181405 -1.4223 0.808562 -0.619455 -0.900959 -1.45924 
0.143674 -0.93499 -0.542493 0.0954552 0.607099 1.99275 0.192452 0.234227 -0.413188 1.89851 1.76215 -0.91187 0.926254 1.91873 -1.08137 -0.371871 
1.13641 -0.596368 0.222791 -0.269485 1.68209 0.621187 -0.196417 -1.11766 0.319239 1.65818 -0.399342 -0.0855909 0.136753 3.75718 1.25379 1.21157 
1.22485 -0.135918 -0.0538211 -0.955128 -0.537432 -1.26818 0.379572 1.61556 -0.310067 -0.470363 -0.207122 -0.502083 -1.29703 -0.585528 1.85728 -1.3647 
0.00674591 -0.684865 0.629674 -0.0634437 1.2229 0.260039 1.02997 -0.0937929 -0.580667 0.271167 1.87905 3.55826 0.560641 -0.84407 0.319008 0.0940023 
-0.00355332 0.157985 0.41346 0.548059 -0.605407 0.859481 -0.0641875 -1.46937 -1.98625 -0.0719813 1.43736 -1.68692 -0.802817 0.016825 0.354599 1.45295 
0.669944 -2.2866 0.237348 -0.715647 -0.262958 -0.172345 -0.537521 -1.93988 -0.863286 2.00097 -2.33059 2.06111 -0.474282 0.153802 -1.423 1.15129 
0.34186 -1.29771 -0.549097 1.54317 1.74306 -0.409788 1.43561 1.80042 -0.476433 2.30371 -0.854239 -0.0943784 -0.818801 -1.87198 0.433327 -0.207261 
-0.900738 -1.6059 0.463586 0.522548 1.65386 -1.06573 -0.367902 0.622594 0.32935 -0.421904 -0.264659 0.0163247 -2.61724 -0.370096 -0.2702 -0.128475 
0.186737 -0.294554 -1.7628 0.681095 1.08181 0.949279 0.225279 1.37322 -1.3532 0.179587 1.44032 0.729932 0.143905 0.0755605 0.73107 -1.74687 
0.322449 0.562614 -0.965073 0.720423 -0.070213 1.28856 0.362322 -1.87944 -0.123676 0.217748 1.24313 -1.35821 1.14235 0.321914 -0.00289972 -0.496187 
1.42748 -1.06503 0.683211 0.169204 1.68564 -0.75073 -0.744676 1.2107 0.4658 0.595723 -0.895331 0.468083 1.36996 -1.54468 -0.950681 -1.49264 
-1.86318 -0.947788 0.0202413 -0.119628 -0.528353 -1.38181 -0.755115 -0.50201 -0.125041 -2.46434 -0.276559 0.825116 0.854352 0.505437 1.7819 0.294001 
1.54446 0.0701889 -1.11763 -0.43649 -0.996778 -0.260015 -0.477188 -0.120881 0.963791 0.701748 -2.07409 0.24701 -0.0652465 1.45753 1.50901 -1.16856 


0.0466887 -1.08298 -0.057432 -0.598156 -2.73592 1.57297 1.26941 -0.38254 -1.00577 1.02924 -0.195673 -0.941631 -0.683082 0.490403 0.714344 2.22404 
-2.09479 0.456436 -0.674806 0.266356 -0.0594302 0.337451 -0.463423 -0.938486 -0.354235 1.0985 0.859518 -0.814802 1.33855 0.298776 0.798714 -2.28959 
1.45764 -1.10068 1.04162 0.124671 -0.201931 1.16928 0.219487 0.219193 -0.737852 -0.689312 -0.163669 -0.408461 -1.46532 -0.520869 -0.0101032 -2.02211 
-0.117179 0.537696 -0.309129 -0.0790874 0.0941105 -1.14719 0.0301491 -1.17222 -2.19059 -0.977099 -0.784012 -0.0620824 -1.4364 1.17629 0.368298 -1.17427 
0.324958 1.11937 0.753272 -2.00219 -0.205046 -0.236708 -1.30787 0.941299 0.372696 -0.764316 -0.755191 1.00908 0.27619 -1.06415 -0.632863 -0.584517 
-0.0508994 0.665304 -1.48279 -1.49177 -0.464354 -0.448789 0.559016 -0.445454 0.914094 -0.048983 0.514683 -1.01028 1.85985 -0.0623233 1.46551 -1.97285 
-0.640833 1.05962 -2.93335 0.749612 0.781682 0.480073 1.23315 -0.323997 0.0871806 -0.266144 -0.266466 -0.396955 -1.92141 -0.127875 0.404594 0.0646261 
-1.96532 0.950975 -0.867846 0.442746 0.781575 -1.15123 0.693895 -0.783936 -2.04325 0.884004 -0.910255 -1.64588 -0.865783 0.937058 -0.236481 0.0453898 
-0.346636 -0.451226 0.454015 -0.46395 -2.1376 1.09315 -2.01715 1.04164 -0.184358 0.676893 0.709961 -0.818072 -0.756778 2.21831 0.458387 -0.952936 
2.64328 -0.987963 -0.772867 0.836244 -0.110318 -1.47228 -0.785706 -0.729206 0.237975 -0.616473 1.14025 -2.57693 -1.93204 0.849932 0.338779 0.660766 



